"price","encoded_region","experience_days","transaction_count"
16297.95,0,147,19
19587.55,0,97,21
11388.41,0,119,17
10958.58,0,89,14
9828.55,1,105,25
26285.07,0,123,20
3102.25,0,128,21
12728.73,0,95,23
14699.63,0,68,21
19304.5,0,94,22
7718.09,1,94,17
14346.29,0,99,22
13150.81,0,122,15
14096.7,0,80,21
9751.35,0,67,26
16891.58,0,115,17
8146.03,0,99,13
13419.42,0,107,19
16971.75,0,73,15
9562.75,1,86,22
7688.32,0,96,20
27791.88,0,142,26
15439.43,0,135,20
23657.07,0.5,101,22
21075.63,0,121,20
16497.72,0,89,26
14137.71,0,92,18
20662.48,0,98,21
15115.99,0,72,21
21679.37,0,100,32
7612.22,1,105,22
8266.2,1,78,27
15194.62,0,71,14
20365.77,0,161,21
21748.48,0,90,16
20976.4,0,109,22
14889.1,0,90,23
18492.47,0,131,19
18362.03,0,92,14
11041.77,0,109,20
13910.47,0,115,20
15115.35,0,89,28
15576.97,0,87,21
13614.6,0,121,24
15184.42,0,126,11
17376,0,104,32
23537.45,0,75,15
20380.03,0,117,15
8271.43,0,85,28
7798.76,0,97,20
13030.36,0,127,15
17905.31,0,67,30
14146.06,0,115,18
10470.73,0,106,7
15781.07,0,105,26
13133.87,0,105,21
13270.64,0,94,20
13208.56,0,103,15
14334.67,0,93,21
14552.02,0,105,22
18139.65,0,88,16
7855.86,0,106,24
15862.77,0,129,27
11044.25,0,81,23
21310.2,0,91,24
13652.97,0,89,27
15784.91,0,123,15
11197.01,0,93,23
21853,0,120,19
15187.91,0,99,11
17247.47,0,87,18
28943.44,0,117,13
12657.57,0,87,19
20063.03,0,90,15
14781.3,0,91,16
22033.49,0,119,21
17099.64,0,142,31
16550.43,0,73,20
20595.23,0,83,27
8509.3,0,79,24
8587.59,0,74,13
23297.14,0,104,15
18918.73,0,103,27
17888.55,0,93,22
13663.77,0,90,22
11771.54,0,113,31
7302.22,1,59,13
10869.01,0,126,26
20275.19,0,102,19
10603.65,0,117,23
8614.36,0,98,26
11829.39,0,101,28
18323.5,0,94,22
12452.09,0,89,22
17036.82,0,120,14
23388.74,0,102,30
9739.72,0,76,21
11815.46,0,108,22
17826.96,0,82,19
16900.79,0,57,9
7499.7,0,98,23
17478.94,0,98,25
15064.07,0,109,18
9326.99,1,127,23
17224.2,0,118,18
17963.58,0,85,25
8714.49,1,111,18
19739.3,0,102,26
16732.84,0,110,26
12206.92,0,92,15
11210.47,1,87,29
12571.47,0,121,18
25823.49,0,102,23
11492.33,1,114,22
11575.26,0,87,28
9753.77,0,45,28
10985.86,0,91,18
8795.89,1,103,12
16050.46,0,140,20
10658.8,0,99,19
14239.09,0,54,21
13769.32,0,90,16
13859.23,0,80,23
20398.69,0,110,22
13327.73,0,95,28
6719.12,1,113,25
12330.07,0,118,22
17529.91,0,81,14
14589.61,0,121,22
16344.38,0,86,23
15216.21,0,96,21
19320.39,0,93,20
13660.56,0,58,21
17644.52,0,93,28
10174.1,0,59,12
13875.45,0,70,20
26281.82,0,104,23
14356.29,0,107,17
9909.27,1,114,26
9459.02,0,87,23
13231.55,0,110,30
15142.33,0,123,23
25099.27,0,91,16
13771.44,0,111,20
12532.49,0,67,32
17324.17,0,92,29
15892.29,0,100,24
20748.44,0,110,30
17610.95,0,81,22
13780.4,0,95,16
7997.6,0,102,20
12048.39,0,118,27
6385.08,0,116,15
18153.69,0,97,25
11882.8,0,106,20
17759.87,0,106,20
14262.73,0,84,19
10969.56,0,148,21
11145.15,0,104,14
12023.34,0,110,15
19812.14,0,73,13
12651.84,0,95,13
11793.9,0,96,29
16303.89,0,116,20
20330.56,0,110,26
9463.63,0,96,18
7666.71,0,110,19
21493.77,0,108,16
16035.96,0,121,21
15413.43,0,123,23
14968.38,0,110,16
10470.1,0,77,19
10248.55,0,94,25
16770.45,0,93,13
14313.83,0,131,21
16405.65,0,96,8
22025.09,0,87,10
16557.5,0,140,19
7414.21,0,131,23
23004.31,0,98,28
14551.12,0,110,24
15163.36,0,77,20
18754.41,0,112,20
14375.84,0,89,21
14727.86,0,97,17
19036.83,0,83,27
20877.88,0,57,26
14403.45,0,72,10
6492.49,1,117,22
11935.97,1,73,23
6298.47,0,88,20
25346.24,0,81,23
7832.89,1,97,24
3918.13,0,112,24
6134.73,1,93,23
11511.75,0,81,11
15106.79,0,112,22
13482.49,0,102,18
19021.95,0,129,21
17787.77,0,98,19
18561.38,0,120,22
7426.55,1,92,19
9008.91,0,119,24
9096.07,0,102,12
13598.69,0,89,25
20060.48,0,101,18
8540.92,0,105,12
16005.69,0,134,15
27712.78,0,120,15
19846.72,0,92,24
25943.57,0,99,16
17847.9,0,115,19
17722.1,0,70,11
17290.07,0,104,24
10802.15,0,105,20
23800.41,0,124,30
8466.65,0,113,17
26374.58,0,115,19
15309.29,0,108,17
4752.52,1,118,22
16692.33,0,150,11
9853.18,1,103,14
20485.72,0,119,14
14721.49,0,123,22
6283.49,0,75,13
17474.8,0,98,26
23305.33,0,92,21
14798.17,0,84,21
16724.46,0,84,13
6801.4,1,87,22
11262.64,0,87,25
13876.93,0,118,12
16363.55,0,114,24
8934.73,0,98,16
10301.07,0,100,24
14378.26,0,137,27
15108.94,0,73,20
13448.18,0,104,22
15168.18,0,113,27
19644.98,0,105,15
18503.38,0,91,17
13158.78,0,109,27
10201.07,0,96,19
11263.2,0,88,13
16094.85,0,100,20
23874.7,0,104,16
24126.48,0,101,25
11953.77,1,124,25
10232.41,1,119,21
13493.96,0,117,18
11812.06,0,87,21
18477.49,0,118,19
9181.94,0,101,17
10897.69,0,117,25
10135.77,0,107,17
11244.56,0,91,19
17047.88,0,104,23
5412.71,0,89,17
17832.78,0,94,16
12496.98,0,134,23
8976.17,1,128,15
14069.87,0,92,23
20981.6,0,90,31
9513.92,1,124,14
6042.28,0,100,12
17664.94,0,107,23
17342.18,0,99,24
15698.46,0,124,21
23055.94,0,106,24
23099.66,0,95,19
17992.67,0,117,20
15533.26,0,119,19
12111.43,0,110,21
4653.12,0,130,31
7348.91,0,92,20
14501.45,0,96,10
9756.84,1,91,23
16446.1,0,118,20
12723.42,0,99,16
21441.5,0,95,16
13516.03,0,40,23
15049.8,0,103,17
16985.55,0,97,26
22982.76,0,155,18
8061.96,0,77,6
28322.56,0,116,14
15692.11,0,111,13
27842.12,0,100,13
9169.92,0,108,22
24082.35,0,118,25
17556.46,0,96,24
12882.19,0,88,20
13269.42,0,88,24
11292.52,0,56,8
9951.78,0,95,17
23032.28,0,100,22
8154.06,1,127,14
4305.91,0,111,22
17517.99,0,117,23
12945.67,0,77,12
16532.92,0,110,18
16613.72,0,84,25
21830.4,0,106,24
12055.92,0,133,27
23489.16,0,74,30
15281.82,0,100,19
14502.03,0,98,17
13949.01,0,112,22
5724.19,0,141,12
17075.02,0,56,19
17512.53,0,123,20
9590.94,0,86,21
26508.86,0,102,14
19277.75,0,122,15
16415.75,0,131,10
13313.61,0,129,28
23098.92,0,135,15
18174.45,0,58,10
19094.94,0,89,21
12168.6,0,94,19
10262.36,0,111,10
23117.08,0,82,30
12943.57,0,91,18
17049.94,0,99,22
19411.65,0,64,20
16581.61,0,108,26
3665.04,0.5,99,23
11204.47,0,120,31
19342.23,0,79,18
9663.5,1,98,15
11206.8,0,123,16
15908.97,0,63,16
9401.15,0,115,21
11197.23,0,98,24
17914.03,0,74,18
15012.9,0,85,17
11725.9,0,82,20
12436.21,0,104,24
17251.91,0,132,21
9754.13,1,105,23
18331.29,0,89,21
23169.06,0,94,17
16100.55,0,109,17
13907.83,0,102,27
7762.29,0,112,23
10724.73,0,103,11
11803.24,1,101,23
9196.74,0,77,19
16074.4,0,77,19
10693.69,0,80,18
10290.93,0,99,23
10006.81,1,98,6
15910.48,0,143,26
16674.87,0,124,29
24245.03,0,124,17
12264.75,1,114,38
14995.31,0,94,18
25922.25,0,108,21
15328.71,0,98,16
18485.98,0,82,19
18432.76,0,106,21
20560.37,0,83,22
17626.05,0,147,15
23418.58,0,94,22
12338.24,0,99,13
20221.08,0,76,17
9772.39,0,74,10
16552.29,0,113,22
7317.16,0,110,22
14149.99,0,126,18
9812.09,0,83,26
9507.62,0,90,23
16669.24,0,147,21
30000,0,116,17
13344.33,0,101,19
7636.3,1,91,15
9106.17,0,90,18
16212.29,0,85,13
7479.01,0,117,21
7259.95,1,96,19
21155.97,0,95,20
12640.65,0,78,18
19469.28,0,137,27
22655.62,0,108,29
14514.41,0,86,10
9029.52,1,97,20
22172.48,0,84,21
17441.33,0,92,19
21649.05,0,84,27
15120.41,0,117,13
9284.56,1,116,17
29645.45,0,118,20
25700.65,0,95,27
22966.1,0,89,20
13168.71,0,35,18
9372.39,0,114,26
12870.69,0,81,21
21589.29,0,134,19
17448.31,0,95,20
11951.78,0.5,102,28
11523.01,1,119,14
2705.9,0,87,27
13704.64,1,109,19
26887.21,0,124,18
12649.46,0,104,23
13648.95,0,136,12
13289.61,0,92,24
16010.4,0,117,21
23647.51,0,114,24
10639.92,0,104,33
21671,0,126,27
19069.3,0,97,19
20606.1,0,97,15
12042.38,0,103,30
17948.01,0,114,20
6437.39,0,82,20
6478.19,1,75,23
14060.65,0,80,19
14697.41,0,90,11
10573.36,0,117,25
11778.63,0,108,18
17158.68,0,101,19
16805.91,0,116,23
12717.67,0,122,26
15694.62,0,69,23
14515.18,0,98,20
17747.07,0,96,22
14792.16,0,126,15
13266.92,0,92,23
13659.57,0,103,11
10432.65,1,123,19
16807.49,0,129,19
18504.26,0,116,16
18264.5,0.5,99,20
14891.28,0,107,11
16603.97,0,58,26
7583.41,0,72,25
15690.6,0,67,19
8262.7,0,121,18
10043.7,0,116,18
10083.2,0,122,17
16582.21,0,115,15
7263.2,0,96,19
12333.58,0,110,21
10493.39,0,113,18
15583.67,0,125,26
18023.41,0,85,25
16996.62,0,107,14
20175.01,0,74,25
12119.01,0,63,16
21973.68,0,70,29
10240.34,0,62,23
14186.76,0,82,19
9247.56,0,75,20
10002.96,0,136,17
19624.4,0,115,20
9909.48,0,95,21
11457.54,0,92,17
4313.92,0,129,18
17867.01,0,105,20
9536.85,1,85,18
7463.5,0,97,15
11391.35,0,101,19
12082.79,0,98,18
19599.15,0,144,29
18961.97,0,119,28
9271.71,0,112,16
23829.79,0,90,25
6820.45,0,131,22
14533.32,0,116,17
12550.2,0,67,13
16424.12,0,86,14
19555.99,0,132,24
17609.32,0,63,19
11113.31,0,91,24
8634.91,0,103,20
11427.15,0,77,19
20361.86,0,125,24
3660.5,0,89,17
20168.12,0,92,25
14930.54,0,68,14
14458.83,0,100,22
11642.54,0,88,11
21834.46,0,91,12
7973.4,1,96,16
21689.34,0,123,16
15242.34,0,87,18
11793.18,0,87,25
19003.42,0,102,19
5930.48,0,107,18
10577.66,1,63,31
18425.18,0,73,17
17869.68,0,101,14
16422.53,0,117,21
14308.48,0,104,30
24223.64,0.5,88,7
10027.07,0,96,21
17351.04,0,119,21
11999.85,0,115,22
20976.71,0,77,29
19735.74,0,120,18
15317.51,0,87,23
26040.95,0,112,12
4053,0,97,18
19405.88,0,97,31
10234.98,0,112,16
23849.43,0,150,15
9143.4,0,99,21
7774.25,1,84,27
14230.66,0,121,16
16371.35,0,94,15
18339.59,0,99,13
12675.13,0,81,25
12703.92,0,109,16
15318.52,0,71,15
13766.75,0,76,17
18688.68,0,109,6
14302.55,0,127,14
17090.97,0,118,13
13897.71,0,115,19
17653.7,0,69,13
11316.15,0,109,21
10943.97,0,86,18
15004.83,0,101,19
12452.98,0,127,25
10087.46,0,69,18
9319.17,1,118,19
26199.97,0,64,20
15016.08,1,72,30
16982.8,0,104,16
6138.28,1,133,17
22677.01,0,89,22
19760.54,0,82,18
12315.74,0,100,21
15100.15,0,120,18
20127.64,0,117,19
23864.24,0,98,20
18469.83,0,120,14
11023.38,0,104,26
9349.81,0,98,19
11847.9,0,101,25
7548.51,0,123,27
15084.95,0,84,22
17049.28,0,80,18
22033.2,0,94,19
9900.85,1,98,13
19466.48,0,111,21
7552.38,0,108,22
19119.84,0,136,23
18901.86,0,94,19
7119.91,0,138,13
22207.22,0,128,17
16763.29,0,117,15
13242.99,0,106,21
18346.99,0,104,16
9376.15,0,63,17
23165.2,0,70,23
22062.41,0,84,30
15673.76,0,102,11
19342.84,0,125,20
25007.32,0,81,15
10090.19,1,106,17
14380.87,0,57,24
27754.43,0,149,21
15929.28,0,96,24
29173.58,0,62,25
16865.95,0,121,27
20046.11,0,125,29
22137.14,0,115,13
12161.97,0,119,14
20922.22,0,96,18
10650.34,1,126,15
19474.71,0,95,14
9246,0,62,23
7238.36,1,138,19
15961.01,0,124,21
10905.88,0,115,19
26368.46,0,75,17
15205.32,0,118,24
14570.89,0,97,16
16494.72,0,123,31
14056.47,0,139,27
12522.15,0,90,16
8355.13,0,111,15
11759.37,0,127,21
5228.03,0,122,25
18056.67,0,101,15
8181.7,0,89,19
11599.59,1,113,19
5168.52,0,114,20
16548.42,0,83,11
18455.21,0,69,19
10258.67,1,111,22
14954.72,0,100,30
19489.19,0,85,22
23033.64,0,100,20
17917.58,0,120,27
17009.11,0,106,25
19528.57,0,96,22
12486.69,0,86,24
15858.77,0,101,16
7929.87,0,95,18
15517.96,0,101,22
24325.41,0,116,31
11051.43,0,121,17
14860.63,0,72,15
14375.74,0,111,23
17005,0,92,20
21159.35,0,112,22
7681.6,0,57,19
19970.77,0,151,27
10650.54,0,99,22
12718.52,0,96,18
18601.97,0.5,105,14
19492.9,0,82,26
18190.48,0,101,20
0,0,109,18
11668.94,0,93,23
14657.06,1,118,20
8742.89,0,91,11
5737.32,1,112,25
25620.68,0,95,28
16286.18,0,64,24
20307.42,0,106,20
16344.79,0,102,16
7410.96,0,115,19
14751.46,0,132,17
16164.92,0,101,28
16325.48,0,125,23
17688.2,0,101,23
12873.63,0,90,21
4172.7,0,90,20
23745.8,0,119,32
12533.29,0,101,19
10156.45,0,115,25
10702.94,0,102,17
9139.95,1,81,20
17102.16,0,102,22
10469.19,0,82,14
10008.76,0,60,18
21387.23,0,82,20
9724.27,0,71,18
6593.45,0,76,22
5076.3,0,85,22
16723.2,0,116,19
15253.58,0,92,24
16460.92,0,91,21
14795.2,0,78,20
8615.75,0,97,20
12816.35,0,119,21
906.48,0,116,19
11580.7,1,115,28
10370.22,0,109,16
22442.01,0,76,20
16152.42,0,105,21
15897.04,0,88,29
8567.46,1,96,19
16469.16,0,123,24
6795.79,0,102,8
25437.97,0,108,13
9548.2,0,109,18
18727.95,0,111,17
19835.13,0,79,8
16421.08,0,108,25
22445.37,0,117,31
7582.15,0,81,10
7104.86,1,90,18
17905.85,0,59,17
18609.86,0,106,22
18146.37,0,97,13
26701.92,0,77,24
18261.22,0,91,22
12731.57,0,71,22
15986.41,0,118,19
18459.1,0,85,18
14991.6,0,111,20
16253.77,0,95,14
29706.03,0,109,20
19145.24,0,87,20
17030.99,0,118,22
19529.78,0,98,13
17478.8,0,109,28
13430.93,0,109,25
11956.66,0,115,29
3341.86,1,101,26
12288.67,0,109,15
13827.57,0,89,10
12441.11,0,57,17
19502.22,0,119,18
12039.11,0,101,25
13634.42,0,84,11
17331.76,0,82,16
12526.07,0,99,22
17062.03,0,62,16
10351.52,0,125,30
11792.88,0,95,15
21587.77,0,102,22
20861.29,0,109,20
16850.21,0,67,11
8117.41,0,133,20
6907.92,0,134,22
15422.66,0,69,16
22002.7,0,75,28
20217.09,0,106,22
13143.33,0,115,13
7628.54,0,47,25
17816.97,0,151,12
16022.91,0,81,11
13468.82,0,95,11
3110.85,0,99,23
3975.62,0,92,24
15068.24,0,87,19
18015.85,0,101,20
8164.59,0,128,22
16741.86,0,127,12
13507.17,0,73,24
16045.67,0,90,17
16716.8,0,135,27
15786.39,0.5,131,24
12482.3,0,80,11
14595,0,137,17
16344.36,0,80,16
13787.15,0,87,10
12877.89,0,104,23
16573.89,0,96,16
20156.01,0,63,18
17351.99,0,75,18
11852.8,0,116,25
14019.2,0,49,18
14082.54,0,109,24
11368.27,0,72,28
16295.64,0,97,31
17527.8,0,99,17
7159.52,1,125,21
15454.92,0,91,26
17193.08,0,89,16
9954.51,0,117,20
11437.97,1,92,28
16761.27,0,110,20
13909.97,0,121,16
2457.4,0.5,85,15
15861.6,0,115,23
19565.71,0,93,26
9081.23,0,110,8
18305.57,0,92,25
13002.6,0,133,18
5341.56,0,120,18
21216.74,0,96,28
13865.78,0,47,28
9512.7,1,126,18
16050.4,0,96,18
12174.75,0,73,13
14344.98,0,102,18
16547,0,100,20
16230.55,0,91,22
26007.82,0,121,27
12970.09,0,83,23
19390.98,0,104,17
10104.68,0,75,21
18197.54,0,108,15
14652.68,0,106,16
11800.63,0,70,23
21996.66,0,93,13
10607.34,0,114,27
17671.61,0,124,28
16564.55,0,111,19
10789.75,0,93,19
10017.41,0,144,18
12933.5,0,91,16
21729.9,0,77,21
8049.55,1,87,14
13108.74,0,127,15
10528.73,0,92,17
15221.3,0,111,20
18124.88,0,133,20
13985.31,0,93,11
13261.71,0,87,23
21326.36,0,90,19
17334.6,0,156,15
20304.11,0,84,18
13293.03,0,106,25
15615.61,0,118,15
10134.54,0,77,21
9572.16,0,108,28
19808.81,0,119,19
22567.17,0,100,22
18018.65,0,84,18
9580.8,0,96,18
16541.15,0,107,25
8546.26,1,90,21
10194.15,1,114,25
15610.06,0,95,21
21182.31,0,87,19
11531.52,0,130,15
16886.11,0,71,17
22556.63,0,106,20
16185.76,0,95,13
5180.02,0,98,29
11014.29,0,98,24
12544.12,0,84,21
16782.1,0,87,16
14847.62,0,90,15
15417.14,0,119,22
19308.17,0,119,28
9407.52,0,115,21
10470.38,1,118,21
14105.03,0,144,22
17547.31,0,155,17
10976.44,0,91,21
17964.72,0,65,26
15407.02,0,111,7
25136.77,0,85,15
18696.33,0,107,22
16255.53,0,77,20
21246.08,0,110,14
16733.94,0,76,17
17034.55,0,139,28
15826.15,0,82,22
11798.45,0,122,16
17546.47,0,81,20
16302.15,0,108,25
19329.15,0,91,19
20534.96,0,114,17
19050.61,0.5,127,24
20885.84,0,135,17
15512.55,0,105,21
17337.62,0,78,19
13257.21,0,85,17
20460.35,0,140,20
13194.12,0,103,21
18229.92,0,91,16
16588.55,0,110,17
15770.41,0,72,18
6888.96,0,92,18
13623.55,0,84,25
16144.32,0,49,21
10394.35,0,109,22
14441.5,0,89,16
13747.25,0,105,23
12561.59,0,117,21
9478.15,1,99,27
20194.63,0,120,18
18441.55,0,82,25
14599.08,0,101,16
15090.72,0,80,15
12075.13,0,126,22
22407,0,116,18
22053.99,0,76,17
13866.83,0,113,16
10555.28,0,108,13
19259.28,0,113,13
17578.82,0,143,27
20248.75,0.5,84,23
12917.45,0,105,29
12409.55,0,116,19
17786.01,0,97,18
10302.65,1,92,12
17042.94,0,107,23
9565.2,0,116,22
13291.08,0,76,27
24016.2,0,97,20
20483.14,0,95,20
17529.37,0,101,18
13909.91,0,131,21
11660.89,0,83,18
16944.51,0,97,22
19905.82,0,69,19
7956.22,0,87,21
7921.35,0,97,25
11169.63,0,92,20
11161.41,0,88,21
9152.45,0,107,20
8150.72,0,99,28
25434.55,0,86,18
12005.66,0,77,22
7976.05,0,114,14
14880.3,0,78,19
21138.78,0,117,17
12755.99,0,98,22
17565.35,0,108,22
19905.6,0,69,28
8467,1,99,22
3282.22,0,104,14
14947.67,0,136,21
25342.11,0,120,20
13377.24,1,92,17
10984.72,0,143,23
20012.93,0,74,17
10410.58,0,108,18
17701.04,0,107,33
17316.17,0,121,12
12918.06,0,110,15
8271.71,0,99,17
23131.84,0,91,18
24744.55,0,73,26
27456.2,0,124,27
16971.16,0,100,18
12106,0,88,9
14504.52,0,118,26
19218.96,0,116,19
7466.44,1,106,24
12132.8,0,67,17
15713.3,0,110,21
18975.28,0,152,20
26953.66,0,70,24
5595.56,0,88,19
24854.66,0,123,13
7565.45,1,103,20
10457.89,0,109,15
16882.57,0,107,14
19109.33,0,93,20
11552,0,112,19
12998.04,0,105,12
7757.64,0,79,18
11323.04,0,65,26
10821.66,1,99,20
14564.11,0,56,17
11080.34,0,89,26
7569.86,0,98,26
12342.89,0,150,16
13440.95,0,49,22
15255.97,0,120,16
7005.35,0,86,12
12143.8,0,61,21
13570.96,0,75,27
17365.65,0,112,30
23253.4,0,96,21
18698.12,0,101,12
12401.7,0,92,15
21727.71,0,97,26
15697.73,0,70,18
15828.69,0,118,17
8017.23,0,124,25
13519.5,0,114,19
7504.88,1,75,26
13408.12,0,94,17
5638.53,0,112,14
20874.43,0,110,24
19841.46,0,55,30
15598.31,0,70,27
10054.91,1,85,22
17132.37,0,63,23
22157.77,0,117,24
11879.43,0,92,20
21332.02,0,119,20
4895.95,0,97,16
16795.42,0,126,15
19543.27,0,44,23
23951.58,0,85,18
13834.73,0,118,13
9142.66,0,106,21
12669.26,0,95,22
9156.29,1,130,19
10003.29,0,92,24
12214.38,0,152,23
10299.62,1,99,20
0,0,83,17
5227.13,0,97,17
13188.83,0,114,21
9988.26,0,126,19
13509.8,0,119,23
11163.87,0,82,20
21259.97,0,61,20
12280.63,0,111,15
9782.15,1,102,11
12432.45,0,135,15
16652.55,0,107,16
18203.22,0,128,15
11598.98,0,95,16
5743.16,0,99,19
21800.47,0,96,21
15413.43,0,131,23
7056.78,0,115,18
7980.86,0,87,26
15787.76,0,102,12
12583.64,0,83,15
10862.03,1,47,19
15169.96,0,86,23
14762.73,0,91,15
14091.31,0,89,24
14633.68,0,117,21
13509.03,0,69,26
7055.66,1,94,21
12505.73,0,106,25
10279.58,1,102,21
19436.66,0,88,27
18470.64,0,124,15
18289.14,0,153,22
12119.46,0,101,22
12152.4,0,103,14
19076.47,0,127,22
10870.44,0,115,17
11866.38,0,111,23
16624.64,0,75,22
18480.31,0,92,18
5618.62,0,74,15
22513.48,0,81,15
9537.6,0,79,22
15594.47,0,118,13
6570.93,0,68,19
19844.26,0,105,25
27234.78,0,92,14
17986.75,0,106,23
24323.4,0,75,22
7861.27,0,115,22
13487.5,0,106,15
12472.81,0,114,21
14334,0,84,24
10059.61,0,80,18
12469.82,0,67,22
13489.07,0,88,25
7810.87,0,83,12
16928.21,0,102,13
14879.07,0,96,25
9565.67,0,110,20
12420.58,0,112,8
11210.31,0,100,21
9521.18,0,115,17
10341.39,0,126,17
8586.22,0,112,25
11680.19,0,120,19
12313.65,0,130,16
8316.81,0,107,28
16073.59,0,99,14
9477.87,0,111,21
10502.34,0,109,25
12796.19,0,103,19
23082.84,0,88,16
12882.65,0,112,24
14600.49,0,83,28
14451.03,0,88,14
19529.99,0,95,12
12393.57,0,85,17
15696.17,0,95,19
8639.03,0,147,18
11096.82,0,119,12
20939.59,0,85,26
15530.47,0,152,25
22826.92,0,88,25
19973.94,0,104,16
14238.71,0,125,14
17800.02,0,123,23
26964.74,0,121,26
16684.8,0,83,23
22128.3,0,73,23
5565.26,0,128,19
16226.62,0,99,19
10652.03,0,105,14
1247.25,0,109,17
6567.86,0.5,65,16
14758.46,0,98,30
12253.11,0,118,24
3394.01,0,111,20
16822.88,0,125,24
16766.64,0,91,16
14721.97,0,98,23
17499.66,0,101,18
14790.58,0,95,19
14106.51,0,91,18
13430.18,0,81,19
15085.43,0,95,18
10794.28,0,73,24
10784.42,0,71,25
8455.34,0,89,12
8945.9,0,74,17
11722.13,0,146,29
17729.85,0,107,26
14692.92,0,118,19
8235.45,1,90,21
9301.01,0,70,23
18459.26,0,90,22
12489.21,0,124,17
20991.38,0,122,12
21313.23,0,83,19
6054.35,0,61,27
19658.35,0,93,29
13915.46,0,94,23
3759.16,0,117,22
9860.22,0,88,31
16148.96,0,69,28
10005.69,0,114,22
2714.22,0,85,25
18576.31,0,106,21
15923.82,0,96,21
5511.77,0,91,23
13580.28,0,106,28
20831.13,0,110,16
20283.54,0,81,29
4750.88,0,94,29
15352.8,0,122,9
28057.76,0,95,17
20901.6,0,70,16
15575.68,0,76,13
4966.41,0,115,19
27096.36,0,91,11
14634.82,0,104,17
11573.2,0.5,130,21
11907.91,0,123,24
10062.41,0,102,12
23848.45,0,94,17
20347.3,0,106,23
17075,0,88,15
19879.19,0,103,23
19020.84,0,121,23
13665.71,0,88,16
11500.36,0,119,19
12815.18,0,118,13
7599.26,1,114,21
7233.93,1,113,26
14083.78,0,91,13
15248.5,0,118,19
22786.99,0,110,19
22992.96,0,50,11
11015.5,0,107,14
9011.05,0,111,18
16191.95,0,106,22
11136.42,0,99,18
5900.33,1,112,19
16996.3,0,89,20
17137.02,0,126,19
14895.32,0,109,15
19617.15,0,91,19
12528.81,0,117,16
9432.4,0,127,19
13916.29,0,84,15
5647.33,0,82,24
8276.34,1,84,18
13682.89,0,62,26
17045.6,0,95,20
22603.9,0,67,21
17296.1,0,124,17
14146.6,0,109,21
6845.23,0,93,27
12157.37,0,80,21
20580.97,0,114,24
18350.27,0,110,14
18410.84,0,95,20
18271.1,0,131,28
22570.76,0,65,22
15328.31,0,100,19
17757.72,0,104,13
11051.54,0,112,14
14141.88,0,79,24
6742.65,1,119,24
14788.14,0,91,26
18911.45,0,115,20
23497,0,90,20
10804.64,0,78,18
14602.82,0,75,24
22467.79,0,123,23
11579.69,1,101,22
16433.42,0,75,18
19711.13,0,97,20
7167.84,1,84,15
12501.58,0,73,30
9550.88,0,106,19
14278.77,0,88,20
6029.85,0,83,13
8722.3,0,124,14
11861.14,0,104,21
21740.29,0,108,24
20271.96,0,131,17
18871.44,0,104,26
13747.84,0,70,13
9370.68,0,109,27
8219.87,0,130,17
15479.39,0,90,12
21993.41,0,151,24
15217.33,0,105,25
10813.1,1,105,24
15880.3,0,108,24
8018.38,0,122,27
10406.61,0,80,26
11460.17,1,128,25
16834.19,0,131,19
4304.7,0,129,16
13927.83,0,107,25
15166.99,0,49,14
20304.58,0,100,26
15483.06,0,112,16
11181.67,0,116,20
9873.4,0,105,22
12051.78,0,128,27
8324.71,0,117,16
25292.02,0,100,20
14198.59,0,88,18
13135.91,0,82,27
21828.34,0,128,12
8102,0,106,22
12860.08,0,127,18
14612.28,0,61,15
16788.28,0,87,22
11904.12,0,59,23
10182.7,0,111,27
10432.34,0,116,21
24660.43,0,84,20
14715.43,0,119,31
6295.65,0,124,13
10704.54,1,124,17
19111.72,0,84,24
17807,0,94,16
20997.52,0,125,31
11751.1,0,101,12
13853.26,0,133,24
13721.42,0,125,16
8726.9,1,121,12
13603.35,0,79,25
13501.19,0,116,22
11228.05,0,102,17
19345.86,0,128,18
17388.19,0,81,28
5732.68,0.5,101,21
9505.07,0,107,24
8613.21,0,110,26
18126.22,0,93,22
6557.54,0,139,21
16799.88,0,109,12
15990.91,0,77,31
7241.23,0,52,17
9691.87,1,102,15
9922.11,0,116,25
15360.42,0,114,25
22643.62,0,101,20
11967.51,0,92,23
10298.47,1,94,25
11594.08,0,116,25
10350.39,0,93,13
6743.72,0,132,20
14412.36,0,89,18
17729,0,139,21
13157.25,0,107,17
11119.19,0,101,19
11686.64,0,72,18
10187.84,0,122,19
18750.38,0,98,17
12527.32,0,86,22
12253.78,0,78,21
9947.04,0,100,16
6143.03,1,91,21
19108.83,0,120,19
10163.72,0,108,21
15831.34,0,80,26
13324.17,0,91,20
22632.26,0,99,12
19202.74,0,106,27
21419.12,0,87,23
16923.06,0,125,15
19664.66,0,90,23
15645.97,0,97,12
16770.16,0,106,26
18341.29,0,104,21
15566.08,0,85,22
4891.55,0,101,21
13231.39,0,120,22
14845.42,0,72,18
17377.99,0,85,21
10464.29,0,127,25
13049.9,0,136,13
8912.3,1,109,22
16926.41,0,48,14
9840.32,0,112,27
15483.41,0,99,20
16363.19,0,116,16
12169.4,0,95,17
16391.06,0,76,20
8877.19,0,91,21
13831.79,0,96,17
10906.66,1,85,22
20499.85,0,117,15
8232.76,1,100,26
7975.27,0,102,22
9201.49,0,85,26
23452.95,0,113,16
6998.23,0,98,12
18370.7,0,120,27
16394.97,0,92,20
20533.54,0,92,27
16130.37,0,97,14
9458.51,0,77,16
13178.06,0,128,17
11556.31,0,134,14
17708.73,0,89,32
8057.84,0,107,22
12221.21,0,104,24
4892.17,0,97,15
21167.95,0,107,13
7385.78,0,106,13
19265.72,0,90,8
13246.44,0,97,19
16697.53,0,111,19
9671.98,0,110,17
23525.08,0,81,20
10946.83,0,130,20
13688.1,0,102,19
9844.46,0,120,18
15562.42,0,87,20
13632.96,0,91,13
22794.86,0,103,20
10859.88,0,107,17
23427.94,0,110,11
15478.53,0,111,22
15237.18,0,83,20
25440.17,0,116,28
14377.87,0,95,23
12016.6,0,107,24
15139.88,0,61,17
22739.33,0,102,16
12907.84,0,100,18
12539.97,0,92,26
3399.06,0,119,19
17810.72,0,91,14
8186.21,0,128,18
8739.18,0,92,22
11721.87,0,101,12
16737.09,0,88,18
5165.3,0,112,24
15861.31,0,114,10
13273.37,0,108,32
20332.08,0,85,19
20970.62,0,81,11
11139.18,0,100,26
7851.74,0,87,19
6066.19,1,89,14
15979.41,0,122,19
5975.48,1,112,19
16801.17,0,137,16
9324.49,0,112,22
20445.3,0,99,21
7201.27,0,74,21
20128.24,0,117,22
12511.69,0,83,14
21231.29,0,126,23
11246.69,0,141,20
16471.26,0,81,20
11802.94,0,82,27
13032.5,0,117,22
27241.21,0,98,17
14485.32,0,119,18
13563.12,0,116,24
8143.74,0,100,25
17191.18,0,83,26
16375.18,0,125,22
14113.65,0,87,18
12673.31,0,119,22
14393.4,0,116,19
6038.84,1,59,17
19755.89,0,62,24
12755.78,0,83,24
22108.75,0,133,17
6809.77,0,90,28
15266.96,0,95,10
22645.85,0,91,24
7222.09,0,47,18
13705.26,0,126,23
8621.45,0,117,14
11945.96,0,105,20
7228.85,0,74,16
13201.16,0,127,26
11744.82,0,113,24
11240.01,0,112,20
10925.39,0,116,13
14030.14,0,102,21
19889.93,0,113,32
15781.92,0,102,20
9517.02,0,122,20
13020.06,0,113,21
11889.56,0,113,23
13086.75,0,114,19
12046.73,0,93,12
10775.12,0,113,15
16707.8,0,121,22
15338.58,0,108,28
13703.68,0,81,10
20992.8,0,89,20
17150.77,0,87,18
20145.47,0,118,22
23225.12,0,108,18
8765,1,90,20
14950.1,0,123,27
5308.65,0,107,18
16740.79,0,104,22
11842.89,0,99,19
12074.14,0,67,21
12169.17,0,155,12
12736.35,0,87,20
14680.88,0,97,20
17943.81,0,87,18
24520.28,0,114,27
14678.49,0,110,19
13346.33,0,92,27
13104.59,0.5,94,26
22570.79,0,65,25
15738.73,0,127,15
20371.91,0,88,30
13082.95,0,93,18
14087.79,0,112,20
14441.25,0,89,18
22723.2,0,90,18
11485.79,0,62,19
18450.2,0,94,12
16239.09,0,73,28
8721.77,0,116,17
8534.08,0,98,25
11457.75,0,101,26
17789.89,0,133,23
16907.83,0,47,29
18163.63,0,95,14
6607.95,1,96,18
18164.16,0,116,18
10808.57,1,81,19
17159.71,0,91,21
5982.79,1,88,20
10880.52,0,106,19
22332.19,0,99,14
13302.74,0,109,21
13582.88,0,89,17
15667.46,0,94,14
12141.41,0,97,21
20227.93,0,95,19
15775.19,0,75,22
27980.56,0,135,15
22266.18,0,126,22
21755.46,0,97,17
10020.84,1,101,22
21554.44,0,86,26
10715.09,0,106,23
18359.06,0,71,22
9290.79,1,110,26
9989.15,1,60,20
18268.02,0,79,17
11319.89,0,139,15
12542.77,0,98,21
21950.57,0,95,26
11876.3,0,98,9
12851.18,0,90,25
17614.5,0,119,25
23376.61,0,95,23
15133.13,0,114,22
19910.18,0,136,24
15052.21,0,131,27
17065.1,0,91,20
16512.48,0,99,21
10361.69,0,116,12
8445.54,0,84,31
14154.22,0,80,18
12661.03,0,106,15
18248.93,0,128,19
20879.82,0,94,25
16787.31,0,103,27
5923.78,0,67,21
17062.94,0,121,21
15235.31,0,89,18
13185.72,0,109,19
21106.79,0,81,12
19095.94,0,87,18
19890.98,0,144,24
8955.72,0,139,25
16675.25,0,84,18
17159.28,0,115,18
19288.99,0,84,14
7423.57,1,92,24
11163.63,0,118,22
20067.33,0,97,19
9773.27,0,131,22
12973.39,0,122,20
16739.38,0,70,15
8911.8,1,84,21
10162.71,0,82,23
9134.31,0,116,19
13682.38,0,86,20
15257.45,0,80,21
23634.36,0,94,16
4918.46,0,83,23
13089.07,0,85,21
10443.61,0,124,25
23833.76,0,79,18
7894.96,0,66,20
14387.26,0.5,124,23
10404.42,0,131,13
17308.5,0,126,10
12468.74,0,90,25
13390.02,0,124,24
11567.23,0,94,15
13764.66,0,106,11
13756.13,0.5,79,15
17936.97,0,115,17
23372.21,0,71,16
18077.03,0,77,17
14042.11,0,72,17
4807.82,0,125,14
11559.56,0,65,19
3737.81,0,110,22
6565.14,0.5,119,19
20018.56,0,129,29
23326,0,140,21
10494.62,0,72,23
15359.42,0.5,121,7
12954.86,0,72,22
14678.33,0,99,18
13371.97,0,119,22
10389.17,1,89,21
8923.21,1,103,16
6919.09,0,136,23
17368.83,0,103,22
17081.47,0,86,18
12339.72,0,112,24
18399.49,0,84,16
8692.6,0,97,24
15525.68,0,117,17
23572.01,0,83,21
12342.91,0,128,16
7983.91,1,121,33
11201.05,0,98,16
17388.52,0,115,18
6833.04,0,127,10
15737.33,0,72,19
12178.48,0,113,16
16060.02,0,73,21
11254.43,0,91,24
13212.13,0,130,16
14419.7,0,114,22
8158.53,0,136,16
17639.32,0,112,20
18604.14,0,119,13
16217.16,0,50,20
18339.56,0,72,17
15776.16,0,106,28
9955.17,0,55,15
9780.95,0,93,26
15073.69,0,88,9
12889.16,0,109,16
21988.77,0,101,25
16899.27,0,119,26
11495.32,0,87,21
13703.24,0,102,14
15924.16,0,75,20
10775.97,0,113,26
22012.63,0,76,15
9719,1,115,12
15879.49,0,153,29
18326.71,0,99,22
5292.53,0,112,15
19610.91,0,124,27
11168.44,0,110,28
19111.99,0,126,22
15026.1,0,81,17
15816.7,0,63,21
14744.53,0,111,19
19712.03,0,97,25
9448.57,1,91,24
9604.55,1,104,20
13600.38,0,79,15
14946.42,0,77,15
18820.24,0,122,29
21055.7,0,123,18
14042.74,0,96,24
21134.47,0,125,25
14184.4,0,114,20
9329.92,0,105,19
17584.15,0.5,65,20
15504.1,0,123,25
14394.48,0,133,26
9902.88,0,104,11
18148.37,0,98,21
18022.12,0,103,28
14417.06,0,102,27
14505.11,0,72,7
9190.85,0,84,17
18887.87,0,124,21
10846.15,0,98,9
16697.71,0,94,7
18494.96,0,113,6
15516.56,0,125,16
21368.95,0,84,27
10414.96,0,101,13
16482.55,0,88,16
28568.33,0,105,22
9190.25,0,130,26
12384.41,0,125,19
17443.31,0,105,18
14983.82,0,98,25
7428.31,0,89,13
26808.09,0,61,28
11155.1,0,79,24
19236.48,0,104,24
14203.86,0,71,19
11736.71,0,109,25
14540.12,0,110,21
12556.08,0,84,12
11733.94,0,105,19
11863.2,0,112,22
5990.25,0,77,16
18904.11,0,61,24
9528.45,0,114,18
13144.38,0,124,24
16496.31,0,141,19
12171.21,0,109,20
19086.82,0,70,23
23486.69,0,78,14
19305.39,0,91,23
17905.23,0,116,16
15939.22,0,106,24
16853.47,0,96,22
16888.32,0,81,19
12343.03,0,115,17
11421.52,0,118,16
21990.25,0,120,26
2859.73,0,73,18
13569.86,0,118,18
16918.5,0,75,32
15091.58,0,108,16
13568.9,0,123,26
8820.91,0,87,24
8142.72,1,118,24
7505.76,1,92,28
20145.61,0,106,14
13235.18,0,145,18
16080.28,0,98,14
14120.35,0,85,25
18045.73,0,92,19
20470.04,0,92,21
9093.71,0,115,14
14039.3,0,76,17
19610.17,0,87,35
7037.75,0,116,14
22981.13,0,103,16
20274,0,149,12
19286.22,0,105,9
5161.24,0,86,30
12762.18,0,81,16
15703.43,0,125,24
19750.43,0,84,18
18584.88,0,103,18
18204.67,0,87,23
16148.88,0,124,23
12142.1,0,114,30
16288.44,0,102,23
13072.76,0,129,22
11075.78,0,69,26
18913.97,0,97,11
20088.06,0,74,27
14507.87,0,105,22
20331.77,0,117,17
4851.73,1,107,19
24856.45,0,83,19
10372.26,1,93,21
15591.65,0,89,18
15131.23,0,91,12
21410.68,0,96,22
22892.16,0,115,21
14450.7,0,80,23
14897.19,0,91,23
14554.57,0,128,27
8713.06,0,116,22
17358.13,0,117,27
6384.74,0,126,28
18924.47,0,106,9
20406.01,0,119,14
18972.78,0,89,16
12560.66,0,77,18
19420.49,0,81,17
14854.1,0,84,15
16356.85,0,69,18
19318.22,0,121,20
17297.87,0,86,21
18590.38,0,65,22
7136.45,1,78,20
9795.52,0,77,25
11168.9,0,62,11
22505.53,0,109,9
17600.18,0,105,14
18582.26,0,64,24
28049.61,0,132,17
12042.7,0,86,24
13154.65,0,90,26
15718.48,0,91,18
13671.49,0,49,20
17531.8,0,106,16
22300.8,0,96,16
22594.32,0,93,27
22186.61,0,114,11
10831.51,0,106,24
26707.41,0.5,87,10
15125.77,0,94,26
19624.34,0,68,17
13516.51,0,157,23
15692.99,0,79,21
6141.78,0,86,28
21766.31,0,133,30
7843.03,1,107,16
5151.92,0,73,19
17256.57,0,110,20
19003.42,0,87,10
17707.23,0,95,20
13666.35,0,118,20
24658.19,0,80,17
12349.63,1,82,20
15748.94,0,101,15
4926.76,0,74,18
18287.31,0,99,20
15293.77,0,69,17
8208.06,0,85,29
10760.04,0,139,14
5747.5,1,111,31
12611.75,0,97,25
21748.78,0,77,21
11387.02,0,116,18
13617.83,0,79,16
4072.66,1,90,22
11096.92,0,79,23
8503.76,0,87,20
12907.38,0,116,26
14067.73,0,87,24
12470.21,0,130,21
28115.25,0,105,21
8198.08,1,100,18
21053.52,0,74,28
8849.31,0,107,5
9639.34,1,98,19
18005.93,0,113,20
18572.04,0,81,26
14815.39,0,134,17
12437,0,107,25
12016.54,0,81,16
11502.78,0,101,14
16989.13,0,102,19
17716.96,0,106,24
19855.91,0,72,22
23500.21,0,117,19
24122.37,0,81,18
16245.78,0.5,90,21
26338.09,0,110,24
12406.6,0,92,25
9167.71,1,97,18
11990.26,0,83,23
10486.31,0,83,16
17411.84,0,112,26
12052.66,0,120,23
10346.72,1,77,19
17299.52,0,86,13
19258.96,0,87,22
5567.15,1,66,10
21909.06,0,96,21
13541.55,0,105,17
15552.97,0,99,21
17452.53,0,94,14
19740.69,0,113,20
21641.01,0,155,27
10882.48,1,54,17
7958.39,0,65,26
9743.35,1,105,7
20333.4,0,130,18
13859.72,0,69,21
15007.66,0,98,27
7074.27,1,125,12
13989.95,0,118,20
8046.32,0,102,17
18141.79,0,101,21
11843.7,0,112,30
10183.04,1,96,28
16898.38,0,133,28
11026.2,0,89,28
15180.27,0,86,14
17303.97,0,119,15
24476.8,0,108,15
17208.87,0.5,126,18
16505.92,0,58,23
10873.64,0,97,22
18227.3,0,92,18
7740.78,1,93,19
14089.18,0,121,26
18657.22,0,72,20
13272.86,0,103,27
14918.01,0,123,23
11417.42,0,114,18
9165.85,0,64,16
21971.99,0,90,28
11611.34,0,80,18
18313.83,0,81,22
16814.39,0,83,17
17401.34,0,114,21
5681.49,0,79,24
3842.97,0,116,26
19265.89,0,101,16
16596.57,0,76,21
16648.81,0,105,17
9409.89,1,123,21
24797.53,0,107,30
17117.48,0,119,19
17943.76,0,108,16
12532.5,0,103,20
8303.14,0,57,27
24980.68,0,120,18
18809.96,0,69,29
5226.65,0,73,16
21082.98,0,110,24
24662.76,0,108,26
9538.1,1,107,22
14321.7,0,134,20
10516.56,0,119,23
8897.01,0,88,20
18219.69,0,78,15
1046.01,0,131,23
20406.51,0,95,27
21090.63,0,100,18
15675.87,0,124,20
11101.14,1,92,17
26580.96,0,92,24
16283.54,0,85,18
9511.66,0,115,11
14083.3,0,83,17
19980.17,0,57,17
9216.95,0,79,18
11289.47,0,98,22
16625.54,0,81,19
13544.15,0,106,24
18055.76,0,106,20
21802.49,0,68,27
18098.68,0,95,20
13812.07,0,118,18
15567.35,0.5,108,15
8755.72,0,102,30
17972,0,64,14
12159.95,0,103,21
15880.1,0,128,25
20622.24,0,125,22
12709.05,0,91,28
15851.6,0,118,26
15922.51,0,118,14
14836.72,0,128,15
13457.6,0,116,25
12600.42,0,72,28
11319.19,1,115,19
20677.51,0,59,15
23046.36,0,122,16
12604.02,0,126,16
13169.29,0,105,17
18681.49,0,61,23
9392.43,1,121,21
11034.4,0,118,21
18956.12,0,126,13
19958.76,0,97,18
4883.45,0,99,24
17946.37,0,127,13
19933.23,0,112,22
19364.19,0,78,20
11842.06,0,113,27
12587.11,0,108,28
14036.39,0,114,16
11498.64,0,110,21
7518.68,1,110,25
18493.91,0,115,19
16763.7,0,94,27
17934.56,0,129,19
11908.88,0,82,16
12295.64,0,110,25
18305,0.5,60,12
26673.22,0,102,17
19995.76,0,99,18
7101.76,1,90,25
21083.62,0,69,20
13144.26,0,61,25
18582.83,0,97,23
16405.95,0,64,24
16149.04,0,98,15
16598.25,0,80,19
17837.75,0,120,15
20594.82,0,115,15
17479.31,0,89,18
11403.13,0,119,17
9332.22,0,141,16
12466.77,0,115,21
16362.74,0,109,26
8308.58,0,87,25
13948.94,0,83,15
7452.78,1,98,19
15132.63,0,115,11
12502.76,0,82,25
6619.86,1,84,18
14799.95,0,90,18
18190.22,0,86,19
15793.35,0,97,23
6387.02,0,76,28
22677.01,0,70,19
11523.4,0,129,26
10256.16,0,112,22
26699.72,0,107,14
18883.59,0,68,19
18637.39,0,44,26
11342.18,0,119,19
14133.11,0,114,8
17755.44,0.5,111,27
13053.51,0,115,17
11468.54,0,118,16
11665.93,1,101,24
14327,0,68,19
21665.42,0,97,20
16806.66,0,132,24
18110.06,0,88,11
21841.55,0,78,21
11242.99,0,62,16
25004.46,0,106,18
6176.07,0,114,17
16262.54,0,118,16
16742.53,0,112,15
11514.7,0,120,22
13597.53,0,126,20
24284.28,0,91,25
17213.94,0,84,23
23604.76,0,116,19
14058.77,0,136,15
4246.81,0,102,15
16761.33,0,118,17
16657.47,0,120,18
17592.34,0,91,22
23129.94,0,103,24
18711.53,0,109,19
7858.82,0,114,18
7140.25,0,91,13
16318.75,0,76,16
13779.06,0,113,29
10856.47,0,70,27
3956.94,1,91,33
26332.27,0,120,20
12048.53,0,90,18
14125.3,0,104,24
7818.32,0,83,27
20781.85,0,106,23
14202.07,0,115,18
8171.97,1,123,14
16351.18,0,112,22
14125.77,0,98,17
17628.26,0,82,12
20645.04,0,95,21
24494.82,0,114,25
16236.1,0,135,27
14418.14,0,105,20
16154.08,0,90,18
7109.36,0,77,24
15832.93,0,93,20
20076.09,0,132,23
16617.98,0,71,11
14723.07,0,80,15
12673.19,0,106,11
14874.9,0,38,13
24875.87,0,128,22
18183.91,0,95,26
14310.82,0,95,15
18418.6,0,111,16
6606.58,0,155,29
7678.5,0,80,26
10129.74,0,87,16
17131.66,0,111,23
13758.63,0,68,19
5482.16,0,99,18
18713.88,0,104,19
16285.25,0,105,26
16701.56,0,101,12
12405.31,0,114,14
14204.77,0,92,21
12200.4,1,105,3
14812.69,0,119,17
5857.54,0,112,11
15210.24,0,104,21
9694.98,0,102,24
13257.29,0,148,19
9200.04,0,95,17
25250.11,0,95,23
8450.4,1,105,14
10107.1,0,119,18
8857.42,0,100,20
14874.84,0,101,24
15661.86,0,85,16
17208.45,0,128,18
10769.46,0,92,28
21481.36,0,106,31
7781.36,0,124,26
11181.56,0,67,18
7076.82,1,127,18
11612.24,0,111,11
9913.64,0,95,24
16525.68,0,113,20
15880.6,0,88,19
12590.19,0,100,26
19905.33,0,84,18
14806.71,0,110,20
8292.85,0,95,24
9272.02,0,95,21
12313.43,0,128,24
19981.94,0,130,19
18325.77,0,86,19
15131.2,0,117,18
8587.74,0,110,25
735.55,0,115,18
12876.1,0,113,20
11135.79,0,88,14
9334.03,0,100,20
18275.24,0,87,21
19518.47,0,94,19
9765.84,0,90,22
12661.52,0,97,19
20667.56,0,116,20
22783.4,0,76,25
9236.91,0,109,14
13612.93,0,104,22
20548.44,0,119,22
10575.39,0,69,22
20098.32,0,111,23
16888.55,0,107,15
6577.94,0,90,17
14708.65,0,102,19
22858.84,0,93,28
12872.57,0,133,17
7515.37,0,106,13
20593.23,0.5,97,12
17229.63,0,99,21
23149.65,0,88,20
20864.81,0,105,12
6069.42,0,81,17
16480.47,0,104,25
12927.35,0.5,63,18
4121.16,0,94,25
10249.99,0.5,122,16
20794.31,0,92,24
21915.66,0,113,24
23476.91,0,141,17
17032.83,0,121,16
20008,0,113,16
15003.42,0,116,17
14847.75,0,73,20
11866.13,0,82,15
6932.2,0,141,23
18767.73,0,89,19
8907.47,0,123,18
17641.17,0,110,26
20385.81,0,74,16
9594.67,0,115,20
7254.7,1,90,16
8623.39,1,91,25
11503.94,0,89,23
15474.03,0,120,15
13198.75,0,115,23
18167.6,0,110,15
26772.94,0,114,12
4932.73,1,63,23
4797.2,1,99,12
13256.21,0,88,18
8732.42,0,85,25
22729.59,0,83,20
21981.48,0,92,22
9856.82,0,84,24
15720.5,0,79,24
10211.49,1,70,25
12833.16,0,138,14
7485.57,1,109,20
15143.67,0,102,17
17289.42,0,128,24
10870.09,0,80,17
15366.53,0,101,17
8485.53,0,120,14
13415.61,0,91,13
18071.77,0,74,15
17858.01,0,88,15
10415.83,0,85,19
21843.37,0,109,17
21264.1,0,118,26
17160.7,0,100,22
17145.11,0,93,20
13841.3,0,55,23
6693.77,1,95,17
12892.55,0,114,21
8103.47,1,81,19
15901.47,0,105,18
13265.94,0,104,22
24266.49,0,76,13
10087.12,0,130,20
10867.01,0,111,19
13357.8,0,117,22
9107.08,1,90,26
16711.35,0,130,23
13506.12,0,88,19
10777.18,0,104,26
19080.79,0,74,26
8072.96,0,84,22
18907.38,0,97,24
11356.08,0,115,19
5703.36,0,90,19
11543.74,0.5,87,26
17471.02,0,100,22
13006.49,0,64,10
10550.59,0,79,19
22439.9,0,69,21
6152.76,0,123,22
13173.84,0,97,21
17225.67,0,101,19
16482.87,0,98,13
12107.07,1,72,16
11874.42,0,84,14
25999.01,0,115,16
13511.48,0,104,23
16059.33,0,117,14
15682.5,0,107,22
14688.21,0,98,11
6115.74,1,91,17
12142.41,0,137,21
16630.91,0,94,14
16227.98,0,95,21
17813.79,0,107,16
17233.94,0,104,19
15684.6,0,71,25
15484.99,0,96,16
13435.9,0,112,24
10452.56,0,75,15
9370.73,0,124,25
11622.4,0,79,17
14551.77,0,62,16
14199.19,0,73,21
15748.7,0,124,25
14677.65,0,120,28
21522.81,0,141,19
11196.92,1,98,18
16158.47,0,91,19
14986.5,0,120,15
12184.65,0,120,25
7022.12,0,65,21
23631.06,0,97,17
10740.26,0,98,27
16774.62,0,66,22
11295.93,0,95,18
9328.85,1,82,19
12425.74,0,105,19
24281.04,0,117,25
16932.68,0,86,14
5005.31,0,105,19
8916.23,0,94,20
25059.14,0,95,28
16464.87,0,133,20
16931.12,0,91,28
13229.17,1,104,32
15243.75,0,91,15
23528.79,0,107,15
14958.08,0,148,17
24993.74,0,83,28
15712.71,0,80,21
11347.63,0,93,17
18126.19,0,83,15
19155.55,0,95,16
15973.2,0,70,23
16943.93,0,101,7
18025.64,0,61,23
6873.85,0,84,26
8202.72,1,95,22
17802.54,0,77,22
10631.96,0,106,19
15851.58,0,79,22
17874.68,0,98,16
18027.83,0,105,17
17420.7,0,83,23
20080.51,0,84,20
17623.01,0,120,24
6339.8,1,89,22
17956.17,0,121,31
6509.16,0,80,19
24738.17,0,72,26
12193.21,0,112,27
15424.87,0.5,101,24
11185.84,0,102,14
20354.41,0.5,74,16
10836.27,0,128,16
17937.47,0,100,19
12307.28,0,101,25
18398.4,0,84,17
14551.6,0,50,23
20390.5,0,84,15
24675.39,0,89,18
13938.56,0,107,22
15348.17,0,89,14
21228.66,0,124,17
17671.4,0,99,26
14869.61,0,108,24
4606.79,1,110,16
15983.57,0,105,20
23688.65,0,104,24
16886.85,0,121,14
4891.49,0,106,21
18860.4,0,91,16
14347.41,0,146,21
12071.92,0,121,11
16920.36,0,96,22
17141.52,0,108,18
19090.54,0,125,23
18878.57,0,95,23
9675.4,0,122,15
6622.55,1,114,20
16919.82,0,85,20
19882.97,0,66,11
15140.47,0,121,26
11607.25,0,154,21
14685.11,0,130,18
8877.33,0,103,19
19978.93,0,108,20
16914.2,0,157,21
16817.7,0,136,21
13805.33,0,109,29
13614.21,0,104,18
13537.57,0,122,19
22203.55,0,125,25
20542.32,0,102,26
15598.95,0,76,21
23083.15,0,95,32
10067.57,0,41,14
14034.69,0,91,20
15960.48,0,88,17
11052.32,0,100,22
19022.01,0,62,12
17391.83,0,66,14
10154.47,0,119,16
2689.42,0,92,19
17747.37,0,112,22
10954.84,0,116,22
5277.37,0,139,22
14466.55,0,88,22
13312.49,0,103,22
5311.33,0,158,20
11289.55,0.5,109,30
12589.49,0,132,10
21371.9,0,121,9
16168.53,0,84,19
16982.05,0,111,13
18875.82,0,69,19
16752.48,0,134,23
15689.09,0,105,23
16627.81,0,88,19
12374.57,0,91,13
15121.01,0,137,21
19687.62,0,107,23
9272.77,1,143,22
6789.12,0,84,28
14758.98,0,120,18
3373.24,1,78,20
19233.24,0,94,28
21207.16,0,127,23
27776.55,0,114,18
13036.35,1,108,20
10978.48,1,128,22
4080.43,0,134,21
6111.58,0,107,25
21513.64,0,102,26
14663.42,0,95,22
15207.66,0,102,16
17239.89,0.5,92,15
7084.82,1,72,20
18541.35,0,93,20
17140.12,0,86,19
10467.3,0,99,29
18379.25,0,86,20
16272.44,0,80,24
6816.24,0,92,16
21302.91,0,108,25
8004.36,1,92,23
21117.28,0,72,17
8317.85,0,115,5
8949.06,0,81,17
12803.87,0,55,20
23870.63,0,97,18
19162.71,0,95,26
23483.53,0,100,17
7200.65,0,38,23
9923.54,0,84,14
17506.68,0,44,16
6703.06,0,81,30
21264.17,0,109,20
16938.92,0,123,22
25653.67,0,105,28
10533.09,1,84,23
8931.31,1,107,39
12899.77,1,104,25
23364.47,0,106,15
8731.97,0,73,22
22097.31,0,84,22
27101.9,0,95,15
13857.84,0,108,12
9682.32,0,118,24
17771.57,0,53,15
14364.16,0,108,18
12879.84,0,91,19
16242.8,0,88,23
15366.43,0,90,18
23767.03,0,99,19
10468.79,0,97,20
10045.89,0,101,12
7801.08,1,129,26
13398.03,0,97,26
18867.17,0,104,18
18883.78,0,86,28
15794.27,0,121,22
8377.26,0,85,24
12921.59,0,99,23
13596.21,0,86,26
13887.04,0,118,19
12357.69,0,105,20
17782.38,0,145,31
11808.2,0,88,23
23775.09,0,123,25
12716.47,0,88,16
22362.21,0,83,20
17271.57,0,86,14
8519.68,0,83,15
11349.07,1,89,23
25156.09,0,108,20
12065.44,0,80,28
21190.86,0,111,20
22633.34,0,84,15
14725.02,0,123,26
13931.33,0,94,17
15559.9,0,96,8
10607.06,0,134,27
18272.45,0,122,17
19197.43,0,116,20
18265.01,0,74,16
21302.86,0,127,17
15878.86,0,115,16
13330.31,0,75,20
17405.23,0,75,22
15834.62,0,130,25
11409.75,0,128,11
12541.97,0,108,26
23176.05,0,107,15
9503.77,0,132,29
13937.38,0,70,25
10037.1,0,100,17
12123.56,0,97,18
20328.4,0,109,15
7326.21,0,91,20
12566.9,0,111,21
8989,0,100,19
19728.04,0,91,19
11016.8,1,135,17
7309.07,1,67,17
10906.46,1,100,21
11028.56,0,81,25
15467.86,0,90,15
11643.87,1,123,24
9355.46,1,131,21
10259.19,0,75,30
7921.81,0,111,23
9626.06,0,57,17
12678.67,0,44,26
12520.71,0,81,17
22096.17,0,103,20
26589.46,0,78,12
16573.29,0,96,21
15576.21,0,64,21
16114.19,0,130,18
18349.95,0,63,19
15251.5,0,86,11
9887.45,0,91,18
14053.92,0,81,17
22425.61,0,91,19
24502.76,0,88,19
11250.69,0,94,21
14679.76,0,67,20
9917.54,0,111,26
15445.66,0,72,26
13935.8,0,88,17
11860.04,0,120,23
13838.58,0,92,17
13009.55,0,98,13
11856.25,0,96,11
13121.85,0,96,24
13111.55,0,129,15
19733.64,0,139,17
12445.45,0,78,24
12022.61,0,107,16
25298.13,0,88,27
17216.06,0,91,15
11614.79,1,92,26
7416.7,0,75,19
13650.53,0,100,23
9363.92,1,110,21
10987.35,0,110,29
15734.3,0,82,20
9508.65,1,115,14
9427.63,0,68,29
7300.23,1,70,23
11547.44,0,120,13
23792.38,0,114,8
17959.39,0,85,16
16828.45,0,91,13
8112.19,0,97,24
8261.87,0,76,10
16781.22,0,88,21
9554.13,0,91,21
10217.01,0,82,23
11294.76,1,89,16
14798.93,0.5,81,21
15689.11,0,91,21
20394.6,0,85,28
3700.38,0,119,17
8433.6,1,134,18
11068.65,0,86,20
10846.63,0,132,18
9018.81,0,97,15
7362.53,1,68,13
13427.86,0,87,21
20174.23,0,112,21
18033.85,0,93,21
13335.12,0,118,18
11617.78,0,97,20
21364.16,0,60,21
13952.2,0,66,25
21959.18,0,137,25
12129.13,0,121,26
12149.88,0,105,17
23604.49,0,83,22
25489.34,0,112,14
11908.15,0,67,18
15765.63,0,120,28
14906.96,0,108,19
10761.15,0,88,19
21467.35,0,92,25
12073.94,0,81,19
18716.54,0,109,22
15840.07,0,82,20
17702.97,0,73,23
12641.24,0,112,27
11971.77,0,98,19
22413.12,0,107,20
16007.2,0,72,21
10315.64,0,109,21
10796.02,0,114,22
14119.56,0,104,24
16040.08,0,75,22
12088.92,0,123,14
12146.67,0,92,21
13159.08,0,122,27
18581.95,0,132,25
21083.3,0,105,12
24117.21,0,102,21
15166.6,0,131,13
16139.01,0,83,17
7923.04,0,116,17
17669.5,0,108,24
17801.24,0,94,17
6403.53,0,67,21
20134.42,0,121,18
8229.02,0,115,12
6763.61,0,96,14
8595.69,0,109,24
12043.8,0,81,10
9781.41,0,106,13
19152.76,0,92,16
27154.57,0,100,20
19864.25,0,99,13
18053.16,0,83,22
7859.77,1,107,20
19483.09,0,91,17
17443.16,0,117,22
12051.34,0,140,16
13690.39,0,96,29
14011.63,0,94,16
18088.68,0,94,14
6824.66,1,114,17
18065.66,0,95,19
17000.18,0,106,21
19309.54,0,80,21
12476.61,0,110,15
11821.07,0,98,24
21168.61,0,81,23
21745.35,0,87,24
12661.81,0,111,19
14459.75,0,77,18
13307.31,0,78,24
8972.32,0,111,30
13643.26,0,91,18
14020.14,0,63,21
20925.66,0,118,24
12927.99,0,91,18
7957.52,0,80,19
18134.22,0,131,25
20999.8,0,60,9
15137.97,0,81,12
21935.51,0,113,14
29211.17,0,55,25
5498.22,1,120,23
13081.86,0,97,24
23905.08,0,93,15
15122.25,0,99,18
19530.24,0,74,22
14677.51,0,87,19
16067.03,0,76,30
7821.2,0,98,19
9014.84,0,90,21
9214.18,1,97,26
15918.35,0,98,27
21326.68,0,82,17
6653.93,1,46,24
13078.04,0,115,23
18047.33,0,148,13
22835.69,0,109,17
8854.97,0,100,18
9096.18,0,131,18
14159.17,0,108,17
8700.21,0,76,22
10943.76,0,114,24
12432.49,0,112,17
27851.96,0,75,25
12099.38,0,62,22
9195.97,1,100,12
11896.92,0,86,16
21882.46,0,108,23
16176.45,0,101,19
5787.4,0,135,30
7708.99,0,133,21
13177.54,0,111,12
16753.43,0,87,32
18924.41,0,71,19
16006.46,0,89,20
930.74,0,76,21
19096.18,0,117,21
18715.56,0,87,23
22102.85,0,105,25
6774.63,0,112,12
8307.21,0,122,27
13875.56,0,120,20
7962.24,1,97,22
20690.19,0,103,22
9725.91,0,90,14
12785.88,0,102,18
8867.68,1,67,19
19038.29,0,71,21
5335.43,0,110,19
13212.52,0,101,18
14946.96,0,104,24
8690.71,1,77,23
8007.05,0,106,18
13965.72,0,148,29
9211.37,0,126,15
12155.89,0,89,22
11111.93,1,81,14
12425.08,0,130,23
13746.37,0,105,10
17808.85,0,89,12
22644.06,0,67,22
12126.27,0,91,22
8814,1,79,24
19394.09,0,68,23
11186.74,1,113,25
15886.11,0,115,21
16141.97,0,110,11
16559.21,0,105,19
11328.13,0,82,24
21010.6,0,108,21
20699.25,0,115,16
16815.87,0,104,19
18567.06,0,143,14
11199.13,0,86,22
6705.23,0,113,14
11967.45,0,65,17
17579.42,0,154,16
17697.88,0,84,40
18282.11,0,75,31
10155.09,0,81,16
13256.82,0,105,20
24953.79,0,79,11
23170.72,0,89,32
17375.94,0,105,23
16530.45,0,95,20
13365.27,0,101,21
14272.44,0,81,21
16493.51,0,89,11
10704.14,0,90,25
8683.48,0,133,22
16855.24,0,93,15
8990.21,0,87,18
15212.14,0,114,20
6858.27,0,117,17
22499.34,0,101,20
14919.92,0,119,19
20276.35,0,86,19
15251.21,0,127,19
22404.28,0,84,16
9363.38,1,115,10
12243.51,0,86,21
16749.28,0,126,19
18991.25,0,100,23
8074.45,1,79,16
15766.26,0,91,24
16873.1,0,106,16
10240.48,0,101,16
8774.81,0,66,22
7364.48,0,126,19
19465.32,0,98,16
21795.6,0,65,25
21363.92,0,113,25
12294.28,0,90,19
14636.42,0,113,23
16233.25,0,113,24
10900.44,0,66,18
11372.46,0,112,18
13216.31,0,89,26
16039.21,0,92,21
20269.01,0,100,24
9490.08,0,105,20
11392.12,0,98,24
17924.61,0,115,25
15568.97,0,73,22
18032.3,0,89,25
25333.01,0,105,26
9986.83,0,101,15
17948.84,0,129,18
20601.66,0,101,23
22293.15,0,124,13
9279.86,0,67,15
13477.96,0,99,28
14796.11,0,101,30
6206.77,0,79,24
17576.98,0,132,17
23041.94,0,88,29
9553.17,1,110,17
7889.36,1,120,17
17761.14,0,138,16
16513.33,0,110,15
13811.76,0,92,19
0,0,50,24
12562.12,0,101,18
16998.73,0,93,23
17106.76,0,117,15
5698.04,0,130,20
9435.77,0,68,21
19150.43,0,103,15
20045.99,0,81,17
12615.48,0,122,12
16325.51,0,100,21
20425,0,110,10
11593.69,0,93,21
15277.46,0,129,15
7026.39,0,72,18
16328.54,0,122,16
4836.35,0,142,22
13838.61,0,115,18
9127.65,1,96,25
24611.86,0,92,19
14100.39,0,97,18
7308.82,1,102,21
15485.35,0,108,24
25284.21,0.5,132,23
19303.25,0,108,15
25350.95,0,106,11
11510.56,0,109,24
18791.71,0,125,28
8875.26,0,123,19
13194.94,0,89,11
847.27,0,102,14
14796.9,0,94,20
26398.88,0,85,21
11195.95,0,91,26
15046.89,0,101,22
18895.72,0,65,18
16862.44,0,102,24
13894.59,0,65,18
16976.33,0,100,24
17815.76,0,86,18
13057.98,0,88,22
16035.25,0,85,19
11117.75,0,83,14
18659.46,0,119,21
19972.85,0,91,18
12548.25,0,101,11
17150.56,0,120,22
9181.64,0,103,21
7215.39,0,102,20
17731.81,0,79,15
16246.26,0,115,22
10655.76,0,127,20
8457.97,0,110,15
21223.37,0,92,18
5269.13,0,114,26
15541.94,0,49,23
19486.88,0,87,27
15615.7,0,102,19
14251,0,141,14
12125.26,1,77,26
9829.64,1,85,26
21862.69,0,90,27
11908.7,0,90,18
15958.84,0,104,22
3558.9,1,108,13
9562.1,0,90,22
6973.75,1,102,14
17110.62,0,102,24
9169.54,0,80,25
14217.15,0,71,20
15234.37,0,104,11
16273.69,0,98,22
14220.59,0.5,97,25
21880.15,0,132,22
14217.17,0,120,24
20793.3,0,110,23
6825.26,1,72,19
15737.88,0,81,20
17810.85,0,129,22
12335.49,0,125,13
9351.03,0,70,20
13886.82,0,117,16
7218.63,1,84,7
21192.1,0,131,23
8752.91,0,97,22
19436.88,0,110,25
17057.36,0,127,23
11499.74,1,123,25
17663.14,0,98,20
17503.62,0,124,23
18104.17,0,87,27
14772.43,0,106,15
5911.6,1,89,21
15866.13,0,108,16
9428.83,0,74,24
20845.89,0,112,27
6054.29,0,125,13
10025.84,1,126,22
12058.16,0,97,21
14346.42,0,147,27
9214.36,1,89,21
11518.9,0,107,25
7485.49,1,74,21
14616.62,0,107,27
20075.23,0,105,16
19309.49,0,71,10
13507.99,0,101,17
12292.84,0,106,32
14241.61,0,110,19
9219.76,1,104,24
18024.51,0,85,17
16179.42,0,73,17
15113.04,0,130,12
14339.04,0,94,24
14770.5,0,125,26
16689.54,0,60,26
11964.77,0,140,20
20070.18,0,78,22
14739.05,0,94,20
16449.26,0,116,21
15976.04,0,105,23
5830.88,1,86,14
8864.09,0,53,21
10991.03,0,101,18
4322.51,0,82,17
20357.91,0,41,29
10795.96,0,92,23
6282.18,0,108,18
11957.14,0,87,18
17477.94,0,99,21
17697.72,0,108,24
11802.25,0,65,28
21811.74,0,125,23
13479.64,0,98,21
7532.35,1,156,18
14000.32,0,125,18
18028.49,0,137,23
12246.66,0,94,26
14037.72,0,89,17
14446.15,0,109,21
15290.04,0,104,14
13023.35,0,71,19
20160.22,0,118,26
8933.05,0,112,17
17782.02,0,108,21
13960.25,0,99,24
8051.63,0,86,19
12070.76,0,81,17
4375.4,0,81,15
20427.5,0,53,24
9938.91,0,138,23
15866.67,0,121,30
9488.92,0,81,27
21024.8,0,97,19
22084.4,0,94,24
16375.75,0,95,17
5505.7,0,95,22
15879.22,0,114,14
14554.64,0,97,23
4591.62,0,106,9
10999.19,1,115,13
22925.68,0,109,31
7416.46,0,98,19
12211.2,0,108,20
8862.41,0,52,17
15208,0,90,18
10054.6,1,130,15
2810.36,0,106,24
7248.07,0,129,19
17362.88,0,93,16
16133.09,0,80,14
13801.26,0,81,22
15491.36,0,101,27
11888.52,0,74,26
19433.81,0,124,24
22545.83,0,105,9
11522.29,0,93,23
10354.36,0,125,18
21349.6,0,105,14
14167.78,0,94,16
12803.89,0,65,21
16681.93,0,72,24
11355.25,0,90,32
6743.66,0,91,25
7402.41,1,105,27
14653.37,0,75,13
9413.22,1,66,17
7287.63,1,86,26
17221.91,0,128,26
18203.18,0,86,24
18823.75,0,104,19
9319.66,1,98,12
12186.9,0,86,24
19400.23,0,80,21
10953.35,1,86,13
14526.43,0,77,28
7221.67,0,117,15
12997.37,0,100,23
21262.32,0,103,21
13355.08,0,98,12
15161.95,0,95,13
15247.21,0,104,23
6144.86,0,102,10
14966.94,0,92,20
15158.19,0,124,29
24804.31,0,120,9
7879.02,0,94,22
10860.56,0,100,20
12258.79,0,99,22
17511.37,0,109,17
14380.25,0,121,18
21655.75,0,78,14
21586.49,0,94,23
20165.12,0,71,11
21172.88,0,90,15
17810.3,0,106,28
14128.85,0,95,25
5533.23,0,81,22
10714.93,0,100,17
13622.51,0,90,24
15666.62,0,97,21
12192.96,0,93,28
17370.35,0,87,16
20107.92,0,124,24
16143.42,0,58,16
15630.83,0,100,15
12595.21,0,107,17
6883.25,1,91,25
16623.91,0,97,21
8709.2,0,101,15
5054.64,0,102,15
16643.06,0,100,24
17230.08,0,71,13
13406.69,0,136,14
9492.08,1,103,16
15511.72,0,93,16
15318.11,0,80,24
15315.88,0,119,18
14383.27,0,104,21
4673.53,0,110,12
14362.37,0,106,20
18085.69,0,120,22
8679.96,0,109,18
22409.74,0,100,31
8425.91,1,99,26
24071.15,0,116,13
8269.81,0,104,21
17756.87,0,91,29
12208.28,0,114,23
13451.24,0,93,22
14068.06,0,72,21
10485.02,0,144,15
19174.82,0,96,16
16772.31,0,93,22
9526.28,0,138,23
10293.92,0,132,11
8330.21,1,62,14
13424.68,0,95,28
14508.82,0,53,20
13482.74,1,88,10
21892.26,0,96,19
16028.48,0,96,25
8342.67,1,74,23
17486.84,0,91,26
15864.29,0,96,16
7109.35,0,81,35
15806.9,0,95,18
12933.24,0,77,26
10595.31,1,44,29
8504.64,0,97,20
20772.28,0,97,21
13156.66,0,69,15
12561.17,0,110,18
11514.6,0,120,16
10863.5,0,104,22
12296.94,0,107,18
7084.85,0,98,7
10000.94,1,94,9
16814.94,0,109,6
4252.26,0,89,21
9742.14,0,116,30
16130.63,0,94,29
11407.24,0,113,21
8903.76,1,142,10
12174.8,0,100,25
15282.31,0,87,26
14700.92,0,119,21
12100.74,0,90,23
12057,0,113,20
14147.62,0,89,21
11262,0,100,15
7070.89,1,104,18
9724.06,0,92,22
15476.8,0,135,20
13725.97,0,94,24
20005.57,0,100,15
18123.53,0,114,15
15380.25,0,114,13
16561.42,0,103,27
14977.17,0,97,30
20380.75,0,120,19
14828.59,0,107,16
3610.04,0,120,13
12593.29,0,91,23
8750.49,1,142,29
16058.1,0,133,17
16036.8,0,82,22
10650.58,0,94,21
14407.69,0,85,10
24518.7,0,126,23
21323.3,0,106,19
17146.93,0,104,19
14367.96,0,85,7
8041.55,0,135,18
16581.24,0,123,19
22343.06,0,108,27
8977.46,0,134,15
14869.54,0,103,15
10135.29,0,92,19
18619.78,0,50,25
25119.09,0,81,12
16876,0,65,24
7833.34,1,53,16
20610.08,0,48,23
17701.38,0,89,17
7447.5,0,107,17
16226.48,0,82,19
12581.97,0,104,7
11784.82,0,78,13
20597.82,0,125,23
14972.83,0,75,11
23526.39,0,122,28
10451.43,0,96,24
19801.02,0,74,24
15739.8,0,110,20
27624.31,0,128,24
23948.84,0,96,27
2440.35,1,112,21
19863.49,0,100,15
21182.02,0,104,14
18756.79,0,94,17
11675.63,0,90,20
16582.02,0,83,18
21322.79,0,101,28
11300.51,0,82,25
7768.77,0,109,31
14039.53,0,99,19
16266.83,0,56,17
16614.48,0,40,22
19133.33,0,64,23
12563.63,0,76,23
16875.96,0,89,20
9418.37,0,108,23
9904.74,1,74,27
13976.94,0,59,22
16467.93,0,106,9
16025.01,0,104,16
22935.59,0,85,19
20413.68,0,105,21
9105.7,0,93,25
10905.6,0,132,21
20218.84,0,96,18
8123.74,1,78,7
7996.38,1,117,30
15915.41,0,118,23
15943.82,0,118,23
20299.53,0,116,19
14655.14,0,72,23
13723.76,0,107,20
18137.74,0,76,20
18773.87,0,100,23
19604.26,0,100,17
24863.13,0,100,22
20051.93,0,85,20
15195.26,0,86,17
13775.99,0,85,18
12591.51,0,124,23
18408.38,0,72,21
7839.99,1,66,21
9310.31,0,113,24
12508.44,0,91,22
15734.58,0,93,13
17302.54,0,131,21
15642.81,0,48,20
9409.45,0,81,27
7238.2,0,99,21
9886.35,0,113,20
10458.88,1,121,25
13500.26,0,128,21
21841.78,0,105,12
10039.67,0,111,12
13476.01,0,111,21
12993.55,0,126,29
12484.87,0,103,11
14142.14,0,110,13
9328.46,0,100,16
16863.34,0,112,24
14975.73,0,120,13
8764.18,0,100,17
22478.03,0,88,20
13537.12,0,78,14
14328.16,0,75,22
19708.21,0,78,26
10778.79,0,99,28
12093.97,1,75,18
22522.94,0,43,20
11270.92,1,133,24
20757.06,0,122,23
13580.01,0,100,25
15618.75,0,107,12
10497.99,0,102,26
26898.8,0,106,24
18692.27,0,96,20
17395.44,0,114,22
10194.53,0,113,21
7239.59,0,140,21
11690.64,0,115,21
16791.69,0,147,16
25790.12,0,117,24
19235.78,0,134,21
9358.31,0,109,17
11111.77,0,102,6
13463.68,0,108,20
24753.52,0,130,21
9957.99,0,111,27
17403.7,0,117,12
19677.74,0,59,19
9585.01,0,94,27
16750.28,0,108,22
10095.03,1,94,20
16911.36,0,106,22
10077.04,0,121,22
14211.96,0,115,31
14023.91,0,101,21
13003.69,0,116,23
25526.97,0,101,14
4502.3,1,129,21
6557.28,1,78,11
18247.19,0,143,25
14669.71,0,69,21
10093.35,0,87,23
13917.18,0,109,22
9384.55,0,141,18
15002.5,0,95,34
9152.93,1,111,25
15845.69,0,88,23
16977.83,0,124,21
21072.39,0,72,25
7992.49,0,111,21
13043.99,0,129,24
18590.71,0,120,17
14796.53,0,119,19
15254.66,0,105,18
14580.39,0,81,21
16156.01,0,127,24
19388.48,0,84,7
22465.32,0,117,14
15190.21,0,85,24
21457.41,0,98,14
19827.37,0,86,22
19830.16,0,65,10
11537.96,0,105,8
8367.54,0,121,16
10435.1,1,108,16
14006.6,0,107,20
17915.07,0,86,19
16655.75,0,134,21
6539.63,1,84,19
17369.35,0,124,24
15899.01,0,133,25
15492.87,0,120,22
18025.03,0,68,17
13842.15,0,99,22
17792.23,0,99,27
20538.18,0,126,18
28053.07,0,87,19
15140.8,0,107,21
13905.37,0,100,22
7333.06,1,100,19
7559.06,0,105,24
22735.29,0,102,25
17347.77,0,117,8
17671.83,0,90,18
8222.48,0,139,23
11351.96,0,125,14
0,0,100,16
17764.35,0,80,23
9438.5,0,99,17
21122.3,0,101,23
21264.43,0,110,18
9461.51,0,99,19
4622.29,0,75,19
6684.28,1,133,11
10968.29,0,87,17
9525.6,1,81,20
5577.38,0,61,20
12477.61,0,71,23
20166.3,0,77,22
11714.25,0,97,17
13707.39,0,129,21
10189.84,1,96,18
8474.79,0,107,19
10964.84,0,99,22
25556.14,0,137,28
20496.73,0,103,14
11953.22,0,111,17
10203.95,1,103,11
27291.32,0,79,24
9734.24,0,102,19
16644.8,0,91,14
14750.23,0,127,28
16621.03,0,85,22
2082,0,102,24
16837.98,0,114,22
16929.33,0,106,17
14939.48,0,89,21
9418.24,0,92,25
8538.98,1,123,22
13507.64,0,91,16
16330.55,0,109,27
23307.17,0,120,17
14318.16,0,107,25
25381.23,0,67,13
13279.22,0,116,21
10558.46,1,132,23
14730.13,0,107,19
13110.05,0,105,20
18450.54,0,111,14
21137.32,0,76,20
13515.52,0,96,20
24557.91,0,90,15
13691.49,0,137,18
7679.8,0,128,28
14102.27,0,117,10
18102.16,0,90,11
9872.79,0,111,27
9953.05,0,68,17
9788.83,0,119,27
11032.85,0,111,35
11890.51,0,110,21
4070.08,0,97,14
11803.05,0,119,22
14806.76,0,134,25
15072.97,0,67,21
23457.12,0,105,23
16840.59,0,112,24
19828.98,0,78,14
10381.31,0,120,19
21331.63,0,132,21
15151.79,0,130,19
16062.09,0,108,28
10117.3,0,134,29
8826.77,0,108,12
6010.1,1,95,16
13491.48,0,95,21
12096.48,0,115,21
11183.92,0,121,22
14578.07,0,79,22
17736.34,0,109,16
12517.05,0,90,17
9062.58,0,106,18
12189.12,0,82,25
12795.95,0,85,24
11890.01,0,101,32
11371.85,0,71,16
10802.92,0,87,19
13518.66,0,35,33
22468.03,0,98,20
15788.62,0,137,28
14106.32,0,80,22
12295.88,1,103,18
8045.99,1,84,23
13781.43,0,110,25
11524.3,0,109,18
12888.9,0,108,19
22154.38,0,104,16
26658.9,0,119,24
15571.45,0,69,26
12675.13,0,95,20
20733.07,0,98,14
22403.09,0,71,19
14208.8,0,105,23
18635.12,0,109,17
20923.67,0,94,24
8234.17,0,92,21
10590.34,0,134,27
9630.23,0,120,8
2865.46,0,66,18
17754.36,0,94,28
18209.32,0.5,95,18
9855.58,0,104,18
15091.78,0,100,21
21366.98,0,106,21
7207.8,1,99,21
13742.14,0,118,18
14494.72,0,122,14
12024.11,0,56,20
13903.07,0,132,11
19138.15,0,84,23
24088.5,0,56,20
8359.71,0,126,16
12826.8,0,98,21
11402.22,0,128,25
8210.67,0,93,17
21467.29,0,120,33
8210.27,0,65,25
13347.95,0,111,18
18522.57,0,76,21
16201.49,0,119,20
12618.9,0,97,26
17594.37,0,112,18
17349.69,0,102,22
15452.63,0,75,31
15600.8,0,104,15
0,0,104,18
6945.45,0,79,9
17974.77,0,92,25
17779.34,0,102,21
22661.79,0,156,24
11566.33,0.5,97,18
8075.16,1,67,18
13470.91,0,101,13
21306.43,0,95,22
9649.95,1,90,21
15419.62,0,114,9
14247.66,0,107,21
13416.02,0,105,22
15459.83,0,115,26
20993.3,0,90,26
22446.75,0,105,26
8690.46,0,135,20
8848.56,1,109,21
18235.54,0,59,23
5536.33,0,115,24
17675.55,0,61,20
16951.23,0,63,17
14263.09,0,90,18
21114.05,0,123,21
14266.6,0,97,12
14374.14,0,102,14
16337.98,0,87,20
23026.27,0,85,18
9413.42,1,126,20
15984.78,0,87,16
14999.63,0,96,24
11031.82,0,75,20
14172.85,0,102,16
16534.42,0,97,27
13264.59,0,120,26
9034.33,1,74,16
15061.67,0,85,21
16432.71,0,120,18
12811.64,0,80,18
12395.75,0,108,22
23620.1,0,121,14
18200.55,0,116,22
15768.79,0,57,26
13634.72,0,127,16
18129.99,0,72,25
12264.93,0,122,30
21975.59,0,120,13
9702.17,1,67,13
14359.71,0,93,19
7704.48,1,116,23
13671.69,0,68,15
20177.12,0,95,23
11185.88,0,78,15
13508.02,0,137,31
10921.38,0,112,24
8480.98,0,130,12
21449.72,0,86,21
15297.25,0,151,21
10119.53,0,85,27
25612.74,0,117,21
8070.28,0,89,22
21944.75,0,67,19
12259.2,1,128,22
20176.22,0,93,17
11675.08,0,85,33
10532.23,0,98,19
16064.74,0,88,13
11526.19,1,111,24
5295.29,0,133,18
5785.38,0,75,15
21443.48,0,68,23
11193.62,0,103,19
13767.24,0,109,18
13530.37,0,92,22
11563.2,0,84,18
14428.69,0,107,24
21237.24,0,116,30
15155.64,0,86,22
10548.02,0,79,22
17579.71,0,112,14
16628.15,0,86,18
11140.85,0,104,23
15628.28,0,108,20
15917.88,0,110,15
14557.31,0,91,20
18770.85,0,98,26
22056.3,0,88,21
7383.23,0,71,15
15070.37,0,89,20
10080.96,0,119,19
5957.35,0,105,23
10404.8,0,95,8
11318.59,0,98,19
19576.34,0,126,22
18143.4,0,133,16
10280.74,0,104,20
15783.44,0,95,21
18684.1,0,130,23
20448.18,0,90,20
25345.22,0,103,22
17729.19,0,86,16
8318.13,1,80,21
21081,0,78,29
13265.73,0,114,27
8595.28,1,110,23
15720.92,0,83,23
17170.89,0,86,29
24270.38,0,112,22
17374.6,0,94,25
18299.31,0,94,14
19325.9,0,113,21
18891.86,0,101,17
20164.21,0,113,20
6791.39,1,71,15
9864.28,0,106,23
23790.33,0,107,15
16859.07,0,112,23
18543.41,0,94,18
18499.81,0,139,26
13295.67,0,130,8
17551.27,0,93,24
8188.25,1,87,23
22686.43,0,123,22
20257.11,0,91,15
17837.33,0,106,10
27071.74,0,89,18
23061.17,0,96,16
8858.88,0,93,19
13630.54,0,122,11
2486.09,0,68,25
5917.02,0,75,22
14471.9,0,107,23
16943.47,0,118,17
13606.88,0,100,18
14607.18,0,106,21
17611.99,0,134,17
7244,1,105,20
24395.21,0,127,21
8747.16,1,82,25
13139.78,0,113,19
16927.21,0,78,21
18755.86,0,105,15
5522.33,0,95,15
14224.61,0,93,23
11478.77,0,120,25
9377.07,0,100,20
7953.54,0,87,13
14296.04,0,140,27
12474.7,0,142,30
6940.28,1,81,32
21811.11,0,120,21
14819.38,0,115,12
10170.46,0,107,11
13791.43,0,108,15
15682.28,0,123,18
22079.89,0,130,21
8750.91,0,72,16
15116.81,0,97,12
8754.37,1,99,14
26295.07,0,137,15
11977.09,0,114,24
6662.19,0,81,12
16050.46,0,112,21
11008.52,0,65,17
12645.51,0,111,15
17185.53,0,111,22
6742.92,0,136,27
12608.59,0,100,20
16664.09,0,113,16
5792.28,1,105,18
19751.8,0,87,22
12469.04,1,89,27
17084.91,0,77,22
17996.55,0,112,22
19873.89,0,105,11
18621.35,0,84,27
8877.89,0,78,24
8469.07,1,83,27
8579.29,0,92,22
26951.31,0,53,18
17626.07,0,101,24
15496.45,0,118,16
19125.74,0,101,18
7604.34,0,122,18
16948.89,0,93,22
6642.97,0.5,103,17
15929.37,0,87,22
18821.75,0,65,25
10297.95,0,106,20
10577.49,0,110,23
12047.27,0,107,10
11800.99,0,73,27
14278.73,0,88,22
10075.87,0,79,16
19054.07,0,85,10
17557.08,0,95,28
16483.09,0,86,25
19127.01,0,115,24
14783.55,0,94,28
11663.11,1,86,17
12215.84,1,86,24
13058.98,0,116,12
17296.94,0,85,18
11992.69,0,102,17
15368.13,0,106,20
0,0,80,21
18806.71,0,126,23
14985.88,0,91,16
14034.57,0,112,17
16943.46,0,63,19
15016.33,0,84,19
22026.54,0,129,16
27944.23,0,82,23
17706.85,0,129,18
17095.94,0,104,27
18073.71,0,90,17
11132.25,0,100,9
15630.27,0,78,25
28513.19,0,90,16
15206.07,0,120,22
14677.9,0,79,23
13936.98,0,110,14
17168.46,0,91,18
11853.24,1,100,17
12993.26,0,81,20
21067.42,0,116,17
14448.26,0,121,17
10750.34,0,102,25
10039.52,1,107,28
7325.75,0,75,17
9836.47,0,130,26
13552.04,0,102,27
12119.74,0,120,32
6741.91,0,136,24
15633.89,0,76,24
25217.53,0,77,14
15305.03,0,116,23
15426.82,0,118,7
20045.51,0,76,20
17297.98,0,98,13
17761.7,0,114,19
19658.12,0,107,23
8355.71,1,93,25
15722.77,0,80,20
12878,0,137,20
5093.56,0,51,23
23834.1,0,76,24
13616.36,0,114,28
20198.58,0,128,24
12223.66,1,114,33
9874.83,0,115,23
15621.87,0,92,19
14554.9,0,102,26
6144.17,0,136,24
16803.78,0,129,28
12269.67,0,124,27
21733.66,0,92,22
16098.11,0,57,21
8432.33,0,70,18
7536.66,1,141,17
13097.45,0,92,17
12747.22,0,96,23
12560.89,0,101,19
13693.72,0,77,18
79.63,0,97,13
19950.05,0,92,11
12873.94,0,115,21
22356.9,0,100,14
18017.71,0,75,17
12258.8,0,92,11
8529.75,0,78,25
9292.1,0,118,20
17818.44,0,98,17
10837.15,1,118,7
5487.56,0,103,17
10375.1,0,94,25
8958.28,0,57,18
21485.81,0,115,23
7419.38,0,101,26
16085.96,0,96,18
16754.32,0,95,16
18133.16,0,101,23
5344.96,0,115,20
12023.93,0,106,18
20762.99,0,72,16
20483.03,0,108,23
10894.98,0,116,18
14944.87,0,109,20
18749.96,0,119,28
13655.09,0,63,18
14084.57,0,98,21
11187.34,0.5,113,20
16572.22,0,102,22
15898.07,0,103,30
17477.74,0,112,22
9799.55,0,119,20
5521.81,0,82,19
6475.87,0,86,19
9012.96,0,88,22
17208.73,0,115,19
17715.55,0,99,17
22422.55,0,114,22
9541.67,0,97,20
11001.39,0,83,22
6699.16,1,134,27
18705.67,0,139,28
14836.25,0,100,22
6428.26,1,74,25
10322.56,1,132,25
13804.6,0,98,18
12845.77,0,110,14
10938.76,0,71,10
14234,0,135,20
4683.97,1,134,14
8389.62,0,103,25
18552.94,0,88,27
10165.69,0,56,19
23928.76,0,92,13
13035.18,0,115,24
15005.97,0,115,20
9408.3,0,88,24
22580.25,0,133,18
7393.73,0,111,25
22285.24,0,101,23
13473.98,0,96,21
13511.53,0,89,26
10826.76,0,92,11
18673.25,0,105,18
8989.19,1,99,27
28432.8,0,131,18
11050.18,1,99,13
6189.03,0,85,13
9418.95,0,62,12
22911.09,0,124,8
18359.65,0,94,28
14877.01,0,72,19
11950.03,0.5,82,30
25452.11,0,151,19
16774.55,0,74,23
9924.29,0,106,19
22031.33,0,63,19
17035.24,0,95,25
8031.94,0,106,28
16353.06,0,95,19
22879.56,0,100,20
12934.65,0,95,12
18970.62,0,118,21
10497.36,1,98,15
10449.25,0,132,17
23370.76,0,115,16
10320.54,0,98,27
11162.53,0,122,18
13436.99,0,101,19
18617.14,0,107,18
8924.03,0,95,14
19814.04,0,40,14
19087.55,0,90,8
18814.12,0,70,24
9633.7,1,100,20
15424.98,0,103,19
10241.85,1,108,19
13983.1,0,105,17
7348.22,0,144,26
18646.49,0,100,18
15266.36,0,114,22
17221.74,0,101,19
6499.18,0,137,9
14919.67,0,115,26
15285.89,0,122,17
10641.36,0,60,21
13233.21,0,111,27
6850.19,1,84,19
12282.53,0,118,18
21635.16,0,97,22
17156.95,0,114,8
17106.11,0,109,17
14192.02,0,61,26
17588.98,0,81,15
13857.02,0,89,17
4658.61,0,116,25
23166.08,0,93,23
13913,0,96,28
9431.09,0,107,24
13800.46,0,98,21
19188.49,0,77,17
17372.86,0,136,27
30000,0,86,16
12742.9,0,99,15
11154.32,1,91,16
7614.99,0,86,10
16720.21,0,89,22
11159.35,0,96,23
15640.82,0,77,22
12761.76,0,137,22
21724.03,0,95,21
21072.24,0,72,21
13994.42,0,120,26
11652.12,0,97,18
18795,0,88,25
14992.38,0,88,22
16598.9,0,98,16
17218.22,0,67,14
7854.54,0,98,10
10927.43,0,138,7
30000,0,56,22
10703.3,1,113,20
11732.2,0,106,14
9265.14,0,152,22
8192.28,1,89,29
17680.49,0,91,27
21569.73,0,95,20
16581.83,0,98,22
17623.99,0,85,26
15596.86,0,102,22
16777.21,0,140,16
9140.87,0,107,26
17701.02,0,118,10
5356.54,1,100,29
19293.11,0,127,24
11547.99,0,96,17
11307.22,0,100,26
17641.12,0,81,21
18837.9,0,98,23
13591.67,0,91,18
11138.42,0,103,23
12311.58,0,112,14
9903.44,1,120,19
28760.27,0,104,24
6878.6,0,137,14
20628.2,0,103,24
18912.99,0,93,19
18282.58,0,115,20
18739.98,0,89,19
9996.95,0,103,16
12015.6,0,95,20
9970.77,0,77,17
7651.43,1,108,16
7300.77,1,90,24
14662.86,0,92,18
8622.63,1,90,17
14631.94,0,104,17
9283.48,0,61,21
18841.78,0,52,12
15716.67,0,116,22
7350.65,1,128,24
23195.95,0,107,25
18160.66,0,105,22
11855.67,0,118,10
13916.33,0,79,12
11034.09,0,82,21
7247.64,1,99,11
19146.61,0,133,29
14693.97,0,110,9
9539.95,0,117,18
15665.69,0,145,24
5661.58,0,74,23
9565.63,0,98,24
15070.89,0,61,28
16231.47,0,88,24
9030.5,0,83,20
5900.03,0,115,26
21546.01,0,88,16
15251.48,0,91,18
13767.49,0,98,10
12301.8,0,120,25
11599.04,1,133,31
20586.26,0,93,20
5499.19,1,110,19
16770.59,0,75,20
23185.82,0,70,21
10153.1,0,112,17
14284.14,0,57,22
19814.38,0,115,18
13664.6,0,112,16
9065.74,0,107,17
7160.19,1,99,29
12128.45,0,104,20
15765.52,0,84,28
15732.83,0,80,23
27727.85,0,115,25
9241.03,1,100,27
11363.17,0,41,16
21673.08,0,68,22
23356.4,0,118,18
5174.96,0,100,13
6805.23,0,131,27
8961.58,1,88,17
8480.45,0,134,19
9290.36,0,99,16
12504.69,0,72,20
16867.45,0,92,27
13309.64,0,88,29
11123.17,0,64,24
17245.02,0,98,19
18193.47,0,129,10
24858.37,0,109,19
11977.01,0,94,21
20825.81,0,91,17
12588.11,1,124,18
10186.99,1,112,7
18089.5,0,84,18
9444.07,1,115,20
19408.43,0,113,14
18279.73,0,86,22
8568.21,0,97,19
9132.99,1,115,15
15575.21,0,68,27
20625.12,0,103,26
16992.48,0,75,22
18530.53,0,76,14
16003.01,0,114,24
15204.71,0,92,14
14377.7,0,109,32
14203.4,0,120,22
20505.15,0,124,20
12954.06,0.5,71,25
12823.03,0,86,25
19880.6,0,84,21
22794.8,0,94,19
20956.75,0,128,14
17795.7,0,97,17
16852.28,0,64,23
10992.14,0,84,19
0,0,110,30
8341.54,1,79,31
21250.63,0,84,19
3831.23,1,131,21
17320.03,0,81,15
12968.7,0,83,29
16242.26,0,107,14
9953.19,0.5,119,14
19945.53,0,95,17
12618.42,0,101,16
16133.06,0,126,20
9825.51,1,90,15
9400.89,1,88,15
12164.9,0,107,24
22342.58,0,128,18
8251.69,0,83,30
13313.04,0,126,24
13483.3,0,96,23
18478.43,0,94,19
17417.72,0,122,20
20166.13,0,127,12
23802.96,0,81,8
8564.53,1,84,15
14932.22,0,94,15
18610.52,0,80,20
23251.51,0,78,10
12272.82,0,111,17
26505.56,0,105,22
10014.09,0,101,21
24485.93,0,101,22
16978.57,0,126,29
15718.49,0,101,19
18865.09,0,115,15
8085.33,1,103,25
12954.68,0,90,16
7054.53,1,107,9
11243.89,0,125,15
21748.71,0,87,17
16865.46,0,113,21
10423.53,0,81,18
8496.87,1,86,14
16855.7,0,105,25
18364.71,0,110,20
18228.44,0,138,25
9531.96,0,92,13
18583.41,0,74,23
5558.24,1,113,21
23884.33,0,71,23
22364.13,0,94,21
10878.12,0,112,24
12059.07,0,86,15
7258.57,0,122,17
13790.28,0,67,22
14728.39,0,45,26
6000.02,0,136,19
10788.97,0,114,24
14786.47,0,136,30
0,0,108,17
4223.46,1,100,21
9044.93,0,107,25
10764.82,0.5,86,28
12504.71,0,127,19
22814.03,0,90,14
9445.06,0,93,18
11876.6,0,83,15
9712.32,0,108,15
22695.63,0,75,18
2039.84,0,96,24
8393.64,0,53,20
23837.78,0,105,20
8541.65,0,111,17
6821.55,0,121,15
13152.29,0,85,26
17614.79,0,68,20
11440.6,0,133,19
6757.72,1,65,12
21096.62,0,131,21
21669.68,0,79,22
9804.03,0,110,12
20296.9,0,102,15
15546.87,0,98,17
11093.81,0,83,19
9922.28,0,87,15
11789.88,0,86,21
7861.6,0,112,27
16452.2,0,109,13
18200.41,0,93,9
8037.23,0,105,26
16322.16,0,109,17
7390.71,1,94,30
10222.86,1,92,18
10901.07,0,127,17
14940.16,0,56,18
18194.58,0,104,18
10034.1,0,134,19
25592.5,0,88,17
14845.74,0,85,27
11519.96,0,114,22
22213.4,0,122,31
22946.4,0,86,16
27190.85,0,121,26
13906.6,0,79,19
19859.52,0,88,24
9327.1,0,114,20
17537.41,0,114,23
12413.36,0,110,20
15765.96,0,81,26
9811.2,0,119,13
11420.31,0,107,22
14519.7,0,133,33
22660.17,0,88,20
9166.98,0,138,26
13825.13,0,102,21
11378.81,0,142,19
13824.13,0,82,20
16062.94,0,87,15
1169.53,0,103,24
10952.58,0,91,24
6573.89,0,89,29
13794.96,0,130,18
11633.89,1,82,18
13019.86,0,135,18
1954.58,0,101,26
18407.43,0,99,17
11130.35,0,76,13
18029.88,0,102,20
13680.91,0,84,29
27283.51,0,148,22
15534.57,0,89,30
12598.58,0,106,23
6104.49,0,102,20
13369.09,0,110,22
8706.16,0,78,22
9963.1,0,68,26
13275.33,0,122,19
15902.09,0,113,22
14903.71,0,135,17
12631.8,0,112,11
9945.96,0.5,119,26
8883.08,0,133,18
5044.31,0,117,16
12043.35,0,110,14
14870.85,0,81,25
19051.77,0,103,21
22197.76,0,112,22
25607.77,0,109,21
14855.35,0,87,22
19291.16,0,77,21
8293.8,1,114,15
22754.77,0,99,25
17802.91,0,103,15
18333.87,0,113,16
19446.93,0,95,24
11571.6,0,122,12
19941.1,0,88,15
94,0,97,18
15155.84,0,133,17
11863.87,0,105,25
8836.12,1,100,21
13207.75,0.5,85,18
10051.07,0,75,19
20826.56,0,105,17
12626.56,1,104,7
21169.19,0,130,19
17491.68,0,92,22
20190.18,0,105,16
11675.15,1,98,14
18982.7,0,127,21
5808.79,0,89,14
13715.87,0,108,15
17004.19,0,128,20
12856.76,0,115,25
18360.85,0,115,28
15911.75,0,93,22
13791.53,0,110,25
14209.35,0,78,32
19346.98,0,110,21
14974.11,0,108,18
9130.07,0,112,14
6528.02,0,118,22
22033.82,0,118,18
15591.49,0,125,16
14952,0,89,24
22602.91,0,91,20
15702.97,0,112,9
19663.55,0,117,19
11398.11,1,77,33
11082.69,1,98,11
11331.23,0,75,25
17983.44,0,99,19
20683.25,0,121,9
25535.2,0.5,99,20
20703.14,0,78,24
11637.27,0,68,15
8459.17,0,140,19
22126.03,0,60,19
19483.04,0,86,25
14187.74,0,87,18
11152.92,0,95,20
11697.23,0,101,18
9912.04,0,91,26
19336.19,0,115,24
11276.18,1,127,18
21573.65,0,85,19
6426.13,0,114,19
16973.48,0,98,18
21053.1,0,75,28
13410.06,0,70,15
8961.2,0,80,21
13072.99,0,82,28
14753.57,0,136,15
14860.96,0,83,22
7581.73,0,87,30
13537.75,0,132,19
8045.99,1,78,12
11331.73,0,104,18
12381.75,0,67,18
10996.1,1,70,14
10862.22,1,66,27
16649.87,0,103,20
20905.76,0,92,24
8265.31,0,102,22
18408.82,0,103,18
21586.75,0,113,17
11664.8,0,90,23
9064.11,1,142,25
16074.35,0,129,26
16800.25,0,89,17
11806.74,0,88,24
27763.79,0,88,12
13812.31,0,151,22
15243.39,0,62,16
15567.43,0,107,20
8941.62,1,74,23
12942.91,0,79,17
13563.62,0,116,18
22749.95,0,120,22
16813.95,0,93,32
10251.5,0,106,14
13274.11,0,93,16
4794.5,0,82,17
18663.03,0,106,28
26489.41,0,79,23
9405.28,0,105,20
21953.8,0,111,17
17867.75,0,110,11
11428.95,0,138,23
11104.15,0,89,17
17744.03,0,104,16
11104.21,1,87,16
12066.94,0,108,26
6183.79,1,101,24
26935.76,0,93,23
15430.5,0,139,16
11130,0,74,23
7288.96,1,83,24
7833.63,1,79,23
13574.64,0,142,17
14367.76,0,106,33
20853.6,0,116,23
16674.26,0,118,28
20845.07,0,95,18
21301.97,0,91,20
22904.46,0,109,24
11594.06,0,126,18
16595.34,0,50,13
20296.87,0,125,16
15277.88,0,91,20
18223.98,0,89,15
17210.6,0,110,15
16078.74,0,114,26
9453.87,0,125,22
12517.14,0,111,20
17991.73,0,125,20
9655.09,0,105,21
5467.91,1,112,16
9864.88,0,109,17
10217.99,0,82,23
19119.32,0,88,23
14318.29,0,103,18
17722.66,0,77,20
13119.87,0,110,23
12519.02,0,111,26
18299.1,0,105,23
8575.36,1,112,17
10344.21,0,112,24
12207.43,0,77,17
16428.78,0,100,22
9598.53,0,114,24
24396.27,0,94,27
15719.73,0,114,27
20582.91,0,107,26
4954.45,0,68,18
12504.07,0,107,22
17390.44,0,115,27
23359.08,0,126,20
7707.82,1,84,19
16693.32,0,99,16
15039.29,0,74,15
17031.51,0,109,22
11444.39,0,106,12
14082.78,0,90,20
19008.66,0,80,21
14196.9,0,93,14
22106.27,0,108,22
22226.29,0,50,14
11010.71,0,119,19
16992.86,0,106,22
16109.26,0,97,22
8502.61,0,102,28
9223.63,0,152,12
15934.98,0,90,25
8175.55,0,63,17
15868.94,0,73,16
9956.72,0,100,26
8724.17,0.5,101,15
9781.51,0,81,21
8720.92,0,111,14
13965.63,0,89,21
10332.83,0,99,29
16214.23,0,113,17
19342.54,0,105,22
16106.31,0,87,15
10709.22,0,87,13
10042.55,0,133,21
20935.68,0,89,18
14951.39,0,138,27
15481.05,0,101,15
13094.41,0,107,23
6469.43,0,117,17
12339.78,0,101,15
16603.75,0,93,15
20942.55,0,124,19
21447.04,0,74,26
21197.02,0,134,20
13855.24,0,125,18
12624.28,0,123,12
9350.36,1,123,21
3743.93,0,162,22
13835.74,0,86,21
18912.08,0,132,21
15211.12,0,103,17
18536.35,0,83,19
11105.63,0.5,89,23
7259.71,0,67,28
10870.24,0,122,16
8860.49,1,125,16
16058.27,0,123,19
18682.49,0,139,14
14769.41,0,98,18
13209.56,0,117,13
20630.86,0,100,15
24158.77,0,93,15
0,0,90,16
14841.19,0,76,29
17885.28,0,109,20
19904.87,0,79,14
20259.93,0,110,25
24067.37,0,98,18
13678.73,0,123,18
14650.95,0,109,23
15403.48,0,78,24
18200.16,0,101,14
4943.01,0,61,14
8409.06,1,73,16
5051.96,1,118,18
20466.36,0,126,12
16978.12,0,92,26
14571.52,0,91,25
24161.19,0,90,15
14003.6,0,106,29
17182.3,0,135,25
11095.26,0,81,24
6649.01,1,140,20
16777.19,0,120,27
15003.71,0,94,23
11659.4,0,67,19
23794.39,0,107,18
10176.13,0,125,15
11157.15,0,115,35
11535.91,0,115,8
19087.22,0,83,24
17878.15,0,81,16
15438.73,0,126,31
17337.04,0,105,22
18735.05,0,76,25
13472.08,0,122,24
18040.43,0,69,7
16149.42,0,116,14
8949.43,0,65,23
18989.72,0,96,15
19667.95,0,71,16
8619.76,0,102,19
11885.55,0,94,11
22779.72,0,71,23
19685.06,0,111,21
13404.03,0,138,24
16573.93,0,66,15
18098.75,0,87,16
11492,1,84,18
15746.21,0,119,28
11800.27,0,90,25
20203.63,0,67,23
17365.51,0,89,20
19512.71,0,72,23
13805.47,0,91,22
12160.18,0,82,20
5426.3,0,86,21
10366.02,0,93,33
8744.14,1,84,20
13861.46,0,76,16
16814,0,95,28
12389.03,0,88,13
18235.64,0,110,16
13006.55,0,90,15
16751.99,0,106,21
14981.05,0,92,20
19395.86,0,95,20
9092.89,0,118,18
8849.37,0,118,23
12482.68,0,126,23
4947.79,0,83,14
9068.02,0,93,14
18880.67,0,104,15
11393.63,0,95,21
15276.65,0,94,19
6494.51,0,108,13
17015.6,0,124,16
12186.49,0,128,20
15184.9,0,76,20
14731.19,0,125,28
10599.42,0,118,16
14928.48,0,125,22
8026.2,0,107,17
20747.81,0,54,25
20707.01,0,71,22
12132.62,0,119,24
10696.78,0,91,27
7281.1,0,125,20
12927.89,0,100,22
23639.46,0,76,18
12986.8,0,99,17
18773.84,0,84,16
22774.09,0,104,16
17967.05,0,74,23
19880.9,0,110,10
9822.46,0,99,23
16972.62,0,119,11
19419.61,0,144,30
8096.15,0,94,24
10727.69,0,116,24
19931.53,0,110,17
14849.84,0,60,17
15766.29,0,70,19
19293.78,0,89,17
12398.2,0,93,14
18806.84,0,108,21
11022.92,0,102,25
9555.95,0,99,17
10187.65,0,113,14
19098.48,0,114,24
11364.83,0,89,17
12359.29,0,80,19
11371.45,0,93,22
14104.9,0,87,24
11788.78,0,81,21
14208.92,0,97,14
15004.76,0,94,17
7283.36,1,105,11
5343.67,0,108,12
21438.35,0,135,18
15815.87,0,138,26
8507.44,0,116,22
12097.41,1,123,30
20165.42,0,84,24
21352.24,0,61,11
22037.16,0,127,16
15282.15,0,85,30
16958.52,0,98,19
11149.73,0,82,22
12975.85,0,111,20
13152.65,0,93,20
12853.06,0,101,15
14509.46,0,95,23
11835.82,0,74,19
12632.09,0,87,28
9804.22,0,150,18
7384.08,0,105,29
25620.21,0,87,19
19883.71,0,95,15
19898.45,0,104,21
9255.35,0,106,28
23793.38,0,115,21
11338.56,1,74,16
14916.24,0,119,18
8308.33,1,94,22
6045.15,0,98,21
13155.29,0,96,26
12544.48,0,91,17
17155.18,0,110,20
8185.52,0,96,16
19812.71,0,120,35
17083.31,0,91,21
26223.83,0,103,15
22327.16,0,100,11
10147.16,0,107,27
8049.4,1,105,26
13484.21,0,113,16
21229.61,0,113,22
10414.53,1,95,20
16900.01,0,47,18
18295.54,0,106,16
20023.91,0,117,24
17187.3,0,120,15
12782.08,0,107,15
9588.88,0,99,20
5711.53,0,101,18
6158.95,0,89,29
13169.06,0,66,20
14431.92,0,74,23
7114.96,0,109,28
13727.29,0,102,27
10358.78,0,117,17
19683.04,0,93,13
18151.21,0,102,18
15142.91,0,90,26
17877.3,0,75,8
6148.56,0,139,27
10726.3,0,92,22
18748.88,0,107,19
12473.86,0,107,21
20750.58,0,125,10
11854.16,0,92,16
22770.47,0,96,29
9436.15,0,93,19
14079.98,0,119,14
10337.36,0,88,16
11878.22,0,83,16
14118.59,0,93,24
6485.33,0,111,24
16779.54,0,102,18
18193.33,0.5,121,14
7991.99,1,101,27
10363.31,1,82,18
15115.17,0,122,24
18531.21,0,118,22
9993.56,1,76,15
10801.55,0,106,18
17321.66,0,92,21
15474.94,0,151,18
18171.95,0,75,18
13973.89,0,33,21
15109.73,0,104,29
15416.29,0,107,25
21868.85,0,105,21
20225.38,0,76,20
15961.65,0,87,27
8230.85,0,101,23
16003.5,0,85,13
18757.04,0,103,18
14105.3,0,82,24
16450.13,0,98,30
7207.04,0,101,22
12223.38,0,82,24
17813.97,0,111,22
15672.53,0,79,22
16071.34,0,128,18
23983.32,0,148,26
18215.02,0,132,20
16339.62,0,130,15
18046.7,0,81,24
8234.93,1,96,16
13438.89,0,58,17
18464.1,0,115,14
9067.6,0,77,13
16630.1,0,100,22
18966.67,0,102,23
12296.19,0,122,17
12613.8,0,139,22
16883.26,0,117,24
16095.97,0,103,17
9881.56,1,89,24
17243.79,0,100,25
22471.69,0,146,13
11881.16,0,87,27
13338.95,0,101,25
9303.11,0,92,19
12227.26,0,73,25
14266.88,0,152,13
11575.77,0,75,15
12313.36,0,121,25
11557.84,0,103,27
14851.52,0,91,14
17597.92,0.5,99,19
15042.64,0,92,24
18477.26,0,114,18
17819.47,0,102,12
15843.43,0,74,19
15030.58,0,91,14
15449.49,0,97,27
9555.19,0,110,10
19192.12,0,113,24
12249.74,0,129,17
14862.23,0,98,18
12397.74,0,84,27
22809.76,0,110,30
19961.21,0,88,27
4226.15,0,142,19
13309.37,0,56,27
11433.81,0,91,25
20702.78,0,80,17
16598.26,0,111,17
12545.14,0,67,18
20556.79,0,99,27
16162.98,0,96,18
9840.33,0,76,18
15495.83,0,88,28
8871.12,0,121,22
8894.27,0,92,23
5421.99,0,97,20
16852.6,0,101,18
8406.07,0,75,21
24246,0,110,17
13453.66,0,93,16
24752.04,0,140,20
13488.79,0,94,22
20871.07,0,130,22
21798.9,0,115,28
6887.99,0,99,18
3509.27,0,82,26
18254.08,0,130,21
10802.55,1,82,23
15938.92,0,125,16
11141.74,0,100,21
22931.77,0,72,21
15667.31,0,98,18
14241.25,0,153,25
13383.94,0,148,22
16521.03,0,120,18
13000.17,0,96,15
8392.45,1,92,20
10233.55,0.5,82,30
25635.34,0,92,27
7183.35,0,114,19
16786.44,0,104,16
27699.13,0,64,22
10486.23,0,138,20
14346.77,0,91,27
22173.71,0,124,24
10914.46,0,105,17
5917.66,0,88,13
18383.1,0,94,17
11904.99,0,135,14
16585,0,102,22
13568.34,0,122,11
16268.65,0,116,18
9098.38,0,78,21
9407.89,0,89,21
13014.52,0,95,15
13492.44,0,78,22
19504.36,0,84,23
17827.86,0,135,21
345.5,0,107,23
15938.39,0,105,19
18347.13,0,129,24
7112.59,1,125,22
8560.39,1,93,10
24801.76,0,94,15
13247.54,0,66,16
13445.9,0,68,14
16766.15,0,122,18
17836.35,0,105,8
8967.24,0,105,22
12523.06,0,76,20
12197.03,0,84,13
15786.93,0,98,21
13854.6,0,97,19
13159.23,0,116,21
9472.6,1,122,29
6404.03,0,128,21
18607.53,0,94,19
17661.11,0,109,24
11663.63,0,110,19
11878.02,0,94,24
12445.72,0,118,23
11616.44,0,105,17
16944.84,0,120,14
15558.04,0,113,18
12471.24,0,114,21
12974.21,0,64,19
17602.38,0,109,22
10175.38,0,93,27
7597.38,1,84,29
12396.64,0,132,20
13259.38,0,75,23
19802.7,0,126,25
6662.22,0,102,17
16346.05,0,62,27
10812.58,0,107,15
17261.89,0,55,25
17786.57,0,112,30
6247.66,0,125,21
16476.19,0,99,29
10646.95,0,108,18
12671.25,1,134,13
18618.9,0,84,24
14938.32,0,105,26
11539.83,0,127,21
15723.05,0,112,19
12790.65,0,104,24
15430.37,0,83,32
16481.37,0,75,20
10966.46,0,87,14
11338.8,0,118,7
10665.88,0,110,17
13482.51,0,123,21
12265.56,0,85,24
14325.88,0,81,21
22366.19,0,115,16
17741.68,0,112,29
17586.49,0,80,20
22218.32,0,111,20
19974.63,0,69,20
8715.75,1,94,21
22088.17,0,73,22
14587.02,0,77,30
15927.69,0,85,19
20358.56,0,101,17
9195.03,0,128,26
12137.78,0,108,19
15312.1,0,83,18
10881.53,0,90,23
12321.92,0,127,16
11045.79,0,72,21
14086.18,0,96,22
13284.58,0,55,22
22677.04,0,97,22
18755.67,0,115,15
20287.1,0,93,18
12491.33,0,98,18
13414.91,0,95,18
14425.86,0,108,20
11421.49,0,103,26
9586.26,0,109,27
12351.67,0,101,23
24577.34,0,125,20
11774.67,0,93,22
8442.98,0,122,27
13400.93,0,105,15
11136.46,0,93,19
21312.88,0,139,15
13199.34,0,116,25
9330.8,0,126,18
19546.55,0,83,23
19186.66,0,106,11
22289.88,0,112,22
23456.7,0,102,26
19261.24,0,108,18
15067.65,0,79,20
10294.15,0,104,23
12713.2,0,112,12
16708.49,0,92,21
11833.67,0,105,26
14133.58,0,84,25
14808.08,0,65,26
22765.53,0,81,19
12273.94,0,88,27
8028.14,0,106,24
14368.14,0,83,27
5631.24,0,136,25
12959.41,0,99,23
22234.54,0,122,14
7595.97,0,104,14
12578.33,1,109,11
18262.81,0,97,21
12562.48,0,117,16
20343.7,0,68,30
14150.09,0,95,12
7557.14,0,109,22
19248.46,0,104,11
12274.63,0,93,20
20443.26,0,85,20
17493.92,0,58,23
10712.23,0,105,24
13572.56,0,83,16
16515.39,0,78,29
15913.52,0,136,13
20219.26,0,83,23
17445.4,0,94,11
6248.63,0,84,13
23309.47,0,130,22
21002.53,0,108,16
20592,0,88,19
8014.49,0,120,17
13730.75,0,102,19
25071.19,0,78,12
19905.46,0,94,15
16882.83,0,112,19
12449.16,0,114,13
16071.51,0,107,25
11206.2,0,109,24
10209.18,0,120,26
15072.48,0,110,15
12965.18,0,108,13
10490.21,0,105,19
24617.73,0,76,32
16181.76,0,90,18
9416.79,1,102,21
4656.16,0,89,24
8518.62,0,119,18
21048.52,0,115,16
8622.48,1,123,28
17148.52,0,122,18
12507.79,0,83,27
15599.63,0,80,18
10092.78,1,71,22
20512.63,0,108,24
19796.76,0,75,23
11482.05,0,64,20
10676.37,0,139,22
10569.07,0,100,23
11608.41,0,146,13
11353.86,0,103,34
7971.75,1,104,14
9828.33,1,76,21
14983.51,0,122,24
13326.97,0,106,24
23805.01,0,119,19
10906.35,0,110,20
20040.29,0,125,22
11384.92,0,105,16
13412.67,0,77,10
1660.48,0,103,16
18926.88,0,81,22
15642.19,0,99,21
23543.7,0,86,28
5551.77,0,50,20
8443.1,0,80,26
15605.33,0,135,15
18660.8,0,109,18
9588.24,0,93,23
15502.56,0,89,14
18080.95,0,104,20
9070.06,0,79,16
9913.79,0,100,18
12510.91,0,104,16
7264.67,0,109,17
14743.13,0,115,10
15814.02,0,93,11
9529.58,0,103,18
16922.11,0,110,23
17824.48,0,98,22
7092,1,92,12
12646.81,0,100,22
7043.39,1,82,21
13946.27,0,104,17
15603.58,0,121,19
13841.98,0,100,22
22008.85,0,101,18
18105.04,0,84,21
11754.06,0,99,24
18754.37,0,86,24
4197.57,0,106,30
19882.27,0,123,24
19531.87,0,94,24
13710.17,0,89,12
20377.33,0,96,20
16556.87,0,123,19
13584.89,0,99,17
17132.37,0,54,19
21623.06,0,91,17
17021.82,0,113,25
17989.73,0,109,18
16263.36,0,87,25
15705.31,0,60,16
10622.42,0,96,24
22357.97,0,123,14
25597.14,0,128,30
15766.28,0,135,23
18041.51,0,110,25
14953.76,0,84,14
18253.55,0,100,15
14649.42,0,69,22
16649.56,0,85,27
17724.83,0,57,13
10492.32,0,61,27
17425.7,0,119,20
16875.37,0,68,29
9807.63,0,90,17
9416.01,1,116,19
16271.41,0,105,26
20143.38,0,113,30
7837.67,1,96,24
10300.99,0,99,24
18558.45,0,72,14
13462.46,0,99,22
9499.87,1,116,19
15783.49,0,100,24
6951.67,0,136,18
16163.05,0,94,18
20723.44,0,113,18
18744.13,0,79,16
13572.85,0,82,20
2683.95,0,67,11
4800.88,0,119,14
9762.83,0,68,19
10713.22,0,77,15
16435.77,0,93,17
24621.49,0,40,22
20249.74,0,95,16
17422.04,0,66,20
14493.31,0,132,23
12941.51,0,99,15
16313.91,0,102,17
23313.87,0,126,25
15265.41,0,87,17
20092.59,0,113,16
18996.86,0,101,25
21848.4,0,108,21
14017.34,0,62,28
17648.82,0,121,23
13057.68,0,118,16
13174.41,0,143,17
15330.07,0,97,24
13413.92,0,106,25
8230.09,1,100,20
10119.99,0,134,15
9736.29,0,71,14
16792.17,0,83,21
12242.8,0,98,19
9836.16,0,62,24
19461.25,0,98,15
27502.35,0,104,29
18434.47,0,119,17
9253.79,0,125,17
20404.72,0,66,13
12563.93,0,132,18
2935.48,0,90,22
12401.59,0,122,18
21534.26,0,86,12
22556.43,0,112,26
26062.33,0,95,21
9636.27,0,106,24
9719.76,0,88,17
7993.91,0,95,29
15369.95,0,123,22
19335.53,0,98,22
12269.16,0,92,12
7837.26,0,94,27
8994.29,1,105,8
14432.46,0,80,15
16442.96,0,123,19
16479.89,0,93,21
22743.89,0,92,19
13491.88,0,95,20
22073.01,0,77,32
17266.44,0,115,24
26377.55,0,81,20
8452.86,0,121,20
7317.54,0,76,28
6414.55,0,62,14
11524.98,0,95,13
14388.19,0,93,24
18713.85,0,98,17
11678.61,1,96,19
16303.35,0,68,22
11401.74,0,138,15
26085.52,0,88,15
8947.17,0,118,20
11146.94,0,116,31
16176.66,0,80,8
7974.9,1,97,29
8107.85,0.5,113,21
20429.63,0,105,14
15884.04,0,79,25
20764.84,0,74,16
19086.79,0,110,9
10453.97,1,101,21
3934.08,0,115,25
12729.55,0,119,16
15807.48,0,94,29
17551.48,0,111,16
9033.46,0,107,19
26807.51,0,73,27
21979.06,0,121,17
17402.83,0,86,25
13002.73,1,123,13
14791.27,0,64,18
18847.35,0,104,13
19080.78,0,120,27
26958.31,0,82,23
5896.9,0,72,25
6712.29,0,89,19
25393.68,0,135,20
8743.75,1,93,18
15255.53,0,108,18
14913.19,0,70,20
12158.8,0,113,14
5317.58,0,110,25
20819.29,0,111,19
17407.39,0,85,16
19252.68,0,74,25
21811.34,0,106,28
16976.85,0,114,20
20309.08,0,114,16
17583.94,0,115,12
12268.72,1,130,13
7275.5,1,118,8
17259.6,0,92,17
8933.85,0,90,11
8793.46,0,60,22
6233.46,0,88,12
12064.31,0,115,22
22822.09,0,98,17
21143.52,0,115,17
15525.56,0,120,22
5510.77,0,118,24
22729.21,0,142,21
4679.19,0,117,19
12574.95,0,90,25
11595.65,0,87,23
12736.12,0,132,25
12209.14,0,100,21
22228.13,0,122,14
11940.63,0,94,15
16684.2,0,86,13
20029.76,0,116,12
7912.98,0,64,24
14686.46,0,99,15
16870.53,0,60,10
6131.1,0,122,20
14285.27,0,89,19
9962.64,0,91,22
19120.18,0,116,23
7474.36,1,71,19
0,0,71,20
9638.15,1,102,21
17317.75,0,91,24
14953.69,0,114,24
17027.79,0,107,18
8427.89,0,109,19
16025.87,0,71,12
20470.21,0,134,24
2975.07,0,60,20
8839.92,0,115,24
23976.36,0,77,20
12146.13,0,75,29
16540.43,0,107,26
20519.98,0,96,12
17038.44,0,85,30
11166.7,0,75,15
13797.24,0,106,6
9643.47,0,115,14
17772.01,0,103,30
21355.56,0,106,28
8841.71,1,109,18
7948.56,0,101,17
8784.46,0,91,9
13781.37,0,84,20
16390.22,0,128,27
23931.49,0,131,22
7529.61,0,117,15
12070.05,0,70,16
12044.69,0,109,13
13375.36,0,119,15
17444.89,0,93,14
7816.37,1,61,22
6295.56,0,122,18
21379.3,0,94,23
15420.33,0,104,24
11899.25,0,107,15
22647.88,0,85,18
14503.36,0,121,29
20072.58,0,148,11
19552.08,0,130,21
17039.58,0,109,25
20633.37,0,62,26
16784.94,0,53,23
16004.48,0,108,19
21115.36,0,102,13
12685.58,0,92,23
23746.1,0,107,22
14443.37,0,107,19
13455.15,0,101,23
15166.23,0,108,23
20048.91,0,140,24
7109.4,0,81,26
18272.6,0,82,22
7792.8,1,70,15
14218.93,0,95,29
6184.49,0,106,17
22114.37,0,108,19
10043.62,0,105,14
11563.3,0,44,19
19112.69,0,103,20
11875.46,0,79,22
3847.95,0,67,22
16070.81,0,116,24
20165.91,0,118,23
16923.51,0,109,10
2636.16,0,104,18
8969.19,0,86,10
13661.44,0.5,122,11
10140.49,0,157,20
7189.8,0,111,18
13340.51,0,86,19
7821.78,0,111,15
14819.2,0,90,11
13806.82,0,88,12
23156.34,0,94,18
8809.41,1,84,18
21266.56,0,108,26
25028.34,0,120,20
13998.6,0,106,21
16326.58,0,113,24
15119.85,0,100,21
13882.78,0,100,23
6749,0,116,14
21641.83,0,77,33
11500.15,0,127,23
15116.3,0,90,23
20053.13,0,89,13
14704.14,0,102,11
3564.26,0,88,23
16567.06,0,88,15
11847.85,0,87,19
17065.86,0,107,23
9772.32,0,129,30
2066.05,0,89,16
9061.48,1,64,21
8082.15,1,92,20
7718.69,0,109,20
18573.36,0,89,26
20519.87,0,86,26
17875.32,0,128,23
14379.67,0,92,19
19157.36,0,108,20
23408.82,0,91,19
6479.42,0,130,21
17615.31,0,101,21
14015.77,0,103,33
6027.47,1,72,30
8470.21,1,85,23
9788.04,1,134,26
14521.37,0,119,19
15655.58,0,128,17
6720.29,0,101,20
14327.88,1,88,17
11357.02,0,94,14
11391.32,0,124,23
5603.21,0,114,14
19067.41,0,85,10
22980.95,0,109,16
15936.05,0,106,25
10471.02,0,99,14
14172.48,0,97,24
13112.08,0,103,15
17005.03,0,122,19
14629.84,0,123,32
18419.83,0,99,23
17068.45,0,118,21
19987.03,0,86,24
20691.29,0,69,26
15266.71,0,88,25
15225.96,0,69,22
16714.11,0,122,16
24029.5,0,115,29
10894.85,0,95,14
21728.04,0,122,12
15436.04,0,108,20
4410.83,0,114,24
8584.52,0,117,15
17804.79,0,90,17
8665.45,0,115,20
8777.01,0,103,17
11236.3,0,89,29
23570.8,0,125,18
11441.68,0,145,13
17577.03,0,130,7
16531.34,0,80,28
18884.71,0,97,25
9871.28,0,110,23
15231.09,0,144,23
18025.36,0,74,23
17698.13,0,111,12
13409.81,0,117,24
19018.07,0,124,33
16075.4,0,146,18
11674.45,0,99,27
17660.69,0,83,29
9441.98,0,91,17
20551.83,0,94,22
10595.38,0,71,14
30000,0,68,26
14583.14,0,87,21
11953.32,0,89,14
14678.61,0,80,25
16786.78,0,106,20
11492.6,1,73,26
13427.66,0,79,34
10161.45,1,89,26
8024.3,0,134,20
21838.67,0,101,10
13461.74,0,120,19
10682.24,0,80,26
19528.18,0,104,16
16882.84,0,64,22
21701.81,0,137,18
13267.41,0,112,22
4538.01,0,62,15
10931.82,1,131,23
17931.37,0,129,21
10521.71,1,101,31
6183.93,0,75,30
26039.9,0,104,21
8927.48,0,101,16
16401.38,0,140,18
23030.55,0,102,21
9258.77,0,69,15
10114.79,0,108,15
10841.23,1,115,28
10154.38,0,116,9
12249.73,0,123,22
10668.58,0,96,13
13825.6,0,110,12
14331.91,0,113,15
22239.5,0,84,27
17115.36,0,89,16
18127.19,0,74,20
27533.13,0,94,21
20153.35,0,114,14
18491.78,0,87,24
7926.61,1,78,28
7365.88,0,93,11
16558.45,0,116,21
11325.43,0,85,16
10949.43,1,120,22
20678.31,0,90,16
13368.06,0,119,22
15698.92,0,68,13
17069.09,0,73,16
8530.07,1,88,22
14924.61,0,83,22
20282.4,0,119,16
18959.13,0,112,21
17344.91,0,128,25
15407.47,0,70,22
12234.45,0,113,18
16884,0,107,21
14071.54,0,107,19
13969.67,0,113,21
10178,1,70,17
16659.11,0,111,14
7328.83,1,96,27
6439.23,0,103,23
8309.33,1,92,13
16601.52,0,114,17
13167.66,0,119,26
9262,1,96,22
10875.59,0,105,17
7874.24,1,133,19
12657.06,1,58,13
12950.81,0,102,26
23088.12,0,135,22
18533.89,0,92,20
14877.07,0,84,21
10323.39,0,104,12
17862.54,0,83,27
15755.59,0,67,16
14717.47,0,90,27
17589.86,0,54,17
18844.78,0,82,13
7981.34,0,107,26
12614.37,0,115,25
9548.24,0,100,25
18039.46,0,98,15
14323.53,0,98,14
11693.57,0,111,26
12994.41,0,69,21
15851.95,0,93,13
18827.55,0,117,19
19658.92,0,89,15
7271.15,1,78,16
7968.58,1,103,16
11362.84,0,109,23
14804.92,0,106,18
13212.94,0,112,16
5888.4,0,79,15
24386.97,0,117,21
25911.84,0,114,8
14813.64,0,106,20
18328.68,0,110,27
18589.05,0,71,16
10286.57,0.5,139,25
14389.83,0,87,23
14063.91,0,123,18
11894.77,0,124,17
8974.13,0,73,28
13912.9,0,91,18
15710.56,0,99,22
7939.63,0,82,28
9506.71,0,107,19
15948.01,0,97,17
16736.16,0,89,17
14455.81,0,85,28
9277.38,0,118,17
8356.7,0,107,16
7368.6,0,75,17
20013.91,0,133,26
19095.7,0,123,23
19180.77,0,100,32
15204.53,0,139,25
17020.3,0,77,23
11071.28,0,67,24
17808.9,0,50,21
20793.84,0,87,20
14359.34,0,88,14
11953.57,0,118,15
15476.18,0,125,20
18314.86,0,103,22
14005.83,0,95,18
10773.24,0,90,13
15788,0,118,13
10872.94,0,85,28
15149.99,0,97,20
12596.11,0,89,22
14198.38,0,90,7
13978.22,0,99,26
12833.35,0,104,17
16762.31,0,108,8
14979.5,0,87,23
8719.19,0,71,24
9405.43,1,136,16
19266.16,0,113,18
6865.77,0,120,17
14795.43,0,81,20
14673.3,0,77,22
19671.5,0,104,18
21165.59,0,81,27
21304.99,0,114,15
17867.09,0,112,25
10040.63,0,122,24
17215.76,0,98,14
14048.62,0,92,17
15943.5,0,73,20
13230.39,0,102,13
10985.37,0,144,14
23634.67,0,97,21
13139.57,0,89,16
14295.16,0,71,16
12538.16,0,97,18
21138.51,0,66,17
7785.58,1,114,23
12838.97,0,102,18
19122.99,0,157,21
17504.45,0,106,16
12693.19,0,116,21
17803.81,0,151,25
11420.42,0,84,24
15805.37,0,90,25
20299.16,0,77,25
12069.31,0,85,20
17347.99,0,99,21
16186.9,0,81,8
21388.34,0,98,13
17768.55,0,110,17
7562.96,0,126,13
8675.61,1,53,24
10042.4,0,75,24
15091.64,0,111,16
20323.63,0,149,21
21757.51,0,77,25
14238.21,0,80,21
25295.86,0,131,18
16269.22,0,71,18
12680.13,0,126,23
18391.1,0,75,16
21895.51,0.5,55,18
24793.22,0,88,23
19492.67,0,129,27
16143.43,0,101,22
5840.92,0,99,23
23762.47,0,107,25
15073.89,0,97,16
15230.32,0,146,26
22647.94,0,114,21
20325.77,0,106,16
21741.08,0,78,9
16272.15,0,93,18
11564.28,0,73,22
25039.98,0,85,24
15650.29,0,85,25
3964.94,0,81,21
16462.61,0,84,24
7820.88,1,97,23
13394.36,0,121,19
23695.75,0,129,27
18651.55,0,93,22
11987.69,0,131,19
15587.6,0,123,15
14155.27,0,129,24
8967.42,0,125,14
12900.28,0,104,22
13950.25,0,52,20
10510.46,0,107,27
22126.92,0,78,18
9336.3,0,99,26
10090.54,0,121,14
19960.71,0,103,23
10411.12,0,106,24
15364.09,0,122,28
14079.45,0,86,17
24789.89,0,138,20
14150.78,0,92,20
22812.43,0,93,25
5980.78,0,96,12
9913.49,0,118,17
13000.58,0,120,24
7577.7,0,94,21
14232.74,0,109,10
22929.49,0,120,18
23202.9,0,96,23
18624.95,0,100,28
14963.47,0,92,20
9952.87,1,110,23
10406.27,1,89,17
11658.43,0,130,22
20134.52,0,96,23
8336.45,1,97,25
25184.87,0,118,20
18885.54,0,141,22
14631.56,0,108,26
7279.52,0,142,13
7816.82,0,92,32
18731.19,0,110,15
11461.78,0,99,22
10524.34,0,144,20
25036.12,0,94,30
24083.72,0,154,22
12281.12,0,109,18
9397.93,1,101,25
17869.43,0,91,26
20123.76,0,86,23
14100.38,0,100,18
17828.42,0,89,22
18468.96,0,111,15
18162.37,0,121,21
18042.05,0,100,10
12655.56,0,104,19
2490.01,0,109,19
10607.57,1,74,18
12839.92,0,106,19
12272.86,0,104,24
10555.43,0,119,17
19533.28,0,111,14
22340.74,0,89,21
28743.52,0,120,18
6766.64,0,93,17
10199.9,0,91,21
1820.03,0,76,24
18541.27,0,128,14
16807.43,0,112,19
16334.24,0,120,12
13639.89,0,102,21
14559.98,0,89,30
19104.44,0,166,13
15179.62,0,80,21
15510.91,0,76,23
14976.77,0,126,23
24961.8,0,95,24
18720.04,0,117,32
11753.66,0,71,12
10408.46,1,108,12
17962.5,0,66,18
13072.19,0,92,17
18728.53,0,84,16
19172.71,0,107,23
14758,0,98,19
10610.2,0,97,17
23755.77,0,90,18
10243.85,0,105,23
19908.11,0,120,14
5135.76,0,116,10
14423.95,0,100,25
9491.35,1,125,29
16706.99,0,90,20
15979.3,0,118,22
10599.02,0,112,26
18660.23,0,92,23
16881.36,0,100,12
16153.91,0,113,19
12614.05,0,123,22
16837.73,0,95,25
21564.75,0,104,21
17045.2,0,110,18
7585.67,0,108,20
10874.2,0,116,19
19105.98,0,91,19
19128.55,0,90,11
17836.74,0,120,29
17927.88,0,101,27
11384.87,0,71,24
9824.15,0,99,11
15232.81,0,138,24
18876.09,0,69,9
10203.08,0,53,20
20235.62,0,93,17
8680.16,0,99,23
14775.08,0,115,19
12935.83,0,67,20
8107.42,1,73,19
16940.24,0,100,19
10749.48,0,111,20
17635.72,0,118,21
8345.66,0,69,20
13964.4,0,98,22
13505.14,0,108,14
19370.88,0,82,16
10097.72,0,76,24
15057.4,0,121,22
19590.48,0,85,18
5375.01,0,132,23
14104.9,0,128,24
9367.1,0,97,14
10498.97,0,80,21
4915.35,0,58,18
23235.05,0,116,15
10946.42,0,97,17
13722.84,0,140,21
13613.09,0,140,16
21720.78,0,81,21
6479.56,0,102,19
10564.45,0,99,17
6936.88,0,148,15
7307.21,0,136,22
9150.79,1,97,18
11259.2,0,84,17
19983.99,0,123,17
15396.84,0,77,16
11746.16,0,115,17
16571.35,0,131,21
24764.19,0,107,20
10900.57,0,92,24
18688.25,0,102,21
14742.14,0,101,19
7637.74,0,104,18
9448.1,1,106,17
23203.57,0,117,19
10181.03,0,100,17
18139.65,0,109,13
10471.7,0,83,21
19547.95,0,133,16
21834.67,0,104,15
20977.93,0,136,12
21265.24,0,110,27
9763.13,0,113,29
15679,0,126,18
20858.43,0,99,8
16542.89,0,86,22
12895.63,0,109,29
12121.34,0,112,16
18828.81,0,107,26
16208.02,0,102,11
12107.3,0,88,28
10241.7,0,85,28
11090.22,0,72,23
22644.86,0,82,16
8033.99,0,92,17
14449.37,0,116,21
27702.24,0,115,19
19394.81,0,122,22
9480.83,0,97,20
10134.81,0,96,16
6254.2,0,69,18
19426.74,0,124,27
12357.62,0,121,21
15115.91,0,78,18
14675.3,0,99,19
9697.36,0,77,22
16231.08,0,127,21
12368.13,0,97,25
13778.14,0,77,13
20082.42,0,114,20
10790.03,0,98,24
8102.83,0,105,21
20757.57,0,73,19
17556.1,0,106,32
2376.7,0,98,25
13595.2,0,101,12
4646.23,0,84,21
16292.74,0,97,20
29140.79,0,93,25
7926.65,0,99,17
15912.64,0,108,26
14616.01,0,136,17
16598.1,0,118,22
12502.82,0,98,13
8996.1,0,73,30
20138.28,0,66,15
6981.5,1,107,24
15364.22,0,119,24
16588.59,0,156,20
12545.8,0,116,21
9439.67,0,107,20
11423.27,0,100,20
8949.75,0,97,18
18717.18,0,102,19
13564.88,0,92,27
4332.51,0,109,12
19194.97,0,68,20
11403.49,0,86,24
12530.5,0,94,21
6989.14,0,103,16
8075.27,0,118,17
16885.16,0,81,19
14214.29,0,113,12
7554.87,0,109,24
11026.9,0,123,18
20427.79,0,99,18
13358.55,0,124,20
7003.52,1,96,15
11802.43,0,114,18
11437.52,1,118,24
18080.77,0,83,11
19692.43,0,65,14
9834.89,1,94,18
18556.23,0,106,15
16644.83,0,97,22
20504.02,0,93,18
20068.62,0,63,13
5065.07,0,66,18
19219.12,0,71,21
15347.74,0,78,20
21365.75,0,74,15
16044.39,0,98,22
9416.29,0,103,21
9090.82,0,96,15
13648.57,0,124,25
17779.09,0,133,18
23075.69,0,105,12
8318.17,0,107,20
30000,0,151,15
16533.41,0,95,23
8677.87,1,75,13
13765.75,0,95,22
24539.64,0,121,22
19495.73,0,94,15
14908.72,0,147,29
10576.02,0,68,19
16488.83,0,98,21
17439.08,0,77,36
18299.59,0,92,23
6904.28,0,83,17
8047.48,0,116,22
7453.51,0,96,28
14736.92,0,68,22
23474.69,0,132,22
24758.57,0,94,16
16196.94,0,97,25
4915,1,85,16
11614.53,0,66,26
11325.75,0,91,19
10298.03,0,99,21
16412.45,0,89,14
17574.26,0,89,26
12931.54,0,70,18
13196.85,0,125,19
10943.24,0,102,16
21335.62,0,108,20
13316.55,0,133,15
12654.48,0,70,29
10793.43,0,66,16
6211.63,1,114,15
5656.62,0,131,13
18099.77,0,101,12
10896.65,0,122,25
10529.43,1,115,17
21755.44,0.5,99,16
10826.12,0,107,18
14038.25,0,72,15
7143.01,1,81,13
11885.39,0,97,23
13955.51,0,108,16
15883.27,0,98,19
15922.25,0,78,23
7152.45,0,94,23
16251.59,0,115,20
18516.45,0,103,21
24099.9,0,84,17
11610.08,0,73,21
17284.89,0,92,15
17865.38,0,128,21
6253.37,0,88,19
11509.53,1,107,24
3061.48,0,109,23
6566.67,0,100,14
15477.28,0,148,20
19192.22,0,103,19
6946.14,0,93,26
18813.68,0,116,18
9191,1,104,22
12559.3,0,103,24
12129.12,0,71,25
13298.21,0,95,17
2423.95,0,90,21
23836.52,0,120,19
17355.75,0,98,10
15427.93,0,130,19
17455.42,0,124,18
8261.07,1,103,17
21474.15,0,113,18
12230.7,0,115,24
9485.9,1,111,13
17326.97,0,114,22
6301.76,0,82,16
18412.94,0,96,10
7959.68,0,100,20
18572.31,0,106,19
14160.76,0,107,28
18205.84,0,100,23
15493.77,0,94,26
17666.67,0,78,27
20252.57,0,81,24
17235.77,0,87,27
18077.47,0,116,12
8602.66,0,107,13
13269.97,0,135,14
21416.43,0,142,16
18867.79,0,78,17
12262.51,0,95,22
23657.45,0,108,13
7454.37,1,139,29
15795.61,0,64,19
6337.12,0,124,9
17768.34,0,99,16
20000.39,0,94,20
8761.76,1,115,10
15473.9,0,141,20
12796.26,0,100,11
5064.2,0,79,20
17971.44,0,90,19
12282,0,119,19
7025.25,0,109,19
16355.04,0,96,23
18504.33,0,98,23
14633.2,0,93,20
12681.9,1,122,22
9056.08,0,115,27
6626.09,0,98,22
6720.39,0,82,26
19130,0,125,28
10274.24,0,102,18
5587.49,0,98,31
11102.51,0,104,27
9532.07,1,105,22
10838.04,0,115,14
24672.18,0,132,11
10114.18,1,52,23
9015.5,0,103,24
252.03,0,94,17
18481.92,0,121,20
18713.93,0,102,14
9229.5,0,107,14
12317.08,0,101,12
14214.01,0,94,19
16731.77,0,162,21
18411.78,0,72,17
19644.27,0,79,22
13809.3,0,107,14
20922.33,0,92,26
18333.9,0,104,24
3646.21,0,75,22
15011.32,0,109,22
7527.28,1,98,24
16275.64,0,62,20
11136.33,1,95,15
9676.46,0,64,9
15399.91,0,97,12
9178.7,1,99,21
17113.06,0,67,22
13955.52,0,121,17
11619.62,0,103,20
19071.55,0,96,23
8626.77,0,119,22
19965.05,0,99,14
5573.81,0,79,25
9955.4,0,121,23
15845.89,0,111,19
17577.63,0,79,18
8436.75,0,111,21
10503.17,1,111,14
10321.03,0,101,13
14434.83,0,115,21
19549.45,0,147,23
19784.96,0,119,22
12221.96,0,146,22
14821.68,0,132,19
3939.22,0,90,31
15504.33,0,103,25
15598.24,0,84,21
16625.83,0,105,15
20417.25,0,97,27
15104.91,0,109,21
14441.18,0,95,21
8946.11,0,91,19
15517.14,0,92,25
8251.52,0,112,19
12867.82,0,80,14
11943.09,0,82,15
13010.76,0,75,23
16585.79,0.5,65,17
17426.53,0,116,24
18087.2,0,121,12
20104.88,0,103,23
15280.51,0,98,19
10386.44,1,114,11
26370.41,0,89,19
8277.06,1,115,25
20969.49,0,111,17
22752.81,0,62,24
12510.69,0,108,25
22423.78,0,88,14
24801.84,0,83,13
14629.6,0,115,14
11730.82,0,110,15
22427.56,0,123,20
18852.58,0,134,22
6860.93,0,111,16
14254.89,0,78,27
7255.92,1,114,23
16721.74,0,100,20
13276.76,0,81,10
18633.16,0,98,18
9460.05,0,88,27
14448.16,0,81,28
13940.96,0,79,20
21477.12,0,99,20
13512.05,0,69,17
13116.41,0,60,22
21126.9,0,120,17
13851.87,0,99,18
18158.63,0,104,23
13271.09,0,136,20
19209.04,0,78,19
22789.78,0,141,26
9721.03,0,109,31
10507.05,1,99,28
19011.42,0,126,12
15797.19,0,97,17
20064.66,0,80,21
15876.03,0,82,14
14852.9,0,93,23
22296.15,0,68,11
21525.73,0,86,21
5151.59,0,107,32
17599.71,0,78,19
19210.93,0,112,22
18107.38,0,99,18
8392.55,0,90,22
12521.66,0,76,19
19690.18,0,94,19
21164.95,0,94,21
24221.45,0,122,23
8944.51,0,94,29
15142.58,0,117,23
17875.44,0,142,21
26301.46,0,79,16
16779.07,0,94,15
11017.62,1,116,15
7690.72,0,126,9
11049.56,0,104,27
14397.54,0,69,18
7446.91,0,92,22
16086.58,0,84,23
16899.39,0,94,22
17706.59,0,104,20
18423.35,0,92,23
19224.58,0,154,19
13860.58,0,103,22
14762.78,0,84,23
9573.27,0,99,19
11503.41,0,85,15
16613.29,0,121,11
12391.04,0,104,17
17979.83,0,76,23
6871.99,0,105,25
16994.98,0,95,12
20965.55,0,91,8
9684.8,0,113,21
9424.57,0,109,21
16499.94,0.5,114,18
7749.27,0,92,21
9600.29,0,110,13
13122.3,0,102,15
14553.38,0,49,23
14022.88,0,99,10
22041.68,0,91,30
18358.75,0,98,16
16241.42,0.5,104,18
13913.63,0,79,23
19273.83,0,80,22
1801.19,0,111,16
19589.21,0,91,19
21629.35,0,84,24
14241.84,0,103,20
8726.64,0,96,22
8066.65,0,93,24
16595.28,0,88,22
21582.86,0,105,18
12252.95,0,115,13
22026.34,0,110,27
17258.98,0,87,21
9459.98,1,66,22
11894.79,0,83,21
19493.03,0,76,10
7774.43,1,111,16
13245.79,0.5,115,15
11671.34,0,119,14
15686.65,0,100,18
16441.03,0,64,23
13427.67,0,154,22
18518.62,0,79,19
7030.47,0,100,21
18216.78,0,90,19
11176.78,0,88,19
16828.36,0,133,26
19473.83,0,131,16
17743.99,0,62,28
25533.15,0,73,25
11260.93,0,74,24
24694.14,0,99,16
13722.44,0,105,20
23920.5,0,111,15
9406.92,0,98,21
24747.61,0,112,21
7394.39,0,73,19
17683.27,0,59,15
16952.93,0,83,19
20623.27,0,75,17
7631.69,0,109,21
25529.48,0,62,18
22884.31,0,93,19
21195.58,0,81,18
18866.32,0,103,24
14699.64,0,102,30
17804.38,0,80,15
19775.83,0,105,14
21179.92,0,96,10
9107.34,1,120,22
22020,0,110,16
7505.14,1,92,9
20823.99,0,105,11
9897.35,0,96,20
20638.57,0,90,20
13805.48,0,45,21
13263.75,0,128,15
12206.7,0,95,23
7808.24,0,128,16
22306.99,0,134,24
18927.52,0,75,13
21470.75,0,113,20
15970.26,0,93,26
15492.95,0,128,37
17831.49,0,95,22
18902.89,0,105,17
17014.23,0,101,29
10384.14,0,113,26
12992.06,0,55,16
22234.28,0,101,16
15850.55,0,102,12
16245.81,0,133,24
14206.59,0,104,22
14082.58,0,96,27
12211.44,0,106,19
22532.35,0,95,20
6818.34,1,100,14
7144.95,1,95,17
10686.04,0,85,27
14843.1,0,114,21
17170.88,0,82,21
6846.74,0.5,83,25
10098.97,0,93,22
12773.98,0,108,18
15986.55,0,105,9
8918,0,100,32
7768.68,0,94,14
17541.51,0,90,20
8482.56,0,116,25
10614.68,0,88,29
7696.8,0,85,16
23530.23,0,89,23
6932.68,0,90,18
16011.11,0,92,14
3334.85,0,110,13
19890.91,0,116,14
21054.85,0,83,16
28133.65,0,85,15
17102.62,0,98,16
12723.75,0,107,12
19419.42,0,102,14
13650.89,0,102,25
14407.63,0,98,20
12040.87,0,55,22
8332.33,1,124,21
12214.78,0,122,13
16658.87,0,87,20
7992.38,0,111,22
17103.67,0,131,21
16554.82,0,104,12
11745.26,0,109,20
8252.33,0,108,34
9736.9,0,85,23
11713.77,0,121,24
15751.57,0,81,13
11738.42,0,117,15
7229.97,1,115,19
7999.81,1,92,12
9397.07,1,132,15
19037.55,0,95,25
7563.15,0,112,20
8263.04,0,86,17
4043.13,0,97,8
19761.6,0,87,18
7308.68,1,100,19
18469.88,0,75,28
10210.16,0,86,17
19826.58,0,101,13
11761.21,0,73,23
5256.75,0,122,15
16283.15,0,117,18
11879.37,0,69,13
15174.99,0,101,21
16233.92,0,97,24
9400.76,0,52,21
12625.12,0,105,17
15635.64,0,79,21
8137.19,1,63,22
11417.26,0,95,15
23557.52,0,92,16
11609.64,0,75,19
14677.19,0,106,25
6824.37,1,99,19
19345.35,0,112,13
15197.19,0,110,20
12654.83,0,90,22
17378.18,0,72,24
12630.85,0,121,21
12573.05,0,78,16
22035.6,0,89,22
9114.68,1,79,23
16067.99,0,127,21
17444.59,0,71,24
10550.38,1,121,20
28091.97,0,126,13
9805.7,0,108,23
6680.94,0,108,23
14108.78,0,82,19
19742.34,0,91,17
11599.56,0,115,19
14427.25,0,97,10
9268.18,0,134,23
18764.47,0,140,23
7734.5,0,106,18
10421.96,1,91,20
11647.01,0,105,20
18423.94,0,115,21
15023.65,0,130,21
12741.07,0,91,22
24413.21,0,97,10
14332.17,0,107,14
17085.66,0,104,26
16294.63,0,86,19
14200.47,0,102,21
17586.92,0,94,26
17953.89,0,126,20
16557.21,0,99,20
12835.82,0,71,18
19629.99,0,139,15
10247.74,0,73,27
4837.66,0,75,25
8257.8,0,106,15
7190.62,0,96,23
14394.92,0,80,17
20922.49,0,100,20
22915.48,0,94,13
12031.11,0,66,25
9312.03,0,105,16
7343.02,1,126,25
19336.2,0,116,19
9254.88,1,118,25
15309.94,0,111,20
18223.64,0,104,30
13022.7,0,97,22
16723.5,0,75,10
14372.6,0,81,19
12696.57,0,102,17
3890.43,0,64,19
11417.75,0,100,14
30000,0,89,13
14327.09,0.5,134,17
14477.43,0,125,9
17173.66,0,92,13
17144.09,0,109,11
20461.87,0,68,26
4497.9,0,74,14
10316.87,0,115,19
17197.42,0,103,13
13723.41,0,81,12
16760.1,0,109,22
11894.23,0,107,28
17691.63,0,100,16
12324.16,0,109,23
11552.26,0,84,17
8553.61,0,89,19
13812.15,0,87,21
12078.27,0,93,20
16020.25,0,108,19
19840.9,0,105,25
15461.77,0,54,14
14013.29,0,99,22
20502.77,0,107,21
14020.12,0,112,21
15868.26,0,138,20
13386.32,0,108,24
10970.71,0,62,19
11465.08,1,98,34
5754.48,1,67,23
8124.62,0,136,24
21515.04,0,139,14
11354.46,1,116,25
12936.7,0,81,30
5938.1,1,87,16
14431.61,0,123,21
20480.57,0,77,23
5804.66,0,106,27
14693.16,0,103,21
11474.57,1,127,18
6577.91,1,84,23
17113.25,0,90,13
4273.9,0,117,19
13237.85,0,81,14
17132.55,0,97,14
10681.08,1,104,18
14116.13,0,81,19
11829.7,0,76,21
14682.58,0,127,24
12766.74,1,97,17
12604.15,0,98,21
11377.83,0,136,28
4019.77,0,88,13
11984.88,1,126,20
27187.07,0,70,5
17671.21,0,103,15
7818.05,0,82,16
4271.79,0,73,19
19962.45,0,105,23
10238.02,0,123,22
21069.18,0,106,26
8723.66,0,84,22
21939.3,0,79,20
20918.46,0,69,16
14333.03,0,109,25
16613.65,0,94,16
21115.76,0,107,18
24274.78,0,133,26
7828.91,0,116,25
11347.9,1,52,20
11912.03,0,83,18
23964.36,0,107,18
20140.03,0,101,26
5455.72,0,96,18
15281.35,0,71,21
5959.04,0,125,14
10694.99,0,92,23
13098.63,0,98,20
9010.58,1,125,25
13640.81,0,69,21
13620.82,0,87,18
15474.1,0,97,20
18104.3,0,76,17
10628.2,1,73,14
7661.43,0,89,18
14351.87,0,88,22
15601.68,0,99,21
7967.96,1,93,22
18082.5,0,104,26
13292.78,0,129,20
3511.91,0,135,16
6740.95,1,82,19
15789.29,0,85,17
10243.75,0,99,19
14053.12,0,131,18
13892.8,0,112,19
20039.01,0,100,12
14132.36,0,83,18
22578.77,0,133,12
11708.95,1,82,18
10625.22,0,91,19
9745.15,1,75,22
10077.66,0,101,26
6705.25,0,142,20
21807.12,0,124,19
19531.98,0.5,104,24
21591.73,0,102,20
8593.52,0.5,72,15
9430.15,0,104,21
7685.19,0,126,17
10934.79,1,109,19
20593.58,0,95,17
14075.28,0,115,19
17577.63,0,98,16
11643.72,1,100,16
24209.21,0,111,25
14175.61,0,78,30
17662.99,0,104,27
13049.66,0,70,17
4333.81,0,152,28
17724.32,0,103,26
20242.61,0,72,20
15787.34,0,76,21
5436.33,1,115,13
17781.85,0,61,31
24308.62,0,82,18
20559.18,0,88,16
15319.74,0,82,21
5864.19,1,121,17
16776.13,0,89,17
8789.07,0,80,23
14089.11,0,114,17
10166.6,0,125,26
14839.18,0,131,19
15491.7,0,107,21
14398.87,0,119,19
14880.71,0,120,14
7031.07,0,81,25
26987.73,0,87,23
14912.31,0,95,15
5552.01,1,102,21
16284.47,0,90,15
6159.55,1,121,11
11518.62,0,78,23
16442.57,0,73,23
7845.38,0,122,19
14842.99,0,116,23
11406.27,0,82,21
22687.32,0,104,23
21109.98,0,94,17
14856.89,0,116,13
16642.3,0.5,87,16
14608.38,0,79,31
5029.62,0,133,18
7090.73,0,109,26
11084.49,0,103,27
20085.16,0,131,21
9874.61,0,91,17
6662.58,1,113,20
8901.95,0,84,23
25475.33,0,91,13
20396.76,0,128,18
8503.52,1,84,24
11218.39,1,111,15
17051.18,0,81,22
23579.29,0,119,14
19595.07,0,111,12
11636.13,0,65,17
9813.22,1,67,20
21463.82,0,116,17
18592.19,0,81,13
16565.03,0,119,19
17150.66,0,57,19
8621.65,1,151,19
11868.33,0,97,25
15088.94,0,115,14
21450.79,0,77,21
10349.06,1,128,16
14374.62,0,110,29
17250.45,0,92,16
23432.27,0,37,30
24902.19,0,85,19
21095.96,0,95,6
10169.43,0,81,10
22820.94,0,109,23
16247.28,0,53,24
12795.66,0,103,19
6391.79,1,85,27
17245.03,0,100,27
8993.58,0,84,9
18762.63,0,106,25
20969.43,0,127,21
11662.67,0,117,18
19993.38,0,74,17
11303.84,0,102,20
6549.54,0,106,25
24498.56,0,102,14
17751.22,0,127,19
15846.14,0,86,29
12131.76,0,92,17
14554.11,0,92,15
10518.65,0,104,25
4654.85,1,86,16
8833.4,0,92,12
8282.72,1,140,13
9085.43,0,132,11
17133.48,0,112,15
13249.53,0,93,18
16417.64,0,97,24
13307.81,0,81,20
13121.06,0,84,15
12744.3,0,123,23
11157.92,0,116,20
15998.57,0,61,22
10320.52,0,108,29
14680.66,0,142,18
14807.18,0,94,18
17975.52,0,103,12
11629.7,0,110,25
17664.44,0,98,12
18495.01,0,84,16
12859.41,0,85,21
17830.64,0,107,30
21034.05,0,78,20
10786.8,1,125,18
12431.78,0,111,18
17170.62,0,114,16
20907.49,0,105,21
20661.67,0,115,18
15649.27,0,148,14
22517.83,0,108,19
20678.47,0,92,18
20662.68,0,89,15
25205.43,0,137,15
26928.97,0,96,7
15047.28,0,107,25
21443.65,0,87,22
20626.98,0,81,23
11276.32,0,89,17
12243.04,0,107,24
21987.67,0,62,9
10242.69,0,86,22
10174.01,0,104,13
8259.86,0,83,19
21688.9,0,112,17
6285.96,0,98,18
19348.58,0,79,13
18548.72,0,115,17
18431.67,0,104,17
19508.49,0,103,24
19728.73,0,127,12
15099.62,0,71,23
21519.99,0,41,21
16021.42,0,137,15
12365.82,0,106,19
4877.97,0,103,17
18140.15,0,96,25
9884.2,1,117,26
12858.78,0,122,23
14915.55,0,71,17
23153.38,0,82,29
12478.2,0,137,17
17219.95,0,78,27
21041.73,0,89,22
19787.31,0,120,17
18054.63,0,88,23
17738.72,0,133,27
14371.62,0,91,27
18637.25,0,87,23
18781.48,0,114,10
18404.4,0,64,27
7915.92,1,99,20
14733.67,0,91,18
24231.18,0,121,11
16670.14,0,79,19
9146.65,1,90,21
14374.5,0,107,18
23010.8,0,101,16
12104.21,0,87,14
15730.15,0,72,18
11440.89,0,90,17
12550.67,0,117,21
17527.25,0,141,24
21756.68,0,103,19
14311.31,0,68,12
17915.42,0,72,26
17596.3,0,93,22
15847.23,0,100,6
14029.05,0,92,20
19289.21,0,99,20
12527.51,0,144,25
11267.85,0,77,18
18858.33,0,83,22
15801.82,0,116,22
13374.05,0,108,21
14029.69,0,105,27
14282.01,0,149,13
18439.64,0,92,18
12428,0,87,27
16138.68,0,129,19
10391.69,0,71,30
20292.08,0,87,17
10226.21,0,117,21
7864.59,1,100,20
15258.69,0,112,24
16224.19,0,115,23
7625.61,1,110,14
20004.36,0,114,25
12088.45,0,87,20
11543.78,0,95,21
10958.82,0,109,15
24168.73,0,116,18
7858.14,0,165,17
11746.53,0,111,19
16354.86,0,87,13
13047.89,0,103,12
16327.27,0,74,25
24074.93,0,115,19
11031.84,0,107,22
17869.33,0,109,21
19327.44,0,122,9
18312.17,0,106,16
6597.99,1,91,21
14311.88,0,122,26
16208.99,0,97,19
9761.71,0,74,20
15659.14,0,106,19
20640.12,0,85,29
10234.98,0,116,21
901.38,0,134,27
15151.58,0,81,19
15462.02,0,89,22
4358.14,1,78,15
16734.71,0,73,24
10917.94,0,87,22
7251.91,0,57,19
17970.4,0,105,25
6592.83,0,107,13
9601.57,0,100,16
15100.27,0,108,20
11269.23,0,113,18
9210.17,1,86,13
12928.9,0,113,27
16609.22,0,109,30
16076.53,0,96,27
8675.13,0,122,15
26523.12,0,119,17
10983.8,0,78,32
14831.64,0,113,24
19144.59,0,47,19
15375.18,0,82,17
18870.07,0,78,11
14202.17,0.5,118,20
14008.69,0,123,17
11568.84,0,99,28
14958.2,0,82,24
15915.23,0.5,117,11
21992.29,0,99,22
7806.57,1,70,13
7382.21,0,120,12
15529.97,0,119,21
15641.44,0,105,18
18244.91,0,126,23
20661.74,0,131,15
16322.88,0,141,18
24089.72,0,121,26
8550.84,1,131,20
15019.02,0,94,14
19083.18,0,131,12
11246.94,0,80,27
5387.17,1,136,23
12776.69,0,92,19
13889.23,0,75,16
11316.75,0,82,20
13159.61,0,97,24
13297.33,0,63,25
19997.78,0,114,15
20718.52,0,125,16
7774.5,1,67,26
11805.85,0,136,14
23389.71,0,131,15
965.92,0,93,19
16582.2,0,109,22
11122.12,0,82,23
16817.54,0,90,27
14776.47,0,106,26
21566.3,0,119,18
11201.45,0,86,16
7150.36,0,95,22
22348.48,0,112,18
16442.26,0,106,23
12261.4,0,96,19
16526.45,0,89,27
8760.51,0,82,23
10076,0,81,22
11514,0,112,13
13977.35,0,107,22
5794.64,0,81,18
10214.61,0,128,11
18936.67,0,46,21
11043.49,0,92,27
15302.85,0,103,16
18357.16,0,55,28
22795.38,0,126,26
10478.87,0,89,15
9810.65,0,123,21
15220.18,0,90,20
18221.51,0,69,24
9207.34,0,114,22
18253.58,0,94,17
13620.4,0,98,20
17150.39,0,94,23
21470.37,0,97,11
7175.36,0,87,27
12326.37,0,91,19
10447.13,0,92,19
25606,0,120,24
19490.5,0,73,14
17710.94,0,114,17
19672.48,0,98,26
8362.06,0,115,26
14173.14,0,100,22
9966.44,0,61,21
18285.84,0,68,22
13540.99,0,80,18
10478.26,0,100,25
17717.21,0,101,29
16672.13,0,93,20
10638.39,0,92,13
18517.34,0,104,18
21120.68,0,74,23
13644.11,0,89,18
10148.62,0,76,21
8427.58,1,128,21
20832.7,0,59,19
4379.61,0,60,14
20831.3,0,67,14
12559.56,0,98,8
17071.43,0,99,21
12158.84,0,90,24
19032.01,0,89,20
18518.16,0,112,18
9221.24,1,74,22
15097.29,0,99,19
12338.75,0,97,13
12701.47,0,86,20
11028.31,0,104,20
11363.25,0,116,17
14645.23,0,90,14
18381.76,0,86,21
9419.21,0,139,21
10959.2,0,97,21
3018.32,0,44,26
7518.4,0,111,22
15899,0,117,15
9646.33,0,97,17
15827.68,0,127,24
11158.91,0,89,22
16153.13,0,102,19
18018.76,0,80,17
4771.9,0,94,22
12534.66,0,82,24
18713.51,0,67,18
10882.01,0,99,20
24770.22,0,67,30
13402.24,0,98,19
17889.52,0,123,24
20927.44,0,91,21
19606.63,0,56,28
15927.57,0,95,21
14289.11,0,94,8
8706.45,0,84,18
18902.51,0,137,14
20427,0,87,24
18264.48,0,132,23
11142.45,0,90,24
17924.52,0,102,23
10181.45,0,97,19
22743.07,0,89,19
588.32,0,83,24
9324.46,1,84,10
10909.24,0,84,25
13940.64,0,106,23
18274.53,0,93,24
10413.3,0,96,22
24652.56,0,100,21
17782.2,0,99,26
21235.19,0,77,21
13479.53,0,97,28
17330.95,0,86,22
10748.31,0,98,24
20274.94,0,84,14
15516.53,0,93,18
11123.8,0,96,22
12365.71,0,149,16
23153.54,0,64,22
5103.64,1,103,9
25799.7,0,99,17
21757.16,0,88,24
6150.32,0,85,22
11714.68,0,100,26
10288.86,0.5,108,20
17607.57,0,95,13
20907.58,0,72,23
11167.73,1,116,25
13422.45,0,108,27
11995.53,0,86,21
6367.38,1,113,29
14569.46,0,104,11
14424.39,0,93,25
19928.42,0,107,15
8360.24,0,92,23
18940.72,0,74,19
13469.99,0,99,20
13308.36,0,145,21
9953.84,0,103,21
14562.36,0,91,21
18819.5,0,111,24
7103.54,0,89,22
8648.54,1,75,22
10847.8,0,82,19
16580.74,0,121,22
13303.31,0,121,28
16554.67,0,91,20
9154.66,0,128,19
14963.21,0,86,15
15392.24,0,111,26
17070.34,0,52,26
21975.09,0,103,19
20022.56,0,137,19
12096.59,0,60,12
11090.12,0,83,29
18365.93,0,136,19
19898.44,0,101,17
20249.58,0,130,21
17350.55,0,108,19
11882.94,0,140,28
18036.7,0,99,21
20502.7,0,96,9
15349.11,0,58,16
21681.26,0,77,21
8915.82,0,89,9
19574.45,0,119,19
22052.99,0,96,15
12760.92,0,125,23
21974.75,0,139,19
12977.89,0,113,14
7528.12,0,105,13
12998.03,0,70,16
5768.21,1,120,24
6192.96,0,136,28
14608.01,0,94,20
23827.44,0,95,21
6467.57,0,119,13
24401.44,0,97,17
10788.66,0,68,15
10420.99,0,78,21
9649.01,1,124,18
16467.13,0,131,17
15002.62,0,94,29
26916.56,0,116,28
12273.86,0,69,20
15102.37,0,94,15
16144.53,0,92,26
16307.38,0,105,16
8332.46,0,89,8
17917.46,0,93,14
10152.58,0,102,12
12815.05,0,81,16
6921.04,1,80,25
8886.25,1,117,23
16130.01,0,80,20
15874.72,0,122,20
14046.51,0,70,26
14585.53,0,95,26
7925.07,1,57,22
6630.84,0,103,20
8177.15,0,105,20
22093.53,0,113,19
17486.71,0,80,17
13714.79,0,51,18
17559.61,0,93,22
13776.37,0,71,21
9421.51,0,94,21
17400.13,0,119,14
13967.65,0,113,16
12571.93,0,121,21
20882.09,0,108,22
6564.39,0,102,22
11506.7,0,133,14
21182.54,0,106,24
7949.98,0,111,12
8340.85,0,117,23
20262.4,0,92,26
20280.71,0,89,18
9193.8,1,73,20
17766.13,0.5,100,28
9905.64,0,113,27
11106.93,0,90,14
19410.22,0,108,26
9249.37,1,101,23
7844.8,1,108,22
9596.88,0,87,20
10783.38,0,93,17
14758.81,0,91,24
9263.36,0,100,20
9549.11,1,109,22
6642.72,0,93,31
15745.86,0,65,20
19952.72,0,88,20
11489.3,0,76,24
17713.71,0,85,16
23590.07,0,105,25
26989.02,0,106,31
14588.03,0,131,16
15144.97,0,95,17
13869.55,0,88,17
21537.36,0,100,17
14107.8,0,84,26
13140.74,0,112,18
16310.63,0,106,20
13230.15,0,105,14
17727.67,0,120,23
20202.83,0,131,18
18578.03,0,92,29
9059.28,0,124,20
14616.72,0,105,22
10298.41,0,132,24
5869,1,132,19
13370.95,0,117,17
28724.99,0,133,19
24043.45,0,98,20
13505.32,1,74,22
8387.14,1,97,26
18794.12,0,71,21
11111.41,0,105,20
15368.28,0,96,13
7415.28,0,100,26
13768.84,0,81,22
19581.26,0,104,25
15061.69,0,113,20
8654.98,0,96,12
14097.8,0,99,24
17334.54,0,90,13
7881.97,0,97,19
22285.17,0,83,21
9521.05,0,80,15
18380.45,0,103,15
12448.52,0,77,22
14684.69,0,74,23
12149.42,0,105,23
22068.85,0,111,19
17627.97,0,116,15
11164.04,1,77,22
12685.33,0,133,23
15378.07,0,96,17
9628.97,0,117,23
12304.2,0,69,17
13153.86,0,114,33
11610.12,0,108,24
18239.63,0,109,25
18453.52,0,136,26
13485.55,0,110,18
14034.04,0,114,22
17246.3,0,102,13
15071.26,0,102,23
6709.94,0,107,27
19934.6,0,111,9
12572.36,0,82,16
13704.82,0,107,15
14519.54,0,90,7
18581.29,0,73,20
18173.39,0,98,33
10100.09,0,71,15
18768.21,0,92,18
11280.24,1,104,20
19141.57,0,78,19
13537.53,0,74,18
14945.55,0,130,26
8378.8,0,107,23
4402.81,0,93,16
9784.91,0,125,12
16314.25,0,84,19
13608.33,0,110,20
4114.94,0,93,16
4635.32,0,111,23
19760.71,0,110,10
17036.67,0,115,20
9619.68,0,105,19
17850.07,0,113,16
20535.31,0,80,10
17693.25,0,122,19
16107.77,0,63,23
13339.2,0,61,21
16380.57,0,84,16
13213.59,0,101,20
13687.2,0,104,18
5875.99,0,121,11
16556.4,0,121,21
24417.18,0,89,25
15531.75,0,113,32
26113.97,0,110,11
5761.15,0,124,22
21316.42,0,100,21
11308.67,0,109,17
14332.74,0,91,23
13848.87,0,103,22
4363.42,0,85,22
16154.31,0,64,24
17497.35,0,123,29
18766.67,0,113,21
25388.18,0,94,19
11464.86,0,78,13
8283.71,1,71,23
9311.13,0,91,20
10475.63,1,110,24
13123.14,0,113,14
16614.22,0.5,99,20
12854.44,0,90,15
18739.7,0,130,15
13122.3,0,97,22
16759.92,0,102,13
12368.28,0,88,31
12452.07,0,107,21
13872.39,0,113,23
19030.97,0,111,27
9850.95,0,109,13
21899.78,0,126,21
16003.52,0,111,13
19247.39,0,84,22
17078.12,0,85,19
16150.66,0,87,22
16849.54,0,90,22
5821.86,0,136,15
16483.85,0,88,21
10797.05,0,100,26
20249.88,0,111,19
15918.67,0,94,19
10078.98,0,126,29
7135.74,0,74,26
20666.47,0,124,18
12558.61,0,116,12
13369.56,0,146,26
17128.57,0,97,15
15618.37,0,106,33
12160.99,1,130,14
9903.82,0,71,16
22908.68,0,98,27
10006.31,1,100,23
7012.28,0,93,12
15853.75,0,117,7
9483.85,0,93,19
19552.75,0,88,27
12967.42,0,108,6
17559.7,0,97,25
14474.94,0,107,20
13883.3,0,69,24
10587.34,0,103,12
19605.5,0,123,24
20681.09,0,83,12
9687.14,1,58,16
14412.95,0,112,33
11848.57,0.5,62,20
16207.74,0,95,24
4078.48,0,128,13
12310.89,0,82,16
13326.55,0,74,15
16070.49,0,104,24
20425.43,0,107,19
10465.88,0,96,17
12953.89,0,107,17
16507.3,0,106,24
6661.48,0,129,19
5756.71,0,120,28
12562.81,0,119,23
16080.43,0,87,15
14753.02,0,68,12
6254.5,0,97,27
9099.43,0,76,29
13444.22,0,121,25
6762.09,1,89,21
17450.26,0,96,32
7035,0,140,25
19386.61,0,102,21
21149.15,0,78,17
13087.64,0,120,19
16598.34,0,62,24
22239.41,0,124,18
11426.96,0,134,24
20919.08,0,49,20
17562.59,0,90,23
18627.82,0,99,21
6016.35,1,100,29
20048.09,0,110,12
10353.25,0,101,21
9512.18,1,93,9
16975.21,0,99,18
14755.02,0,112,20
15606.61,0,90,14
19899.24,0,84,14
10002.5,0,114,28
15983.8,0,109,14
16496.61,0,81,18
8480.35,0,126,11
17877.51,0,83,27
11953.36,0,94,17
15413.13,0,106,20
5489.56,0,103,15
26899.34,0,79,22
7943.37,1,89,18
21996.29,0,129,13
6059.1,1,81,22
16211.83,0,92,23
16827.18,0,104,11
17387.58,0,99,24
17319.34,0,89,26
21316.06,0,84,24
16000.74,0,79,20
8699.91,0,95,19
10333.81,0,120,14
23962.23,0,133,23
17098.16,0,121,24
16709.15,0,86,11
20407.73,0,123,23
9690.39,0,105,16
9335.74,0,96,29
7153.89,0,76,16
20058.43,0,98,18
21973.78,0,94,26
19494.01,0,121,22
21849.31,0,114,23
14246.13,0,123,22
30000,0,87,13
13981.35,0,70,28
15063.5,0,82,21
7563.46,0,93,32
18497.75,0,88,19
5125.43,0,99,25
19270.37,0,144,21
11913.69,0,53,19
16882.02,0,102,-1
15511.88,0,105,8
8430.37,1,100,26
14602.15,0,90,20
8625.19,1,88,17
7717.95,0,122,13
15807.84,0,104,20
16275.86,0,113,18
18380.15,0,76,11
17043.93,0,102,14
14531.41,0,66,26
7222.32,0,102,13
15738.9,0,90,23
22624.48,0,122,24
14134.39,0,106,19
17850.52,0,122,16
10100.13,1,130,26
19127.25,0,114,11
5612.24,0,107,16
15658.53,0,96,22
23594.91,0,70,27
22214.95,0,101,28
23285.02,0,106,28
11030.52,0,100,15
14470.18,0,60,31
17005.82,0,92,10
9439.77,0,100,19
23739.93,0,96,19
20063.8,0,102,22
14305.19,0,140,14
7923.43,0.5,56,20
18875.49,0,78,10
19560.55,0,118,31
14610,0,106,19
8205.3,0,91,22
11564.87,0,76,23
17108.71,0,102,23
22300.71,0,97,26
7652.34,0,68,20
9861.97,1,83,23
14800.78,0,108,25
14139.72,0,79,20
12351.59,0,110,15
16132.3,0,113,10
17123.12,0,97,29
11975.44,0,101,23
12007.25,0,104,21
20519.83,0,110,12
7441.09,0,70,18
28368.56,0,79,17
21925.19,0,82,24
13647.33,0,119,22
11987.55,0,155,15
16992.09,0,115,18
10780.3,0,116,25
6019.74,0,58,17
14269.28,0,77,19
11051.77,0,89,16
22267.21,0,100,19
18289.24,0,90,19
11330.01,0,117,9
13876.58,0,103,13
12156.26,0,60,16
15960.16,0,95,16
10176.31,0,79,24
14623.93,0,97,20
17697.35,0,126,19
12929.17,0,83,27
22215.6,0,121,20
7811.78,0,81,17
15507.79,0,87,22
25708.2,0,105,20
11727.26,0,98,22
24356.31,0,150,14
24432.06,0,66,17
15479.64,0,102,32
7271.53,0,130,17
12072.34,0,98,23
19353.51,0,100,25
14246.5,0,117,18
18396.47,0,93,23
14752.41,0,108,23
7893.64,0,135,23
16875.21,0,106,29
12694,0,102,23
14871.44,0,76,21
10651.06,0,94,11
8019.98,1,84,22
19215.43,0,85,17
10174.87,0,108,28
17723.24,0,119,16
25504.44,0,76,24
13024.91,0,84,18
13540.5,0,62,24
19618.36,0,97,25
13284.99,0,123,22
21483.24,0,100,21
17166.16,0,106,16
15292.68,0,85,17
16015.06,0,72,20
27934.32,0,103,23
12066.13,0,72,17
11369.2,1,78,14
10230.21,0,106,18
7557.16,0,106,13
14821.25,0,101,15
10554.05,0,117,24
15540.81,0,96,22
11945.93,0,105,30
20605.87,0,83,9
11484.94,0,76,22
21102.36,0,103,18
13671.73,0,79,25
20310.32,0,114,20
13610.94,0,63,23
14466.31,0,119,20
7152.25,0,89,17
25759.1,0,125,15
16091.91,0,88,17
13174.51,0,99,18
9813.71,0,78,22
15689.53,0,94,26
8395.98,0,138,16
6615.61,1,140,24
6548.66,0,76,11
12547.94,0,101,24
10998.94,0,113,21
15421.11,0,133,11
25888.96,0,102,22
11147.25,0,131,29
15639.48,0,112,25
16622.36,0,89,20
22318.22,0,105,13
14973.13,0,78,19
9808.81,1,104,22
9143.59,0,105,25
20006.07,0,101,19
9243.45,0,131,19
20412.77,0,84,15
5996.53,0,141,20
13052.38,0,115,20
17310.2,0,102,16
10197.54,0,80,10
9535.23,1,62,16
19373.52,0,75,18
15490.97,0,103,20
13321.12,0,88,22
17431.98,0,76,19
22349.87,0,129,27
10426.06,0,81,23
14152.51,0,82,25
23768.96,0,86,21
23833.45,0,118,16
18592.24,0,93,22
25086.24,0,124,20
8574.43,0,106,20
16932.62,0,123,18
12496.6,0,92,16
11526.68,0,78,30
18457.6,0,59,14
12474.49,0,89,27
14697.84,0,69,21
10797.38,0,106,23
8889.05,1,91,25
4440.27,0,93,18
7331.15,1,78,32
15313.33,0,94,25
22285.55,0,65,16
8770.51,0,123,19
12340.74,0,83,21
11452.17,1,84,19
7988.66,0,103,12
14670.52,0,93,25
17821.2,0,96,21
8435.53,1,123,27
10435.91,0,63,19
24264.84,0,99,17
16576.19,0,90,25
8699.3,0,109,23
22356.21,0,106,23
19200.13,0,59,26
20088.82,0,71,22
12524.72,0,91,19
23035.72,0,136,23
10290.7,0,82,19
14321.76,0,98,13
21953.29,0,117,27
7560.85,0,155,25
9677.71,0,145,22
10595.46,0,131,14
13311.1,1,103,24
17043.83,0,80,19
25669.1,0,96,17
10592.79,0,121,21
13427.63,0,125,18
4836.27,0,96,16
22169.71,0,84,23
10856.94,1,90,20
9385.62,1,80,13
20236.48,0,159,11
16335,0,118,16
17405.2,0,80,17
14300.15,0,78,26
16656.27,0,123,23
15841.35,0,92,22
22247.92,0,104,16
14058.14,0,63,14
17104.93,0,93,24
22950.27,0,117,17
6666.35,0,126,28
10297.06,0,100,27
8144.81,1,64,26
13309.28,0,98,17
15868.53,0,105,20
20400.81,0,87,25
23973.39,0,85,25
23158.88,0,86,9
8345.32,1,139,25
13405.95,0,131,18
26601.25,0,94,24
24893.1,0,58,14
7383.13,0,83,22
14735.76,0.5,87,14
20483.55,0,79,19
14642.04,0,115,29
16061.2,0,93,16
17370,0,109,16
21657.45,0,99,18
12067.13,0,67,15
12017.04,0,107,18
19096.51,0,97,24
5951.1,0,81,17
4939.7,1,83,24
8169.02,1,102,17
12572.5,0,56,28
14095.03,0,73,13
23079.88,0,98,23
9652.55,0,89,14
10939.03,0,87,22
8100.8,0,119,12
13506.97,0,99,18
10180.1,0,110,22
13302.74,0,67,19
16960.28,0,117,18
22295.86,0,95,17
1424.59,0,90,25
15703.07,0,90,25
16226.49,0,113,24
8365.93,0,67,18
12121.28,1,53,13
7543.39,0,65,24
22639.2,0,124,13
15869.76,0,105,19
17868.7,0,119,22
12610.32,0,109,22
11657.6,0,146,12
12058.7,0,115,21
20764.7,0,100,23
15597.16,0,99,26
15337.7,0,102,18
13631.58,0,127,20
7223.33,1,136,22
13315.35,0,131,26
17510.94,0,100,19
16658.07,0,64,20
19516.39,0,69,20
3917.04,0,80,24
12592.73,0,95,19
16373.91,0,83,23
15162.64,0,75,17
11977.33,0,96,25
11977.88,0,80,22
26899.99,0,92,10
18632.69,0,148,11
8951.02,0,71,20
14984.56,0,78,22
13757.84,0,138,25
11147.35,0,90,17
20183.48,0,88,25
20901.26,0,94,21
13668.25,1,62,20
15841.63,0,143,13
12341.78,0,88,27
15779.62,0,100,22
8806.82,1,90,17
23763.67,0,116,28
17156.36,0,100,19
15327.97,0,126,31
23579.02,0,158,16
8447.7,1,78,20
14547.74,0,101,13
23715.88,0,90,23
14727.33,0,98,21
21074.02,0,96,22
14302.75,0,134,25
15064.63,0,137,17
11412.61,0,114,25
12294.19,0,107,24
10215.44,0,84,14
8610.15,0,111,13
17376.64,0,95,23
7564.33,1,83,17
12267.2,0,79,21
3970.68,1,114,17
20249.76,0,94,22
14138.5,0,77,19
17647.97,0,87,19
18164.82,0,127,25
16077.7,0,61,22
16206.82,0,114,28
10199.68,0,124,14
23061.33,0,123,25
21216.59,0,113,12
23373.91,0,68,18
10537.29,0,97,25
5976.4,0,71,23
9587.19,1,87,16
16395.22,0,103,14
18239.35,0,107,20
17850.77,0,124,18
15705.16,0.5,102,19
4811.15,1,99,6
11599.88,1,97,18
2457.85,0,99,20
11883.2,0,79,27
16207.33,0,56,27
18011.31,0,69,22
7064.21,0,117,17
8465.81,1,138,16
13577.9,0,87,23
5886.87,0,91,34
10071.51,0,95,16
14685.81,0,114,19
10804.41,0,81,17
17169.3,0,84,25
12568.84,0,93,24
20039.69,0,114,26
11108.61,0,126,27
10838.54,0,100,23
10392.33,0,110,16
20747.56,0,75,20
13622.79,0,85,15
11686.01,0,71,18
12090.81,0,77,15
4044.64,0,71,6
10036.13,0,120,15
10740.44,0,91,20
11176.51,0,107,21
10799.98,0,109,15
9631.64,1,74,21
13984.97,0,105,23
23584.7,0,124,23
16096.74,0,96,28
9086.52,0,98,17
21990.05,0,99,22
14253.25,0,92,20
16778.87,0,96,22
17436.38,0,107,19
15071.03,0,105,14
8813.42,0,86,16
16646.18,0,91,13
14717.04,0,158,19
11714.87,0,63,26
9088.36,1,119,21
21293.31,0,122,24
11729.99,0,67,13
16835.26,0,92,24
12959.91,0,75,26
8127.76,0,80,21
11069.11,0,106,12
12392.48,1,112,14
8729.56,1,93,26
9830.75,0,100,25
17276.1,0,98,19
11433.69,0,108,12
17656.75,0,56,20
18482.94,0,142,12
17616.81,0,94,14
9998.79,0,92,24
12187.38,0,139,33
6577.29,0,87,22
14869.29,0,108,25
13486.28,0,95,25
12091.56,0,98,29
8016.08,0,84,22
12855.11,0,113,21
14659.19,0,130,23
18754.49,0,111,21
19068.67,0,78,21
12108.26,0,78,21
10251.11,0,120,12
14500.98,0,95,31
17095.17,0,101,20
12453.57,0,100,21
15699.03,0,99,16
9336.25,1,106,12
18770.64,0,121,17
8829.66,1,69,21
21291.67,0,78,24
7814.1,0,98,19
7144.83,1,92,20
16410.32,0,138,16
3866.19,0,90,13
6622.28,0,84,22
17567.13,0,83,20
18385.84,0,76,18
16315.05,0,125,15
14960.03,0,101,21
19413.46,0,113,20
4798.03,0,85,22
17701.58,0,96,22
10175.6,0,107,20
17579.48,0,111,24
13233.08,0,106,25
24010.46,0,96,31
23457.81,0,102,21
14690.23,0,90,24
20268.89,0,115,30
18259.16,0,120,19
14202.57,0,59,26
25750.39,0,39,20
16754.52,0,104,14
19055.47,0,133,18
15653.72,0,102,14
11755.18,0,111,27
13748.8,0,110,23
9340.84,0,82,14
19860.36,0,106,24
15464.76,0,118,12
17596.27,0,83,16
7679.27,0,139,16
11032.96,0,103,19
22254.79,0,83,17
18777.97,0,108,22
17494.77,0,123,19
21253.5,0,99,15
13555.95,0,102,15
14321.97,0,98,15
6155.77,1,106,23
11483.47,0,84,24
14479.61,0,97,30
21792.15,0,85,18
12951.98,0,100,19
16182.55,0,76,19
17973.98,0,98,15
17877.76,0,120,27
16368.09,0,109,15
24548.2,0,97,15
11034.16,0,153,10
12931.66,0,106,16
6117.38,1,62,15
18130.19,0.5,111,20
18603.02,0,125,10
10240.3,1,128,23
16411.73,0,110,33
12599.6,0,119,10
17921.16,0,116,18
24073.48,0,126,23
17757.65,0,63,26
13659.43,0,84,14
12533.14,0,85,23
8927.48,1,94,15
18234.14,0,96,13
25298.31,0,92,27
20096.78,0,100,13
12411.15,0,85,24
9551.26,0,140,24
6483.91,1,106,20
8724.62,0,96,17
11188.49,1,89,19
8610.03,0,103,15
25152.01,0,93,29
17480.48,0,102,19
14068.49,0,104,24
19454.53,0,91,16
14587.87,0,124,18
14977.9,0,147,8
16777.17,0,72,19
12418.26,0,109,21
6051.26,1,90,22
10708.11,0,118,21
11402.02,0,87,26
18499.94,0,107,17
12201.37,0,84,28
12101.49,0,94,25
18590.7,0,66,17
19293.76,0,93,22
15059.39,0,142,21
16972.28,0,106,34
10590.5,0,91,19
21680.78,0,151,19
18100.14,0,119,20
9915.44,1,99,17
9835.78,1,81,18
11535.25,0,72,21
13330.26,0,113,25
22749.28,0,93,23
14680.92,0,146,28
16051.54,0,100,23
10794.13,0,96,23
7953.99,1,89,15
13236.84,0,75,14
17404.69,0,100,22
14138.66,0,63,20
23108.98,0,94,20
15742.38,0,68,15
9458.58,1,87,25
26667.59,0,133,25
12331,1,98,25
15986.33,0,81,29
17492.14,0,72,19
16224.79,0,76,24
12882.53,0,117,22
14116.61,0,139,15
10504.53,0,95,21
17373.26,0,96,21
13559.02,0,91,22
17923.59,0,139,22
10256.74,1,64,19
9758.53,1,117,11
11123.25,0,76,15
8181.7,0,122,27
26784.99,0,112,31
12524.7,0,114,21
10397.57,0,77,14
10362.33,1,85,22
18577.48,0,53,11
15603.14,0,83,19
9850.89,1,74,21
17395.84,0,97,17
20793.67,0,96,25
16420.78,0,84,28
15783.7,0,87,19
16724.96,0,65,13
7360.54,0,115,19
19390.65,0,106,8
17375.21,0,112,17
11834.21,0,119,17
8845.51,0,94,20
18392.45,0,137,15
7009.11,0,82,18
15468.38,0,102,31
18381.98,0,123,22
17153.98,0,110,15
15495.08,0,85,22
17473.82,0,83,20
11875.74,0,121,14
17868.98,0,92,24
10989.03,0,89,16
15885.49,0,82,17
18090.87,0,107,13
13194.75,0,130,13
13385.56,0,130,14
11472.22,0,121,20
14482.41,0,69,20
21368.97,0,129,17
10758.65,0,117,23
7513.38,0,133,16
17644.44,0,79,16
21083.53,0,78,14
16374.01,0,95,26
13255,0,94,22
12915.61,0,112,11
11670.61,0,94,15
17479.06,0,96,17
19722.96,0,79,19
15219.37,0,114,26
10723.45,0,128,17
8335.6,0,97,28
21405.61,0,93,18
16643.67,0,111,18
11739.98,0,88,16
11962.21,0,94,19
9062.24,0,77,16
15890.55,0,90,14
12693.5,0,132,8
16902.92,0,91,23
13626.68,0,117,23
22594.46,0,71,14
18218.47,0,123,23
16549.44,0,86,15
20268.12,0,61,16
16104.53,0,98,26
11684.87,0,79,20
17188.48,0,104,19
13870.93,0,99,23
16537.06,0,149,20
5016.86,0,111,24
17563.46,0,126,24
11760.19,0,126,27
19066.54,0,102,21
8256.45,1,99,16
4056.71,0,66,15
22127.68,0,113,21
21734.37,0,120,19
19536.86,0,83,21
13642.17,0,79,17
13344.86,0,118,26
13809.46,0,116,22
9904.71,0,89,18
13915.12,0,86,21
17294.13,0,90,27
19341.29,0,129,21
17664.02,0,101,17
9617.31,0,110,24
6607.1,0,104,17
8695.07,1,131,17
14716.8,0,67,26
6792.72,0,108,17
19089.26,0,104,23
13677.25,0,119,18
12706.69,0,107,21
10101.38,0,75,20
14462.92,0,79,21
20830.01,0,92,20
11840,0,91,28
8284.64,0,120,22
11753.57,0,120,14
12800.98,0,93,21
13307.27,0,82,26
12522.7,0,128,24
18467.18,0,133,16
7625.42,0,101,25
18871.45,0,87,24
8265.56,0,87,20
16543.38,0,107,21
10345.06,0,111,33
12327.4,0,154,26
2866.94,0,103,25
11074.48,0,110,19
13954.89,0,76,18
14341.98,0,109,14
13490.85,0,98,13
17236.82,0,127,23
8121.89,1,92,17
12204.52,0,69,23
8452.59,1,93,21
22083.54,0,83,21
10728.69,1,111,15
10716.25,0,102,10
19532.7,0,104,14
18969.03,0,129,19
5237.15,0,114,27
21356.21,0,89,16
13607.67,0,99,21
16292,0,95,23
10008.94,0,130,29
14848.27,0,131,23
19614.3,0,80,20
8979.49,0,72,23
21459.25,0,129,10
10803.21,1,98,11
14282.52,0,67,16
13306.19,0,105,17
17816.71,0,82,18
12174.24,0,84,19
13499.31,0,103,26
18080.47,0,70,23
22720.46,0,107,19
9836.17,0,83,29
12452.42,0,108,22
16430.18,0,129,16
16198.02,0,90,26
7642.28,0,121,18
13262.34,0,81,16
4864.88,0,81,20
12853.3,0,100,21
9361.07,0,92,22
2047.71,0,75,21
8341.94,0,82,10
8421.45,1,134,22
8949.79,1,91,11
18442.98,0,59,24
22056.73,0,107,16
15806.02,0,82,17
20433.8,0,68,26
14640.3,0,99,20
7399.39,0,56,15
10736.69,0,52,13
18529.59,0,74,15
15790.65,0,123,17
19197.98,0,80,17
19075.96,0,94,22
14489.32,0,103,14
18076.69,0,85,17
7444.07,0,103,21
13910.05,0,62,17
4497.26,0,102,17
17442.24,0,89,16
2072.9,0,113,22
7529.21,0,87,24
16287.63,0,96,19
15848.47,0,118,17
17292.51,0.5,76,15
19204.11,0,89,18
13551.59,0,89,19
13370.96,0,65,26
15772.04,0,115,18
15962.34,0,69,12
14618.8,0,121,23
15617.25,0,74,22
23909.92,0,140,19
13702.16,0,119,12
14336.72,0,111,19
6861.11,0,115,24
11933.81,0,123,19
11140.69,0,89,35
21246.1,0,77,9
4377.07,0,84,20
11330.46,0,32,15
16330.56,0,82,23
8625.03,0,89,18
16035.98,0,95,16
12239.6,0,104,13
9836.98,0,93,27
15893.94,0,84,13
10934.1,0,107,23
15108.64,0,122,22
18481.93,0,124,26
22318.01,0,109,31
12812.1,0,126,20
11642.42,0,90,15
26413.97,0,121,11
14504.02,0,93,25
8435.91,0,97,23
8941.93,1,90,11
19659.13,0,78,22
15902.93,0,101,20
9612.35,1,118,18
9341.25,1,85,25
21629.27,0,118,13
10878.39,0,88,19
13895.59,0,76,17
10786.48,0,97,23
22013.64,0,79,17
11787.45,0,92,29
11863.2,0,69,27
17109.1,0,83,23
7032.59,0,114,22
13366.39,0,98,23
18483.53,0,95,17
23116.63,0,109,24
17115.41,0,114,29
12855.45,0,110,16
10341.77,1,63,33
16841.95,0,110,20
13911.76,0,93,24
7355.69,0,116,16
13978.49,0,98,24
17572.01,0,91,20
18335.64,0,95,24
14837.51,0,148,16
27011.65,0.5,109,18
12033.72,0,137,26
8446.44,1,88,19
7843.32,0,71,23
11615.75,1,85,18
12698.42,0,101,34
14854.68,0,97,20
14450.52,0,117,17
12373.91,0,82,22
10981.26,0,90,20
8958.9,1,83,15
11024.94,0,128,24
13402.71,0,97,12
15317.96,0,85,17
5861.31,0,124,23
15134.87,0,96,19
28537.51,0,128,19
18341.78,0,75,19
18505.76,0,129,17
12511.14,0,101,23
14183.78,0,85,19
7063.73,1,73,24
20327.51,0,151,18
13211.18,0,81,25
16255.71,0,86,22
17919.48,0,85,18
11474.17,0,120,21
17213.52,0,106,24
15155.36,0,84,19
24485.85,0,98,21
8713.31,0,124,19
20199.13,0,94,23
17676.72,0,117,15
9849.71,0,83,28
20243.85,0,115,15
15844,0,106,18
10740.94,0,126,30
18713.72,0,129,27
8961.18,1,96,22
13391.07,0,93,15
12609.06,0,119,28
20938.12,0,116,10
15719.54,0,78,25
13408.31,0,113,24
16474.12,0,93,16
16360.51,0,82,19
9300.5,0,118,21
14130.26,0,49,30
17811.41,0,89,32
11888.82,0,111,16
15712.83,0,120,17
23662.32,0,84,20
11414.78,0,93,26
21349.21,0,111,23
17274.01,0,122,24
20983.98,0,87,16
6195.57,0,98,25
14502.01,0,108,14
20825.43,0,77,19
19303.39,0,107,19
17095.23,0,78,21
13273.99,0,100,18
9225.08,1,122,20
14126.82,0,84,24
22592.9,0,110,14
16377.28,0,110,16
9150.84,0,89,23
8636.75,1,115,16
9881.24,1,90,27
19311.46,0,114,23
5110.09,0,113,9
15883.12,0,88,21
6039.34,1,87,16
12397.38,0,106,20
13281.03,0,80,20
16262.83,0,80,20
3605.04,0,121,25
25129.6,0,122,16
13593.78,0,93,21
22616.5,0,117,24
9983.29,0,103,19
16773.84,0,105,14
13271.21,0,98,13
3659.29,0,129,21
21874.79,0,68,30
11350.48,0,127,23
16690.16,0,114,16
20057.68,0,106,15
16764.77,0,113,17
18651.7,0,79,8
17105.38,0,98,16
20464.72,0,91,18
15341.72,0,109,11
16862.59,0,131,19
15453.28,0,62,26
16189.84,0,123,26
12983.26,0,104,25
20518.59,0,107,22
13145.11,0,84,21
12167.29,0,83,26
20283.31,0,80,18
15108.85,0,149,31
8920.58,0,134,20
27052.17,0,97,18
12189.43,0,133,16
15412.61,0,68,34
10944.37,0,120,17
27978.42,0,92,16
9024.93,1,140,22
19341.35,0,120,17
2676.62,0,64,25
19983.61,0,121,16
9409.97,0,68,22
10660.41,0,140,15
10611.93,1,64,22
17944.7,0,76,9
21636.13,0,103,25
5746.51,0,86,23
12118.13,0,108,22
9012.52,0,75,15
21805.63,0,71,30
23988.06,0,113,19
16777.72,0,91,20
14007.88,0,93,25
18382.57,0,117,20
18087.29,0,77,27
20501.09,0,95,29
19149.85,0,74,23
9250.64,0,129,12
17874.15,0,109,23
8174.75,0,101,20
15035.14,0,117,18
12979.7,0,126,24
8125.48,0,90,16
25020.78,0,93,15
5680.95,1,104,17
15674.69,0,117,14
14269.93,0,106,22
14254.47,0,103,13
13078.57,0,96,23
20083.78,0,89,21
18702.54,0,88,19
19111.95,0,87,15
22736.94,0,84,16
12324.64,0,96,31
23668.45,0,52,24
19109.96,0,106,30
15541.24,0,80,11
10642.88,1,97,14
8953.33,0,100,20
18600.13,0,160,23
18386.59,0,107,14
16891.69,0,119,19
16305.2,0,129,24
18828.33,0,110,15
23681.18,0,92,23
11722.1,0,89,16
18249.48,0,81,22
13775.83,0,90,14
8668.41,0,112,16
21478.53,0,61,25
17762.75,0,140,29
21142.14,0,104,8
17199.18,0,90,16
11523.83,0,79,20
16624.87,0,112,12
14525.75,0,67,13
10544.23,0,109,23
21038.67,0,88,24
13609.5,0,112,22
10997.7,0,104,24
15848.78,0,97,16
8967.42,1,93,14
17563.57,0,90,21
18284.22,0,110,23
18218.76,0,77,18
12476.38,0,97,15
19887.61,0,85,33
11096.16,0,74,20
11046.32,1,85,29
18610.68,0,85,24
16538.48,0,126,23
26440.83,0,80,25
12959.75,0,115,19
15147.69,0,133,20
9142.9,0,64,22
26880.52,0,53,21
12065.7,0,114,22
11069.95,0,114,10
15503.49,0,149,21
17411.62,0,85,32
16043.99,0,101,18
11903.31,0,73,18
21388.08,0,104,18
16523.74,0,94,15
14434.68,0,126,17
9387.34,0,122,23
11438.78,0,105,21
6093.15,0,119,27
16243.84,0,93,21
9180.56,0,117,25
17780.83,0,83,19
8338.54,0,119,14
10354.64,1,84,16
7905.68,0,74,27
18627.87,0,104,16
17361.89,0,102,20
11840.16,0,119,18
11579.38,0,119,14
17565.21,0,125,21
5562.29,0,103,27
19047.48,0,120,24
6656.78,0,81,16
13480.56,0,109,24
8608.54,0,98,12
14043.21,0,100,23
18990.09,0,89,14
16720.98,0,70,19
12933.53,0,110,29
5592.67,1,116,24
7000.03,0,106,16
18925.67,0,120,20
11323.14,0,154,12
8440.12,0,149,28
13433.9,0,103,13
16994.14,0,88,11
10515,0,97,22
18914.62,0,77,24
26683.93,0,104,23
24213.19,0,108,32
12185.21,0,77,11
13094.86,0,102,20
9174.56,0,117,16
21106.01,0,102,19
17067.28,0,90,23
17925.41,0,119,23
28132.67,0,75,22
11934.22,1,107,12
21455.55,0,103,20
11860.95,0,102,21
11189.4,0,56,26
11089.59,0,112,15
20091.45,0,100,28
6183.73,1,107,6
14122.65,0,86,18
8991,1,61,23
9435.78,0,112,16
20842.7,0.5,88,18
6046.06,0,66,21
10969.49,0,138,26
16593.7,0,113,24
12679.44,0,104,20
18227.42,0,123,25
13986.42,0,67,22
10191.04,0,110,27
22495.76,0,101,14
28045.78,0,99,20
7749.63,1,110,17
10792.77,0,106,30
10960.45,0,108,11
6804.53,0,91,18
12357.45,0,100,20
9336.64,0,75,21
10231.21,1,104,22
16329.98,0,99,19
15214.3,0,86,15
19679.17,0,89,23
21250.14,0,104,18
10181.39,0,105,23
19091.72,0,100,22
14598.48,0,96,8
15684.06,0,113,11
19500.79,0,99,18
4185.27,0,115,26
17196.26,0,75,28
11778.9,0,93,18
10810.41,0,148,28
7418.06,0,100,20
15758.95,0,112,31
11698.37,0,149,21
17727.34,0,104,23
16368.89,0,107,16
20017.08,0,98,21
18531.13,0,123,17
14563.6,0,65,12
13829.05,0,92,13
14205,0,90,29
13342.48,0,119,17
17046.51,0,89,17
16262.62,0,140,12
21163.64,0,85,28
15969.31,0,104,25
13054.88,0,103,21
14642.12,0,83,20
1168.39,0,97,29
9201.42,1,125,21
20640.93,0,110,24
23739.62,0,115,13
17964.66,0,108,21
7979.99,0,91,23
8901.55,1,103,11
5029.64,0,80,12
22071.91,0,102,6
11809.07,0,92,28
15671.51,0,153,26
10632.88,0,110,21
16606.82,0,128,25
14777.73,0,86,19
13976.04,0,101,15
22407.73,0,107,19
15489.4,0,108,24
17925.98,0,105,22
8024.41,1,128,18
9527.8,0,107,20
11788.66,0,66,16
20920.33,0,129,20
19079.9,0,94,12
19275.55,0,83,23
8516.12,0,107,20
18460.64,0,111,32
15919.56,0,104,13
23804.99,0,92,22
11935.29,0,123,24
12122.87,0,132,24
4708.15,0,106,20
26490.81,0,114,19
10920.19,0,99,23
17738.28,0,62,26
20815.12,0.5,82,15
14667.48,0,67,19
13985.21,0,123,20
13354.65,0,102,12
11607.4,0,107,11
18951.68,0,76,14
21478.81,0,113,23
15815.68,0,138,26
12680.74,0,90,13
8864.26,0,110,19
10105.06,0,86,30
22957.08,0,102,19
13259.77,0,82,26
16471.15,0,92,30
15814.77,0,127,21
4833.77,0,99,13
19226.32,0,100,17
23268.93,0,56,25
9189.71,0,87,21
14220.89,0,84,19
15995.64,0,85,19
9539.25,0,113,14
26045.75,0,125,21
13564.56,0,67,14
5037.87,0,105,11
1371.21,0,59,22
19853.48,0,77,21
10481.59,0,113,18
20737.78,0,100,22
22323.37,0,76,27
15054.1,0,52,20
20749.38,0,113,20
21942.55,0,112,22
14160.48,0,139,24
11985.58,1,127,18
7195.86,0,95,26
7750.92,0,97,15
9818.74,0,96,19
6465.05,0,92,18
15123.42,0,61,21
14876.04,0,109,24
13756.52,0,117,20
18564.59,0,83,15
9380.34,0,89,19
23542.5,0,98,29
22718.11,0,71,23
1509.56,0,86,21
9771.71,1,81,17
11894.59,0,84,12
6103.89,0,110,24
3986.04,0,113,29
24951.01,0,101,14
7747.39,0,93,20
9342,0,96,26
17279.52,0,144,26
20140.62,0,97,12
9068.24,0,92,18
14080.36,0,96,25
18165.17,0,89,31
13579.02,0,104,26
18386.82,0,119,6
8875.14,0,103,29
12001.97,1,89,17
10140.4,0,106,15
12529.03,0,86,23
18514.24,0,82,18
23220.66,0,114,22
26815.45,0,116,23
16765.68,0,98,16
14738.2,0,82,18
17395.03,0,120,18
17966.21,0,115,22
18145.98,0,135,18
9538.1,1,105,21
8887.82,0,125,19
15467.74,0,71,24
19823.03,0,120,22
2296.88,0,76,19
16845.52,0,89,23
15483.08,0,110,24
8920.59,0,104,25
11047.22,0,79,32
15645.63,0,95,22
19465.66,0,103,23
12335.17,0,88,18
10838.04,0,103,21
9300.21,0,84,19
20193.15,0,108,18
12681.67,0,116,16
19610.49,0,116,20
16597.04,0,82,14
8634.67,0,105,21
11830.55,0,89,18
16666.91,0,84,19
17091.31,0,85,15
15719.39,0,95,16
17897.6,0,108,20
18547.58,0,76,15
25309.1,0,108,25
18100.1,0,67,17
18356.84,0,104,32
4763.96,1,95,12
19321.56,0,77,23
12205.65,0,107,9
13009.36,0,85,14
17038.39,0,114,16
16757.78,0,75,15
16082.81,0,52,24
12345.82,0,96,17
6175.91,1,103,21
9782.29,1,109,31
13332.1,0,122,23
20491.1,0,154,16
13451.49,0,139,17
15086.17,0,108,14
10251,1,97,19
1870.5,0,140,18
5904.94,1,112,22
13482.47,0,87,15
19054.37,0,113,26
11929.02,1,103,18
12944.44,0,95,15
18023.89,0,83,14
15825.76,0,76,21
17831.63,0,105,27
11479.57,0,87,21
22031.09,0,71,19
19439.2,0,72,20
27130.44,0,93,20
16990.68,0,129,32
14526.83,0,77,25
10989.92,0,105,15
22056.58,0,85,22
19976.09,0,63,20
6821.49,0,85,16
17714.22,0,89,16
16964.77,0,100,20
15086.55,0,104,15
15305.48,0,112,25
10260.31,0,92,16
16300.13,0,129,26
13465.69,1,108,23
11050.14,0,84,19
10773.45,1,100,21
24053.29,0,97,20
6735.11,0,124,23
12361.11,0,85,26
21353.9,0,106,16
22644.88,0,95,29
10958.45,1,107,24
8450.09,0,126,11
15294.53,0,116,23
10036.73,0,135,17
9438.51,0,76,15
11365.76,0,69,19
8198.6,0,105,18
11130.99,1,102,28
8464.22,1,127,27
25209.28,0,80,18
19432.83,0.5,102,18
15162.29,0,110,18
22762.96,0,91,33
18294.91,0,68,14
14337.31,0,88,15
13490.6,1,109,18
4700.07,0,120,11
18581.12,0,81,25
15582.91,0,113,24
5665.81,0,106,16
17573.07,0,117,13
22555.52,0,98,17
18794.91,0,153,17
23066.21,0,102,17
8760.65,0.5,124,20
11903.6,1,80,15
22986.12,0,114,23
10490.58,0,95,29
19436.37,0,104,15
13938.66,0,93,19
12056.25,1,85,16
16101.54,0,103,20
11927.62,0,81,27
14786.97,0,86,22
15156.94,0,103,24
16714.4,0,103,14
14511.92,0,71,24
9273,0,74,26
10555.5,1,71,23
9619.59,0,124,22
18734.74,0,71,14
8364.21,1,114,23
20088.41,0,104,14
14656.39,0,132,21
17696.24,0,97,25
14367.02,0,70,20
17101.15,0,110,14
21117.86,0,135,23
15811.53,0,99,16
22526.89,0,109,19
27509.4,0,87,21
16021.72,0,64,14
9267.66,0,56,26
24606.1,0,118,15
15016.22,0,127,20
18214.11,0,90,16
11452.67,0,95,17
8302.49,1,92,18
15675.17,0,110,14
7631.74,0,142,20
17890.33,0,134,23
13701.98,0,134,20
11799.21,0,97,13
18172.43,0,131,21
21398.68,0,81,23
19690.31,0,89,19
21204.09,0,87,17
8888.39,0,101,26
15275.46,0,129,18
12715.49,0,90,19
17268.18,0,119,21
13691.16,0,118,31
15167.11,0,84,20
6944.76,0,65,23
17040.03,0,106,12
17795.03,0,68,16
16400.38,0,94,33
19988.73,0,75,17
10924.51,0,84,22
19236.36,0,102,24
19603.39,0,91,18
30000,0,106,21
14565.32,0,148,15
18781.18,0,126,14
13135.26,1,79,18
13551.61,0,121,29
8660.52,0,98,19
25890.63,0,99,17
6398.4,0,109,24
12667.71,0,93,24
19301.65,0,92,19
15925.42,0,88,20
6113.05,0,103,21
24014.97,0,80,20
7392.69,1,115,36
12376.9,1,114,18
11455.26,1,100,20
18588.51,0,110,24
14855.08,0,98,21
7124.47,0,113,20
12619.45,0,129,18
6098.34,0,67,21
13536.42,0,95,19
22716.98,0,109,14
20299.12,0,80,11
5658.69,1,89,23
12463.02,0,95,23
15168.11,0,122,24
16490.41,0,101,15
8343.52,0,66,14
14779.51,0,113,21
9730.16,0,100,17
21897.12,0,96,21
9855.71,1,102,26
8442.75,1,102,19
9765.37,1,114,16
17166.59,0,63,26
15243.1,0,94,11
20137.36,0,55,24
22797.73,0,98,20
20231.34,0,101,26
18491.07,0,99,21
4366.1,0,107,22
21607.05,0,87,20
6512.87,1,103,22
22016.36,0,98,13
16014.76,0,131,23
6567.48,0,96,17
18101.18,0,81,24
20858.63,0,69,23
13703.39,0,103,28
6644.13,0,101,16
14389.07,0,111,23
12477.26,0,101,28
8040.73,0,63,16
15511.51,0,97,19
16504.56,0,130,20
16308.34,0,99,25
22533.78,0,100,23
22980.02,0,121,23
19809.19,0,90,27
14383.82,0,125,23
16533.11,0,106,26
14170.28,0,88,24
17983.12,0,89,19
18326.28,0,104,22
15204,0,93,8
12596.16,0,93,22
14000.88,0,92,13
23763.9,0,117,15
11799.22,0,93,21
10737.55,0,95,15
7969.15,1,69,19
10532.94,0,91,18
11169.1,1,103,22
9019.94,0,120,21
0,0,116,11
20018.68,0,119,20
12028.92,0,82,22
8989.34,1,95,15
8274.33,1,148,22
12084.9,0,90,14
18738.13,0,92,20
4927.34,1,110,14
7427.23,0,112,9
21394.29,0,86,23
9326.73,0,75,24
15322.69,0,87,18
12375.39,0,101,20
15294.67,0,74,23
11544.33,0,100,21
14170.66,0,118,19
12366.76,0,114,29
8487.15,1,100,18
9363.98,0,61,21
11548.88,1,125,25
15050.66,0,118,16
10709.22,0,90,23
8455.12,0,126,17
15073.82,0,108,20
9697.29,0,104,11
15316.84,0,99,18
20140.94,0,122,19
10897.61,1,96,28
21458.17,0,109,20
23525.36,0,90,25
16959.94,0,114,17
14705,0,100,24
14133.27,0,93,26
16451.2,0,66,19
8407.01,0,68,17
13687.11,0,94,24
22407.9,0,79,18
14322.39,0,117,20
9899.85,1,106,20
15060.71,0,87,23
23043.26,0,92,14
10999.56,0,105,26
11662.22,0,92,24
11842.78,1,110,17
13755.63,0,101,14
8736.36,1,109,22
14042.65,0,99,6
12952.78,0,124,21
19562.09,0,130,19
14430.49,0,102,20
19307.72,0,91,12
0,0,105,22
13667.8,0,69,23
10007.25,0,112,17
16613.98,0,92,17
15952.17,0,98,23
15109.53,0,113,23
22818.49,0,115,12
13083.26,0,102,21
18375.07,0,99,20
17024.78,0,63,27
7406.23,0,127,18
14661.48,0,112,15
7739.47,1,147,21
14299.22,0,94,22
10281.92,0,117,8
20079.2,0,95,19
19068.03,0,85,25
6935.55,0,94,25
18847.17,0,114,22
6547.15,0,87,18
18837.31,0,115,9
13224.32,0,111,21
15387.73,0,126,12
8225.84,0,67,14
18367.78,0,130,13
25492.12,0,54,16
14066.84,0,109,26
10122.35,0,104,11
17116.89,0,106,21
8430.37,0,81,27
15950.52,0,122,32
10252.84,1,104,13
12077.74,0,89,24
25260.8,0,79,16
7138.5,0,104,9
19333.58,0,98,24
18100.66,0,125,21
20674.03,0,81,18
14147.41,0,118,16
8110.01,0,107,15
10285.4,1,78,21
10173.28,0.5,101,22
13424.85,0,99,20
20957.83,0,133,11
12821.24,0,106,22
20932.39,0,90,16
8902.54,1,120,18
19705.36,0,97,16
13183.39,0,67,15
9160.25,0,113,22
15080.4,0,108,17
13479.54,0,127,26
16330.11,0,95,21
14265.94,0,103,14
9909.74,0,81,21
7095.57,0,106,17
20599.32,0,94,24
6185,0,80,15
4645.89,0,99,15
15692.66,0,86,29
10386.71,0,73,14
13191.01,0,85,16
21713.93,0,85,19
17928.76,0,127,16
14928.04,0,107,17
21928.77,0,107,17
22847.21,0,102,22
14026.25,0,89,28
15254.71,0,67,16
6442.08,1,135,19
20113.85,0,135,18
20915.16,0,106,21
7667.16,0,94,15
17941.24,0,99,26
13384.68,0,123,27
28362.23,0,81,18
19303.22,0,107,19
23088.46,0,107,21
11773.79,0,46,20
13513.21,0,90,26
10996.73,0,92,28
22863.28,0,86,31
11827.07,0,71,19
10479.84,0,109,12
11139.59,0,85,19
18034.04,0,131,18
20765.01,0,121,23
17039.33,0,147,10
18764.14,0,104,15
24083.54,0,93,15
4710.85,0,95,20
6042.24,0,108,22
18422.18,0,124,24
25009.27,0,108,20
19372.28,0,78,22
11061.29,0,94,10
10609.27,0,111,24
12857.72,0,125,19
23747.51,0,61,19
11305.67,0,82,18
5782.57,1,94,23
13368.78,0,95,17
11114.65,0,99,22
14771.33,0,120,16
7169.92,0,144,19
16036.73,0,97,20
18629.15,0,80,28
8496.65,0,105,13
15980,0,93,27
9874.1,0,102,20
18924.71,0,96,17
13245.4,0,85,16
10467.1,1,85,14
14210.99,0,66,12
22760.77,0,91,17
16918.3,0,103,23
14893.17,0,100,15
14962.82,0,111,31
13400.46,0,118,15
23645.66,0,127,16
19990.85,0,125,16
8283.99,0,108,24
24246.66,0,103,13
17753.48,0,90,7
6635.14,1,90,11
11876.03,0.5,100,23
13937.87,0,86,18
12529.27,0,96,19
22662.01,0,84,18
11259.31,0,104,20
13645.87,0,106,27
13206.2,0,80,28
9767.06,0,61,17
11234.29,1,34,25
8888.79,0,142,7
17159.11,0,83,18
17964.74,0,109,19
20403.85,0,114,26
7580.77,0,91,17
18332.71,0,91,25
11190.8,0,90,21
19734.88,0,69,17
7470.05,1,82,18
16772.58,0,79,20
21913.18,0,90,18
18440.24,0,92,15
14237.98,0,99,18
16262.99,0,96,29
21627.92,0,108,29
11665.8,0,96,16
15832.69,0,103,21
16744.72,0,106,27
16687.37,0.5,88,17
15062.89,0,126,23
20127.87,0,107,28
15127.39,0,101,15
6717.66,0,109,19
5391.95,0,75,23
12790.76,0,105,26
10071.7,0,117,23
18163.49,0,79,30
13608.01,0,81,26
19822.48,0,84,19
12598.49,0,126,15
22150.45,0,95,15
6292.9,1,137,15
5253.66,0,78,14
16088.45,0,78,17
8848.62,1,77,25
12882.62,0,88,23
7285.57,1,89,18
21614.86,0,116,19
977.07,0,95,15
17133.43,0,100,20
21770.73,0,104,23
19396.65,0,93,18
7835.01,0,95,19
14149.17,0,143,12
12725.4,0,94,27
18786.34,0,139,25
16475.37,0,103,28
21720.93,0,78,23
20084.62,0,54,19
13520.82,0,97,20
14209.48,0,107,28
18580.3,0,119,23
21633.69,0,109,18
15287.26,0,92,20
25416.85,0,73,19
20035.46,0,110,11
7018.8,0,119,22
18465.8,0,59,21
13813.66,0,87,18
14488.77,0,87,24
14320.5,0,105,14
13744.27,0,100,16
15665.1,0,107,22
24172.48,0,133,16
6782.84,0,106,24
18500.11,0,138,25
12050.87,0,90,19
8059.51,0,114,23
10439.91,0,125,15
12200.2,0,134,29
14273.4,0,112,21
18297.89,0,108,12
16910.98,0.5,71,21
10558.12,0,106,24
15412.67,0,140,16
14279.29,0,92,20
16218.21,0,70,14
12635.97,0,119,19
18542.97,0,93,26
13713.45,0,60,30
25207.66,0,84,16
8686.48,0,50,14
12684.24,0,90,27
20228.5,0,96,12
15817.38,0,95,21
18512.38,0,121,18
15965.99,0,114,15
9166.41,0,132,29
15414.5,0,134,25
22903.57,0,94,17
15765.59,0,113,21
12622.97,0,113,21
21021.51,0,100,10
15018.64,0,84,29
14507.63,0,121,23
14097.05,0,79,20
21012.98,0,107,23
21196.63,0,100,23
17508.77,0,107,14
13714.94,1,88,26
17493.94,0,111,18
15337.21,0,110,32
12259.5,0,101,23
17238.07,0,87,18
17930.79,0,102,17
12749.95,0,90,27
17127.86,0,73,15
5865.85,0,81,24
13569.84,0,81,18
10940.75,0,76,20
3329.49,0,93,25
20042.96,0,104,20
13428.66,0,79,21
9220.39,0,125,22
16300.73,0,55,19
13072.44,0,82,18
22065.21,0,117,20
17467.15,0,124,19
21151.77,0,107,18
14677.76,0,96,22
18523.22,0,126,14
15281.89,0,79,17
17133.57,0,94,17
5148.27,1,70,27
11972.17,0,107,10
15898.37,0,93,24
4516.14,0,113,24
17527.08,0,118,17
11524.48,0,123,7
18284.7,0,101,22
13251.42,0,97,25
16973,0,109,19
18393.82,0,123,34
21001.2,0,117,24
19622.72,0,94,21
15955.76,0,68,24
16830.78,0,102,16
7781.05,1,126,20
14818.14,0,123,27
20749.1,0,89,16
10068.04,0,73,15
17095.53,0,140,19
7486.02,1,121,27
13182.33,0,84,23
19093.74,0,98,15
12504.82,0,96,20
10908.98,0,104,24
5919.57,1,118,22
8187.89,0,85,24
14783.43,0,99,18
10065.41,0,87,13
15105.24,0,119,30
12566.64,0,134,27
19962.05,0,88,20
16988.74,0,91,24
21269.99,0,110,18
10615.06,0,131,22
14416.07,0,111,24
6469,0,104,19
11732.59,0,77,13
17727.51,0,44,12
20647.21,0,70,22
4144.15,0,60,18
13564.58,0,108,13
4083.82,0,100,19
16285.78,0,99,18
17899.54,0,116,23
17647.92,0,97,18
9108.57,0,127,19
16408.11,0,87,20
7376.68,0,101,24
9763.76,1,98,15
20705.27,0,70,22
21540.43,0,126,19
17383.74,0,66,26
9400.3,0,142,27
9928.24,1,91,11
12649.12,0,99,21
10666.42,1,104,22
13804.14,0,88,15
19404.94,0,131,21
17221.21,0,94,26
25639.71,0,112,19
11670.44,0,92,27
16813.7,0,71,17
19633.42,0,67,15
17932.8,0,63,17
9157.92,0,121,18
17957.88,0,92,16
8190.7,1,104,18
16630.78,0,93,26
10348.62,0,101,23
17965.3,0,125,30
6674.62,0,116,29
18027.87,0,127,17
11200.1,0,113,16
11731.61,0,118,24
12650.03,0,76,19
9799.98,0,82,27
27053.32,0,82,18
15488.84,0,75,28
17617.63,0,88,16
4248.79,0,99,29
19954.03,0,94,20
13158.48,0,122,17
29092.39,0,110,18
19239.43,0,84,26
13192.28,0,90,24
18252.48,0,123,8
15905.69,0,67,18
21050.38,0,93,21
14697.66,0,92,15
3156.36,0,88,26
6558.49,0,100,18
9078.23,0,68,13
18656.48,0,76,25
17366.57,0,121,21
14467.88,0,126,23
12951.79,0,74,19
13958.82,0,86,20
8404.38,0,110,17
20296.35,0,112,24
14898.42,0,70,2
7923.59,0,115,17
7857.67,1,134,17
19169.75,0,94,19
17910.22,0,83,17
13187.94,0,107,13
6554.04,0,129,16
20389.55,0,114,17
16548.72,0,84,21
15827.35,0,91,13
11089.71,0,87,7
12390.8,0,86,18
12358.99,0,99,14
20609.29,0,106,16
8642.01,0,89,14
28173.75,0,86,20
25250.86,0,85,21
18333.61,0,81,25
16884.51,0,91,20
11752.2,0,93,25
14876.05,0,118,13
14945.38,0,108,27
21027.14,0,152,24
11151.19,0,93,24
16732.66,0,93,29
15549.06,0,78,24
964.6,0,104,9
13575.86,0,104,25
12375.69,0,85,22
12220.39,0,75,25
9895.28,0,129,21
21156.52,0,174,21
18164.98,0,96,19
13329.86,0.5,100,30
13944.02,0,104,12
15064.43,0,104,22
12930.91,0,113,13
12459.67,0,92,26
17271.58,0,53,17
8282.58,1,121,21
6598.82,0,105,17
5581.04,0,104,24
20176.58,0,78,19
14558.65,0,100,24
10286.9,0,99,15
9727.23,0,104,18
13448.97,0,103,24
15759.48,0,83,16
12863.58,0,110,27
9443.33,0,102,17
13388.6,0,96,21
17846.28,0,93,26
18030.81,0,126,19
21972.82,0,91,25
22457.5,0,103,10
20179.37,0,109,15
8668.76,0,116,17
12204.85,0,114,14
14820.89,0,91,16
12362.97,0,92,25
14505.48,0,120,22
14140.85,0,96,21
9596.56,1,117,23
10397.34,1,61,23
18827.79,0,109,28
17052.87,0,99,22
9193.57,0,105,16
9916.52,0,86,24
6458.67,1,54,25
25788.46,0,115,17
11936.25,0,65,24
7568.4,1,82,25
8179.35,0,95,23
8160.65,0,99,11
26544.84,0,96,17
12126.47,0,100,19
18163.24,0,119,24
18116.18,0,96,14
14244.24,0,110,17
16882.96,0,51,19
20463.25,0,102,13
10303.9,1,99,23
17404.74,0,110,29
16625.87,0,89,14
23290.25,0,122,15
16336.72,0,104,25
11844.83,0,95,24
19098.45,0,88,11
10905.68,0,119,26
8398.26,1,64,15
12516.61,0,80,20
25002.9,0,69,27
16427.24,0,128,25
10891.41,1,117,17
14673.52,0,65,23
18304.1,0,93,24
21812.56,0,118,17
12594.92,0,120,26
12498.37,0,132,24
17436.25,0,99,18
26184.03,0,115,26
11355.83,0,101,15
24355.56,0,108,28
19543,0,85,22
20359.55,0,95,20
12503.39,0,102,15
19311.98,0,139,31
23208.91,0,99,20
14326.29,0,117,18
22689.62,0,108,21
8021.66,0,76,19
9496.96,1,67,26
14942.81,0,120,23
13202,0,122,24
13156.82,0,64,22
13703.91,0,111,19
18199.37,0,126,13
8771.18,0,70,23
14877.59,0,90,17
22390.26,0,133,20
14298.43,0,110,15
12818.04,1,82,21
21138.54,0,88,17
6077.53,0,79,27
21489.98,0,91,20
12815.57,0,116,25
13896.03,0,82,18
11379.58,0,93,23
14511.34,0,119,23
12157.06,0,83,26
20522.69,0,83,18
12289.98,0,121,22
14429.92,0,97,16
19491.84,0,88,20
21134.73,0,110,21
14719.14,0,112,12
11064.42,1,74,20
8365.88,0,132,25
18574.13,0,80,21
15076.25,0,102,22
11682.07,0,109,21
16902.07,0,133,18
26258.55,0,109,18
20942.92,0,125,18
13509.65,0,101,34
16084.63,0,102,17
7832.91,0,76,17
9217.87,0,147,18
17220.8,0,106,18
21265.27,0,133,24
6066.5,0,105,20
15122.98,0,81,14
23193.38,0,121,21
8526.89,0,118,18
9908.12,1,88,24
10222.37,1,89,19
8577.53,0,125,17
7976.96,0,85,24
11515.1,0,89,16
13723.52,0,66,31
9050.28,0,113,12
20186.12,0,105,15
13525.26,0,85,18
18395.62,0,89,19
16583.3,0,103,26
11866.36,0,95,13
8890.87,0,84,26
19336.86,0,139,21
8181.02,0,102,20
15449.77,0,117,27
16410.01,0,109,31
12452.57,0,89,16
8331.88,1,93,11
18564.86,0,99,16
12521.38,0,96,21
13398.26,0,81,23
9485.51,0,123,19
15523.09,0,82,23
27474.88,0,82,27
19585.9,0,128,25
11857.57,0,115,16
12134.89,0,90,10
19009.55,0,114,16
9837.15,0,124,23
17986.66,0,52,22
21333.73,0,95,19
17596.24,0,88,33
14681.17,0,99,15
12459.07,0,113,16
10920.99,1,128,28
5106.04,0,112,20
18449.09,0,99,20
9110.95,0,97,20
22679.4,0,126,18
11175.77,1,89,14
11573.79,0,75,21
17474.34,0,65,20
20872.28,0,97,22
22020.84,0,87,11
11002.09,0,76,22
18109.3,0,81,22
24675.85,0,108,22
14120.9,1,58,12
12793.45,0,112,14
13827.05,0,100,17
22093.18,0,65,19
20388.52,0,104,22
11629.21,0,86,24
4914.34,0,103,15
18360.36,0,75,27
14644.92,0,103,34
14469.74,0,99,13
10277.67,0,82,26
19371.66,0,41,11
11460.06,0,94,11
13968.92,0,111,27
24178.61,0,83,9
9808.8,0.5,140,14
10993.78,0,72,22
23586.99,0,76,22
10633.61,0,95,30
5402.15,0,72,11
14192.13,0,115,19
14996.96,0,81,16
12518.03,0,101,21
7896.26,0,73,22
2237.4,0,79,24
16257.4,0,87,26
18327.87,0,139,20
0,0,89,25
9281.84,0,79,25
5292.26,0,112,22
14446.86,0,130,23
11583.6,0,82,22
13739.79,0,91,27
16257.1,0,109,19
7791.49,0,77,16
14973.57,0,103,18
14408.23,0,61,22
5665.04,0,93,17
10731.17,0,80,18
19723.61,0,82,27
16817.25,0,106,27
17043.68,0,91,23
19451.77,0,97,14
12400.03,0,79,22
28862.55,0,104,12
13318.62,0,99,14
13315.67,0,89,19
21534.28,0,82,26
10869.7,0,112,19
20531.6,0,103,16
13228.6,0,81,28
15590.03,0,129,21
16157.46,0,89,27
18910.93,0,123,25
18106.45,0,101,21
25257.72,0,82,21
17279.67,0,68,12
5879.65,0,76,22
1492.38,0,99,29
14631.47,0.5,102,23
18544.07,0,82,12
20597.97,0,98,18
18899.72,0,126,20
13390.06,0.5,100,15
8222.05,0,101,25
16605.12,0,110,12
15328.2,0,128,23
17508.95,0,65,12
10290.24,1,75,22
10448.65,0,64,9
10121.53,0,78,18
18217.49,0,115,17
12205.05,1,107,24
9579.42,1,105,15
15382.67,0,102,24
9484.77,1,86,15
15058.92,0,98,20
15973.46,0,105,18
17253.46,0,123,24
22333.23,0,85,20
17465.02,0,123,17
17127.73,0,113,18
15129.76,0,113,19
9403.38,0,99,25
25479.1,0,72,21
19669.98,0,109,30
14552.14,0,85,19
17530.35,0,95,26
11895.2,0,138,25
17398.91,0,65,13
6664.17,0,107,21
26832.1,0,160,22
5847.32,0,140,27
21083.93,0,54,18
5337.24,0,81,24
14893.36,0,57,14
6126.81,0,105,24
8225.86,1,96,14
5572.25,0,73,16
13084.92,0,117,19
21515.7,0,58,21
18662.85,0,99,27
11505.19,0,100,15
12380.09,0,106,26
16220.57,0,108,22
10624.3,0,109,16
16033.44,0,82,28
23780.64,0,101,20
16459.62,0,102,18
25008.13,0,129,24
17631.64,0,90,21
15153.42,0,90,12
16565.25,0,76,17
20783.91,0,164,12
13637.7,0,120,14
9080.8,0,133,27
12124.83,0,86,16
24209.14,0.5,84,20
17647.49,0,85,25
22108.02,0,126,19
11506.85,0,117,21
19185.5,0,130,23
20271.63,0,116,20
3766.6,0,105,18
12937.66,0,115,25
8447.14,0,90,37
12088.16,0,162,28
8484.27,1,117,22
12017.73,0,74,19
12876.98,0,118,22
5180.06,1,92,9
18075.11,0,116,18
9529.45,0,86,19
6807.77,0,123,17
13174.64,0,87,20
11423.74,1,124,21
14324.91,0,87,27
22277.26,0,127,17
13014.38,0,105,21
17984.69,0,96,25
17278.37,0,87,25
22805.21,0,79,16
22123.83,0,93,22
1310.62,0,56,24
23147.78,0,113,20
10595.58,0,95,11
15375.56,0,109,20
13649.87,0,98,28
14661.88,0,89,14
21895.58,0,175,13
10374.76,0,106,14
6530.74,1,100,26
15687.33,0,73,12
10008.89,0,92,17
10526.03,0,104,19
16687.53,0,112,17
16074.84,0,105,22
17696.76,0,58,12
8587.72,0,91,18
14824.3,0,146,16
20539.34,0,93,26
15279.33,0,87,11
7573.81,0,103,18
17987.35,0,93,13
8639.38,0,115,26
11988.83,0,105,10
14449.51,0,90,27
4357.67,0,73,14
10995.76,0,89,27
16285.92,0,130,25
15443.92,0,126,16
17459.43,0,92,24
15232.33,0.5,85,22
17100.56,0,104,21
16385.41,0,96,18
12423.82,0,61,23
13817.8,0,74,25
14879.86,0,118,21
10987.19,0,104,26
17107.56,0,105,22
18030.42,0,104,15
15441.32,0,79,23
6903.73,0,113,17
5696.89,0,98,23
22586.86,0,138,27
23563.93,0,107,24
13941.77,0,112,15
12609.58,0,104,19
20521.45,0,80,22
7868.83,1,125,23
16295.92,0,108,18
13032.71,0,107,23
21848.26,0,131,23
17900.86,0,113,23
13950.82,0.5,74,20
11105.19,0,70,19
20964.63,0,103,24
15136.09,0,134,5
30000,0,93,18
12387.25,0,105,19
13168.6,0,105,25
11727.71,1,114,25
17091.59,0,118,29
7992.89,0,119,23
16186.78,0,113,17
11434.08,0,94,15
18042.28,0,100,12
18246.83,0,111,18
10853.67,0,120,16
8132.72,0,114,23
20025.37,0,111,14
17916.5,0,140,17
10480.7,0,107,15
19606.22,0,105,28
17535.34,0,109,18
17551.77,0,121,22
7262.3,1,122,17
16531.91,0,94,14
21673.72,0,133,27
10670.32,0,86,16
13500.93,0,102,27
27685.12,0,73,21
9285.24,1,90,20
19159.89,0,91,27
14562.21,0,87,20
6968.16,0,91,16
16518.14,0,118,8
22246.86,0,77,23
23348.01,0,89,23
10841.71,0,114,21
12638.81,0,66,15
9891.85,1,115,17
18075.81,0,90,18
13029.29,0,117,20
18634.9,0,76,18
17482.84,0,89,19
13963.85,0,99,23
10933.16,0,95,20
9157.64,0,82,16
13950.31,0,108,30
6555.34,1,111,18
22081.13,0,128,23
13234.31,0,122,8
15998.48,0,86,25
15987.28,0,98,25
12133.29,0,122,14
22744.61,0,75,19
22150.26,0,69,22
10334.27,0,108,14
9721,0,84,23
6714.13,0,110,25
12064.42,0,150,23
15255.56,0,120,24
13690.71,0,113,20
16280.82,0,95,12
16846.31,0,132,22
13019.63,0,74,14
5398.89,0,121,22
25640.31,0,124,21
9055.06,0,71,21
2584.21,0,81,26
21046.12,0,76,18
11814.1,1,110,21
9466.47,0,118,25
24519.87,0,86,19
11348.34,0,125,21
24618,0,86,17
13728.48,0,67,29
6900.26,0,82,18
17129.31,0,119,16
9911.11,1,102,19
17102.9,0,101,10
11877.1,0,110,26
12294.38,0,86,22
19554.39,0,122,15
24435.95,0,88,18
14973.03,0,90,15
18353.09,0,81,11
12414.98,0,90,22
14800.59,0,122,22
15097.58,0,118,21
11596.54,0,98,16
7417.82,1,86,18
4159.49,0,98,24
9676.67,1,81,21
5680.59,1,93,21
14530.24,0,86,16
12858.49,0,96,20
21884.5,0,91,19
18124.96,0,96,20
13017.13,0,110,20
15108.06,0,109,22
20379.89,0,91,16
18375.09,0,114,17
23947.19,0,62,19
18274.75,0,126,16
10387.15,0,125,22
16654.45,0,115,11
15060.56,0,106,16
16824.72,0,82,23
19306.13,0,70,20
13876.34,0,120,19
11133.36,0,100,18
14487.44,0,135,20
5116.12,0,85,23
14137.76,0,79,16
6666.66,1,85,24
14217.24,0,97,18
13983.28,0,75,19
12387.52,0,141,19
12138.56,0,70,20
11700.05,0,69,21
21672.15,0,94,16
7571.32,1,85,20
22670.24,0,78,20
11419.04,0,152,23
6593.75,0,81,20
11194.21,0,124,16
17851.21,0,129,11
14693.52,0,90,11
17228.55,0,113,15
9677.71,0,66,19
16271.28,0,92,21
12673.38,0,89,21
15669.86,0,110,6
8868.57,0,128,26
11314.57,0,73,9
17142.47,0,130,28
15236.09,0,136,14
10738.77,0,94,20
9587.24,0,69,22
13673.87,0,111,20
19813.08,0,102,21
13896.08,0,84,20
16994.4,0,138,20
11555.69,0,86,25
12662.64,0,104,25
9715.76,1,109,28
8927.12,0,70,35
18392.35,0,129,23
12294.79,0,137,18
12985.96,0,111,22
22446.45,0,123,13
23269.08,0,88,21
19634.63,0,94,19
21289.07,0,111,19
23361.36,0,106,35
13343.83,0,84,22
8642.59,0,101,21
6511.24,0,125,21
6064.28,0,86,26
17606.01,0,90,19
23286.71,0,78,10
9138.41,0,115,30
17450.33,0,84,19
9792.48,0,112,23
14095.75,0,81,18
25010.08,0,80,20
11381.8,0,98,18
22487.02,0.5,75,25
17620.82,0,129,21
9616.01,1,106,20
12647.59,0,93,20
16025.55,0,72,24
9562.78,0,52,25
23690.6,0,130,23
17747.4,0,136,31
13715.68,0,117,10
15755.72,0,81,20
8816.34,0,128,19
16422.04,0,116,28
9996.49,0,74,26
12021.35,0,136,11
16347.04,0,66,14
17281.06,0,62,20
12319.28,0,111,15
5568.47,0,78,22
15098.83,0,58,18
6047.09,0,74,19
14986.5,0,159,21
18733.32,0,110,14
17320.63,0,73,21
11426.14,0,91,26
10561.06,1,108,27
12371.88,0,94,19
14760.74,0,107,20
10877.87,1,95,22
3403.23,0,117,30
15192.28,0,116,21
15805.33,0,119,18
10502.24,0,96,19
6984.61,0,68,16
11136.42,1,138,29
16942.13,0,90,32
17009.94,0,90,15
11345.61,1,149,23
10040.68,0,119,21
14919.75,0,98,11
9673,0,114,19
17820.11,0,107,23
18354.46,0,103,14
19566.06,0,91,28
16685.53,0,125,15
11287.14,0,114,25
21753.08,0,96,25
7344.2,1,115,25
12622.82,0,100,22
15296.82,0,104,13
21094.13,0,129,14
16453.24,0,107,19
16240.99,0,107,19
17436.81,0,116,21
16418.36,0.5,90,19
12928.69,0,78,21
6820.29,0,124,15
26844.81,0,126,24
8632.69,0,116,22
22916.6,0,122,25
17694.87,0,128,13
12523.25,0,89,26
17457.79,0,127,17
22163.59,0,103,24
11833.98,1,53,24
17276.83,0,110,21
11653.03,0,107,13
9522.02,0,30,21
5945.6,0,79,29
11927.65,0,78,26
8535.05,0,93,28
13194.28,0,94,14
8605.67,1,109,22
8791.83,0,109,22
5835.04,0,61,10
19373.9,0,98,18
20824.04,0,88,24
19978.81,0,105,17
19548.32,0,96,22
18032,0,78,14
21040.52,0,88,21
13572.89,0,112,20
20979.89,0,90,17
12404.2,0,95,15
14735.79,0,71,19
15896.03,0,99,20
17435.11,0,106,22
9398.85,0,74,22
19094.26,0,142,20
11082.79,0,140,19
9326.54,0,106,23
4492.03,0,117,21
8493.33,0,68,19
9322.66,1,99,23
16294.85,0,108,21
11229.03,0,87,20
13272.1,0,52,17
12182.84,0,96,19
12238.49,0,94,13
13727.35,0,95,19
9190.61,0,101,18
14929.27,0,113,15
20316.91,0,108,15
17212.97,0,123,24
10105.42,0,102,21
15773.13,0,108,19
21392.51,0,96,19
21424.81,0,104,21
18724.9,0,67,15
10939.08,1,78,22
7114.45,0,93,20
9295.38,0,115,22
19393.52,0,76,20
12520.97,0,87,26
8197.67,1,132,24
16393.09,0,112,24
9684.82,0,77,16
23103.74,0,107,23
22494.87,0,110,21
15741.21,0,110,14
22863.24,0,120,24
17434.76,0,111,22
12401.43,0,64,8
12796.9,0,93,18
13209.59,0,111,13
9201.63,1,105,15
15734.35,0,92,20
18786.77,0,104,24
16907.93,0,109,19
18877.14,0,135,20
16833.9,0,110,23
14888.18,0,82,24
7880.12,0,127,21
9298.97,0,105,26
5332.07,0,90,19
28382.93,0,118,10
17712.62,0,118,17
13057.5,0,117,17
18737.46,0,110,28
12400.28,0,60,19
17934.5,0,119,15
8380.04,0,110,21
6601.65,0,68,21
9045.14,0,91,23
13774.07,0,121,13
8054.88,0,68,24
10017.16,0,100,27
14078.85,0,93,15
5695.84,0,127,16
21634.3,0,137,30
9220.44,0,110,28
17858.21,0,116,21
14423.89,0,74,17
17156.1,0,99,7
14217.72,0,102,23
17590.89,0,85,20
19968.17,0,82,17
15363.81,0,102,12
6962.52,0,134,15
13907.9,0,124,22
13835.41,0,123,21
9737.4,0,81,15
17708.96,0,101,23
12938.66,0,66,25
28471.97,0,97,19
18192.17,0,79,16
12693.79,0,122,24
13507.51,0,105,22
9269.83,0,67,26
7466.09,0,52,25
17225.92,0,127,25
15616.38,0,102,19
13641.49,0,107,22
11472.14,0,82,21
19411.09,0,107,21
20885.67,0,102,24
12355.84,0,83,22
17088.88,0,99,20
13719.22,0,101,18
8995.65,0,100,23
18427.43,0,108,27
14521.6,0,97,20
1783.94,0,54,18
15889.71,0,97,24
22005.03,0,123,22
8301.04,0,79,19
5567.15,0,90,22
14554.72,0,91,18
14864.84,0,88,18
11421.19,0,75,24
22161.53,0,96,20
5426.95,0,113,18
8313.85,0,112,16
20205.49,0,131,18
9694.27,0,93,13
15307.33,0,88,22
11775.05,0,100,16
21181.76,0,91,17
8367.06,0,98,24
15685.87,0,73,14
13816.05,0,112,31
14050.99,0,106,22
8023.26,0,83,25
9233.83,0,80,23
9974.64,0,105,28
11477.79,0.5,89,22
13331.85,0,74,24
13686.7,0,93,21
16682.24,0,90,12
7201.61,0,120,22
11812.89,1,89,24
12572.28,1,97,14
22125.2,0,73,15
15465.78,0,118,18
16244.06,0,103,17
9487.49,0.5,63,19
0,0,92,18
13182.4,0,126,22
17662.03,0,118,28
16451.98,0,109,20
13178.74,0,110,23
22767.51,0,101,26
9768.71,0,104,20
18845.51,0,77,25
20856.66,0,130,23
15247.2,0.5,115,19
30000,0,87,18
16483.54,0,94,26
6369.97,1,103,21
20193.04,0,88,19
24625.46,0,60,23
11358.54,0,93,23
8677.08,0,107,21
12715.05,0,87,17
5993.99,0,77,23
12969.07,0,107,19
8043.98,1,130,18
17729.53,0,63,26
18864.44,0,90,18
9034.36,1,57,21
14036.6,0,108,18
25350.7,0,57,11
16166.22,0,110,19
12515.33,0,109,28
18215.73,0,98,14
18313.85,0,119,18
23252.43,0,124,22
15320.37,0,112,26
18313.63,0,118,25
14993.56,0,84,14
22584.76,0,122,16
8709.31,0,80,19
9284.87,0,119,15
23736.58,0,98,21
22860.03,0,130,14
10159.97,0,112,19
20549.86,0,101,20
13655.17,0,109,9
20336.02,0,124,23
10675.96,0,74,17
10147.03,1,135,19
9684.9,0,93,16
15339.23,0,109,17
13321.61,0,63,20
12537.52,0,95,14
22849.44,0,94,24
12618.75,0,120,24
13422.52,0,90,22
16271.83,0,120,20
21336.11,0,117,23
11311.13,0,79,22
9966.01,0,136,19
14921,0,69,20
20105.18,0,68,15
23327.48,0,149,8
12661.81,0,78,23
22255.51,0,93,26
24722.22,0,88,20
9025.67,1,95,23
13084.02,0,94,28
8036.09,0,115,14
17837.1,0,101,28
6010.42,0,100,15
17762.02,0,98,14
16036.58,0,100,11
10845.08,0,98,21
11468.67,0,113,27
11101.04,0,98,21
10810.62,0,114,17
20951.81,0,99,19
17814.08,0,117,20
18518.05,0,114,14
10198.02,0,81,19
9641.67,1,77,16
11581.86,0,69,22
16791.39,0,77,19
9524.3,0,40,26
12462.45,0,134,18
14582.28,0,120,16
17498.51,0,83,22
18026.95,0,89,9
9584.28,0,137,28
17039.22,0,68,15
18118.93,0,100,25
5001.54,1,72,23
13885.88,0,109,16
30000,0,131,19
18646.29,0,114,19
13083.04,0,109,26
20383.23,0,84,22
17255.76,0,128,14
20701.97,0,103,22
17196.4,0,124,24
15170.41,0,113,15
18216.39,0,92,14
19713.82,0,110,19
9983.31,0,100,25
22632.45,0,112,27
15823.82,0,59,20
8469.3,0,92,23
13135.61,0,73,24
15026.26,0,107,24
10787.07,0,78,18
13389.37,0,76,19
16825.35,0,91,14
16242.26,0,86,8
14382.65,0,90,15
15021.82,0,106,17
11830.67,0,99,15
7987.24,0,105,25
15992,0,76,27
10315,0,106,8
9474.94,0,86,14
12001.32,0,98,18
13193.38,0,79,26
9753.55,0,106,17
11469.21,0,111,20
11900.39,0,102,16
12195.13,0,102,12
7895.98,1,123,15
15521.08,0,111,24
13719.65,0,117,23
19861.74,0,93,14
15592.89,0,95,11
17504.73,0,115,19
14768.57,0,103,28
15054.69,0,108,12
9826.49,0,142,28
9628.91,0,119,25
20025.9,0,114,17
18506.35,0,145,16
8173.82,1,82,26
18196.56,0,116,25
11300.44,1,89,17
22825.83,0,107,16
16247.94,0,71,19
5423.04,0,78,24
16303.55,0,121,23
19497.56,0,71,19
14221.18,0,74,23
15255.29,0,108,17
11038.79,0,89,20
7333.63,0,80,19
19729.07,0,79,22
9096.24,1,90,29
14208.53,0,119,23
9076.91,0,94,16
10702.33,0,115,15
19489.01,0,75,15
9214.06,0,102,28
12343.66,0,103,22
10093.77,0,103,12
18465.25,0,82,17
9889.77,0,101,15
20948.72,0,115,21
25024.69,0,100,19
16603.34,0,108,24
13709.79,0,114,30
22394.68,0,127,28
17962.58,0,99,23
18997.24,0,74,6
21638,0,117,17
11465.19,0,128,21
22150.83,0,100,23
7380.38,0,81,11
15696.62,0,73,21
19074.39,0,84,10
16792.82,0,103,14
11605.48,0,103,24
19070.07,0,105,27
6966.27,0,96,18
12379.74,0,88,21
18983.41,0,73,20
12024.4,0,118,24
9457.63,1,107,18
15256.37,0,71,28
17595.6,0,103,15
17149.53,0,99,25
16173.12,0,120,17
17808.34,0,71,24
21371.27,0,67,22
15556.52,0,98,19
20489.03,0,117,13
8559.22,1,99,23
10177.3,1,74,16
17021.75,0,115,22
22323.68,0,165,26
15189.45,0,75,31
18891.15,0,111,20
9770.6,1,107,23
26544.72,0,72,18
12176.11,0,131,12
15837.84,0,92,16
15825.8,0,66,15
2503.61,1,85,25
21640.47,0,79,17
21934.12,0,124,23
19329.11,0,62,30
16117.54,0,113,9
3805.22,0,124,15
9957.53,1,131,18
12164.26,0,77,25
12022.43,1,137,28
22864.3,0,131,17
10143.78,0.5,123,11
17988.77,0,115,21
8647.31,0,67,10
15004.24,0,93,14
16264.81,0,105,18
13965.37,1,130,20
13562.74,0,100,22
13582.9,0,105,18
21409.74,0,89,17
6759.39,0,117,18
23233.32,0,109,29
16390.3,0,93,20
25391.82,0,95,22
16970.81,0,155,28
16139.54,0,100,15
16064.16,0,85,14
17849.5,0,98,31
10761.13,0,91,25
16296.53,0,94,24
7361.69,1,86,26
2205.75,1,67,23
20293.43,0,131,11
11013.15,0,122,28
8341.63,0,115,17
11107.66,0,110,21
12450.7,1,92,16
7602.3,1,89,21
2717.18,0,71,14
21719.75,0,135,14
12231.92,0,133,24
20335.43,0,83,10
17227.27,0,105,14
16235.46,0,83,17
19438.49,0,70,24
21007.65,0,100,30
15885.08,0,86,16
14507.96,0,103,19
15685.62,0,95,26
9700.73,0,114,18
12065.88,0,105,9
15658.38,0,126,24
16097.78,0,82,26
10694.25,0,84,16
12050.67,0,98,23
10079.33,0,125,16
19002.07,0,80,17
23728.1,0,109,14
16450.84,0,80,20
13485.58,0,119,26
25155.97,0,88,15
16933.19,0,99,20
19879.07,0,140,19
12490.23,0,105,23
19703.85,0,76,25
12745.49,0,113,17
10144.45,0,97,15
26118.03,0,97,19
9387.67,0,78,27
13928.85,0,60,24
14929.58,0,70,14
12660.45,0,115,23
7579.29,0,110,12
19600.9,0,91,18
12391.67,0,75,29
15267.06,0,95,21
6230.23,1,77,17
10241.01,1,93,18
23609.54,0,45,17
6560.19,0,131,26
11108.79,0,103,20
20719.95,0,135,19
8912.38,1,111,30
16597.25,0,86,16
16885.04,0,87,21
21233.37,0,110,16
13056.9,0,111,21
15867.93,0,121,21
14889.23,0,59,19
6145.95,0,119,26
27315.4,0,80,18
14557.56,0,70,15
26903.09,0,118,22
17705.8,0,105,21
19094.84,0,100,26
10075.67,0,103,28
8482.31,1,57,23
17881.5,0,93,27
12536.04,0,103,21
16267.41,0,124,17
12163.25,0,81,16
18649.05,0,101,16
15763.52,0,78,9
11509.6,0,95,23
5710.71,1,118,19
17277.85,0,130,16
10908.49,0,58,13
7335.49,1,89,16
13456.38,0,137,13
7478.42,0,82,21
9833.78,0,107,27
9242.17,0.5,85,17
18353.04,0,76,24
11805.68,0,99,30
14143.07,0,98,21
25835.82,0,125,19
12680.07,0,83,12
17578.25,0,114,23
8753.96,0,79,22
11017.86,0,92,27
16851.4,0,99,12
19536.7,0,73,19
19000.29,0,105,27
16817.04,0,129,13
18907.43,0,94,14
7143.34,1,122,14
10471.07,0,105,22
25578.86,0,82,12
16360.5,0,132,19
14232.79,0,95,22
8866.52,0,93,12
17597.44,0,115,19
17861.02,0,102,17
14954.19,0,100,18
22329.43,0,120,18
8923.95,1,111,30
17146.81,0,130,18
16978.14,0,97,29
20539.8,0,113,22
19435.53,0,102,23
12420.49,0,105,23
12985.43,0,93,17
20694.84,0,138,28
18215.24,0,80,18
6492.44,0,97,20
26711.98,0,78,26
13224.57,0,79,10
12062.28,0,78,18
14468.76,0,88,18
13678.65,0,92,20
13222.59,0,82,14
18804.47,0,85,23
14282.21,0,94,18
17951.48,0,80,23
10869.16,0,130,18
13805.22,0,108,17
13886.53,0,87,19
16549.65,0,93,23
26430.87,0,78,26
1339.41,0,140,16
12095.93,1,99,14
18151.87,0,114,25
19928.59,0,94,17
7664.73,0,133,22
4717.97,0,99,22
16255.91,0,88,26
15791.27,0,94,17
8867.99,0,103,21
20315.62,0,96,19
16257.13,0,112,19
15294.82,0,125,16
15965.54,0,75,22
16393.18,0,103,24
11323.06,0,95,26
9344.9,1,88,10
24212.62,0,97,20
7144.67,0,107,18
22988.3,0,103,18
10970.6,0,97,30
16354.03,0,70,15
0,0,111,24
4150.15,0,112,13
1986.26,0,110,23
11531.56,0,109,10
12275.09,0,91,19
19100.37,0,111,23
16583.28,0,158,21
21885.28,0,92,15
17285.95,0,113,11
19660.68,0,97,16
10705.04,0,95,19
14124.86,0,107,22
28008.5,0,120,23
11748.17,0,100,25
20366.96,0,79,16
20687.68,0,82,25
12975.46,0,97,18
15219.24,0,70,18
28222.68,0,134,20
18319.39,0,137,11
18311.05,0,113,23
4668.85,0,90,31
9363.16,0,77,13
14317.89,1,134,13
10072.94,0,105,26
12559.24,1,99,22
13120.02,0,98,15
16909.2,0,76,31
13422.89,0,81,16
20385.75,0,80,28
13803.44,0,75,19
22891.16,0,108,24
8324.76,0,116,22
15842.39,0,73,16
11519.31,0,81,16
19546.31,0,86,9
9424.74,0,87,22
14407.96,0,101,15
10387.24,0,85,18
15548.43,0,111,10
15899.07,0,86,18
18508.62,0,97,22
13705.85,0,115,14
18429.79,0,116,20
9910.08,0,85,21
10962.7,0,108,21
18243.44,0,68,26
12282.57,1,105,17
17666.41,0,99,18
8993.54,0,107,20
20170.12,0,99,22
13700.52,0,57,23
19629.9,0,108,25
15561.26,0,75,19
9896.88,0,97,15
9714.02,1,87,26
22047.15,0,105,18
20855.12,0,114,23
11921.22,0,87,19
15275.88,0,91,18
14157.53,0,76,33
9720,0,63,19
22961.49,0,76,10
12487.49,0,90,30
10270.97,0,92,14
12766.36,0,116,16
13167.47,0,93,10
9073.85,1,81,15
19096.83,0,93,23
9171.6,0,97,20
9357.73,0,105,28
25705.46,0,117,22
19920.76,0,120,10
12221.3,0,114,16
10499.8,0,55,25
7042.5,1,73,26
27762.7,0,99,24
16662.64,0,84,19
8538.01,1,78,18
21321.13,0,86,28
8774.42,0,112,19
20668.26,0,110,19
15097.59,0,123,30
24044.49,0,100,13
9288.72,0,74,25
12238.76,0,132,21
12195.63,0,85,21
18804.55,0,103,14
15565.7,0,100,18
5142.71,1,107,24
13723.67,0,78,23
20181.16,0,70,25
26078.56,0,112,23
19105.3,0,92,26
6732.7,0,63,17
16864.07,0,74,12
7747.69,1,110,25
11085.76,0,99,24
5399.23,1,82,15
7090.67,0.5,112,19
13632.42,0,104,12
14459.5,0,100,26
4710.23,0,127,22
6335.49,0,87,19
7331.35,0,103,17
16130.46,0,131,25
11146.08,0,96,21
11743.91,0,140,19
6296.5,0,104,24
18531.22,0,105,25
7711.42,1,131,19
14337.4,0,101,18
15968.66,0,79,22
4859.87,1,67,13
3621.36,0,90,30
18999.12,0,84,28
12534,0,86,16
11437.22,0,123,20
11715.1,0,121,8
21429.71,0,107,15
21702.78,0,106,16
19808.24,0,72,27
13163.2,0,131,23
13226.47,0,103,10
11644.9,0,77,20
11863.95,0,128,17
13759.1,0,132,28
11225.88,0,126,24
27465.82,0,109,17
16806.77,0,80,21
11055.97,0,72,17
18286.99,0,131,19
13183.05,0,108,18
15723.01,0,93,21
20834.12,0,86,18
17311.33,0,120,24
27277.2,0,82,27
17821.79,0,121,29
17470.67,0,122,9
5583.59,0,96,27
9722.61,1,110,27
21732.67,0,124,24
17904.13,0,109,19
13784.71,0,102,7
10067.35,0,74,18
9406.31,0,89,18
21136.13,0,113,25
1488.45,0,86,23
8585.46,1,129,9
9768.77,0,138,31
26596.79,0,95,22
18940.02,0,108,19
13722.47,0,108,23
15826.14,0,98,28
18678.57,0,103,23
14827.95,0,94,34
11608.26,0,78,13
13515.32,0,125,16
19734.45,0,111,18
19807.37,0,87,23
19954.61,0,101,21
8945.91,0,111,25
18952.6,0,65,9
21851.19,0,102,12
22835.64,0,75,16
20970.4,0,91,20
14798.16,0,68,26
7174.57,0,67,24
9170.71,0,57,23
15423.29,0,113,20
1035.66,0,138,20
8260.65,1,123,17
9591.63,0,81,11
19503.89,0,86,10
19178.72,0,125,9
20212.41,0,60,18
3862.65,0,89,26
17811.73,0,95,11
15136.5,0,67,12
10374.19,0,131,7
25347.57,0,108,13
4961.35,0,124,25
17539.64,0,93,20
16560.96,0,102,18
10998.13,0,105,27
7172.93,0,129,34
12252.68,0,132,24
12095.33,0,88,21
8566.11,1,122,12
13676.24,0,110,19
5027.07,1,117,7
15120.17,0,72,22
11277.48,0,95,20
20075.96,0,127,15
12960.84,0,103,13
21358.62,0,102,19
6821.58,1,88,20
5300.38,0,122,13
14180.16,0,101,21
14136.62,0,103,17
5180.18,0,85,17
18327.16,0,124,23
13183.7,0,101,24
9894.08,0,123,24
21541.67,0,98,19
10205.6,0,101,17
13836.38,0,104,10
17700.36,0,91,27
15708.4,0,61,25
13115.51,0,85,14
21221.77,0,83,16
9419.22,1,94,23
24897.84,0,81,14
10024.66,0,97,18
9390.6,0,98,20
23713.7,0,132,23
18130.6,0,96,25
7888.63,1,138,26
18546.54,0,102,11
10250.01,1,102,17
10969.79,0,109,19
2393.16,0,102,20
19538.06,0,82,26
19040.68,0,108,15
16127.38,0,121,34
16350.09,0,110,23
19715.07,0,101,30
15435.08,0,84,21
18304.79,0,120,15
16606.16,0,108,20
10345.8,0,93,20
17255.61,0,88,24
16972.32,0,96,18
24621.52,0,115,20
9195.17,1,91,23
7114.51,1,117,22
17471.91,0,75,28
11603.49,0,118,24
16434.29,0,98,19
14777.26,0,127,26
15047.23,0,109,21
12104.4,0,113,23
6146.87,0,68,18
21329.28,0,96,11
22058.8,0,99,32
11387.19,0,67,16
10209,0,73,21
20044.25,0,102,33
17129.42,0,75,29
11056.2,0,87,28
15587.05,0,114,24
11060.13,0,116,23
12962.01,0,92,7
13668.92,0,99,17
18754.37,0,118,24
17534.75,0,84,27
22319.65,0,92,17
24931.8,0,125,17
16175.68,0,102,25
8670.97,0,72,27
16212.26,0,94,27
7760.99,0,70,17
7864.47,0,86,22
18586.69,0,75,25
13371.62,0,81,21
14795.84,0,83,14
13551.24,0,90,17
7354.66,1,134,16
21107.86,0,102,31
22343.17,0,64,23
24012.54,0,60,16
4911.31,0,82,25
22382.3,0,130,10
11853.53,0,133,18
9399.12,0,81,17
20234.59,0,116,20
6242.26,1,125,16
17168.24,0,77,22
15309.29,0,64,12
21294.85,0,80,17
5836.04,1,86,21
20476.41,0,90,18
13290.23,0,138,26
14220.43,0,100,25
4994.44,1,103,27
8873.87,0,98,17
10968.24,0,84,25
14904.77,0,80,18
14121.9,0,130,14
11542.75,0,94,14
12600.39,0,108,21
19787.11,0,76,20
0,0,117,16
18791.36,0,90,22
20401.45,0,105,10
18881.18,0,97,19
17338.86,0,59,25
12882.02,0,126,19
10415.65,0,121,17
12676.61,0,84,12
14215.59,0,103,17
8962.05,1,79,19
19688.89,0,117,11
7555.42,0,113,30
10205.49,1,54,15
15014.94,0,70,15
11682.75,0,83,21
12871.32,0,102,9
17525.55,0,76,19
10759.66,0,113,24
20639.16,0,98,21
24733.42,0,101,17
10530.95,1,82,14
21223,0,112,20
16943.64,0,104,21
21602.06,0,100,26
26514,0,97,25
18650.17,0,87,25
18322.45,0,76,26
13057.2,0,81,26
16410.37,0,56,20
7614.66,0,108,32
6781.37,0,116,29
16343.02,0,77,26
7691.37,1,114,6
19186,0,84,17
17148.41,0,94,22
16934.75,0,91,18
12667.41,0,48,22
16261.56,0,109,21
11462.67,0,98,21
18274.8,0,106,19
15211.39,0,149,10
11337.91,1,103,19
18058.69,0,141,23
12179.89,0,109,19
9585.02,0,118,17
12498.86,0,83,18
14437.5,0,111,19
17460.51,0,86,14
8043.69,0,87,29
9550.06,0,91,22
13140.2,0,103,24
13151.79,0,88,22
12965.88,0,87,23
9753.2,1,127,20
19046.78,0,94,21
16499.06,0,72,22
11067.72,0,76,17
21822.96,0,77,21
5663.35,1,111,19
9627.72,0,105,14
18650.98,0,75,19
19782.4,0,92,31
20085.88,0,99,21
8151.13,0,118,23
22154.87,0,138,16
7478.14,1,119,19
13058.64,0,83,22
15136.77,0,96,24
13619.54,0,58,17
14566.59,0,67,20
25738.45,0,78,27
10951.25,0,67,19
7762.19,1,99,26
24439.92,0,131,27
19451.06,0,92,19
17264,0,116,13
14020.71,0,115,20
13198.44,0,121,17
9244.36,0,77,13
16509.72,0,76,25
19553.36,0,133,24
26125.87,0,131,24
19898.67,0,98,16
14808.69,0,103,31
9384.85,0,89,16
12252.87,0,75,21
12333.23,0,116,22
18232.84,0,70,20
15294.52,0,92,27
10266.83,0,73,20
21484.97,0,116,17
17761.75,0,63,22
3921.69,0,79,16
14685.28,0,103,21
18919.27,0,116,16
20740.51,0,61,24
8514.17,0,133,21
15993.89,0,127,15
13351.52,0,116,21
15505.44,0,106,14
19266.91,0,93,25
13376.08,0,101,18
10294.64,1,89,19
22300.19,0,97,26
11823.81,0,125,25
13141.87,0,90,29
6727.84,0,86,13
10265,0,114,18
0,0,72,21
16678.35,0,100,23
9253.65,0,117,23
12702.09,0,113,21
17735.39,0,103,20
23717.45,0,104,21
22310.36,0,105,33
17892.94,0,106,16
16290.41,0,111,18
8886.8,0,87,15
9093.07,1,51,18
18662.79,0,73,27
17175.96,0,101,10
23273.19,0,95,15
9964.6,0,135,22
14193.55,0,77,23
12794.8,0,88,21
19443.75,0,71,30
7144.56,0,102,7
22834.28,0,91,15
11953.73,0,105,25
15516.56,0,135,19
12704.13,0,93,24
12672.53,0,98,23
18079.72,0,100,26
18554.38,0,140,28
15317.14,0,87,16
11548.61,0,120,15
14090.78,0,111,20
12628.91,0,106,20
18145.33,0,107,20
19339.53,0,134,11
12659.72,0,134,26
17507.3,0,118,22
9781.35,0,55,13
9773.47,1,107,21
10155.32,1,108,23
13417.75,0,109,14
8325.3,1,100,19
8731.92,0,110,20
11492.57,0,130,25
9244.8,0,100,17
21636.55,0,109,25
11925.55,0,78,25
13880.03,0,101,24
16720.51,0,114,25
16965.75,0,121,16
10497.94,0,96,13
14266.18,0,100,14
22798.37,0,57,23
16390.07,0,126,19
13445.15,0,116,18
17724.38,0,97,12
19638.34,0,111,18
11408.07,1,106,20
22455.54,0,103,21
12409,0,136,25
15884.52,0,75,27
10438.47,0,84,22
20622.77,0,109,28
16673.2,0,102,14
4283.54,0,87,23
16137.2,0,120,23
12019.43,0,114,16
14373.9,0,124,12
17510.54,0,80,26
4024.16,0,62,16
10745.58,0,100,12
15554.1,0,93,32
21882.08,0,60,23
17189.49,0,80,7
8066.52,1,97,18
8693.91,1,59,19
22450,0,60,20
10703.87,0,118,21
23216.45,0,76,23
11681.41,0,82,20
9545.33,1,107,17
19075.95,0,73,21
9318.8,1,84,24
8905.4,0,116,26
18056.17,0,85,21
8777.96,0,116,19
20833.55,0,47,19
6853.01,0,72,22
6343.71,0,116,18
9079.37,1,112,9
14432.81,0,100,23
13973.52,0,92,13
13379.69,0,91,25
10923.05,1,100,23
16593.1,0,126,19
14134.82,0,91,25
25609.58,0,127,14
17940.26,0,61,23
10164.04,1,102,24
10278.42,0,139,26
12846.62,0,110,15
18776.65,0,70,16
23901.63,0,128,22
16509.36,0,81,27
15411.27,0,103,11
20445.62,0,122,20
23301.27,0,84,23
8004.51,0,96,25
16928.84,0,74,22
20039.02,0,117,18
19869.17,0,103,21
18563.59,0,109,20
18168.1,0,84,30
19417.83,0,86,23
10170.97,1,94,17
18215.75,0,93,19
13514.13,0,93,25
5188.13,0,89,24
18951.9,0,108,19
21698.37,0,91,9
19714.84,0,87,21
21496.57,0,69,24
17106.59,0,125,25
21240.04,0,59,16
22527.02,0,95,22
18014.84,0,93,21
10595.96,0,108,24
1453.95,0,83,22
9071.07,0,92,17
2277.94,0,124,20
9432.45,0,86,12
19715.43,0,63,20
5037.68,0,130,23
18138.04,0,109,19
7925.67,0,89,15
4647.35,0,81,15
10274.37,1,50,21
14793.08,0,119,18
11366.97,0,90,24
13133.73,0,58,18
13005.1,0,105,18
17958.21,0,111,15
2387.1,0,101,15
12868.8,0,107,10
16022.89,0,99,20
10080.65,1,122,21
19119.73,0,107,18
7580.27,0,116,24
21946.95,0,91,18
17304.96,0,88,25
10171.14,0,120,19
23043.3,0,104,18
13528.21,0,96,22
16380.35,0,108,22
17312.89,0,88,25
12802.26,0,128,27
15834.63,0,74,15
12381.27,0,103,18
19231.88,0,105,20
23786.82,0,117,16
14847.13,0,118,31
11580.51,0,97,25
20760.56,0,77,17
10229.55,0,108,16
20258.38,0,117,13
17626.88,0,106,22
13034.04,0,84,23
11406.78,0,101,16
21967.93,0,68,12
15895.48,0,100,20
13912.81,0,99,2
19619.59,0,115,22
14688.77,0,87,22
8489.69,1,51,15
19711.63,0,106,19
12134.42,0,81,27
13190.83,0,109,21
13021.53,0,84,28
10979.66,0,79,15
24291.24,0,95,17
11674.16,0,67,20
20439.96,0,86,26
19045.78,0,98,23
12760.43,0,85,21
12266.17,1,106,17
9936.37,0,97,21
17121.77,0,89,21
2868.15,0,122,14
3976.07,0,91,27
15334.59,0,95,19
21179.58,0,109,23
11561.3,0,123,28
16293.71,0,67,20
10954.81,1,78,17
19738.26,0,82,18
12692.76,0,106,19
16395.25,0,98,24
18112.46,0,123,24
20639.22,0,76,18
11904.22,0,98,18
11763.23,0,106,17
15362.72,0,59,13
15141.38,0,87,12
9675.18,0,137,23
11603.45,0,95,20
18746.84,0,91,28
20744.65,0,120,11
22164.3,0,116,22
22313.83,0,116,28
7204.83,0,104,15
10443.01,0,94,22
16656.94,0,112,20
1200.78,0,108,23
22068.12,0,111,10
14560.12,0,126,28
17973.98,0,90,18
13940.05,0,66,21
21744.63,0,56,29
14177.68,0,130,23
17751.83,0,94,13
11935.08,0,82,18
8937.4,0,78,20
13200.34,0,81,14
11273.16,0,97,26
25103.01,0,90,13
9908.03,0,79,14
16831.22,0,96,20
18414.97,0,113,15
15866.13,0,68,18
18177.3,0,150,27
20889.1,0,98,26
26930.94,0,117,22
17996.39,0,100,14
13817.6,1,120,28
9159.8,1,122,19
22228.25,0,139,14
16363.11,0,83,19
12115.77,0,143,21
22108.33,0,100,24
21691.5,0,93,22
9948.13,1,41,12
17223.78,0,60,11
3959.44,1,94,20
14248.94,0,111,14
14080.16,0,89,25
11739.8,0,94,27
14329.21,0,80,19
14761.69,0,136,17
9303.92,0,78,24
2484.96,0,109,21
8854.38,0,104,12
6909.34,0,102,18
8147.46,0,108,30
19970.3,0,91,15
12023.34,1,105,17
17882.47,0,129,17
18219.2,0,95,27
13438.02,0,125,22
10219.91,0,91,15
11784.4,0,97,25
11664.46,0,101,27
19059.37,0,92,16
17431.21,0,94,22
15304.71,0,106,18
11534.72,1,62,26
1501.99,0,137,20
20429.82,0,96,19
16549.07,0,107,20
6055.58,0,108,23
23207.25,0,117,16
13971.85,0,72,21
16524.52,0,102,21
17818.07,0,112,23
10471.69,1,110,30
18653.26,0,102,16
7764.97,1,78,22
14002,0,94,30
10956.38,0,52,21
6286.56,1,100,24
10860.36,0,110,22
13217.89,0,89,23
8489.48,1,129,28
10296.24,0,86,15
14287.98,0,100,24
20987.42,0,124,23
11676.46,0,102,28
21880.91,0,56,23
7832.09,0,100,19
11926.71,1,103,22
18876.41,0,91,6
18401.38,0,104,22
23304.68,0,121,25
8351.18,1,102,23
0,0,81,19
13331.23,0,128,22
14689.92,0,140,24
18003.67,0,118,9
7404.08,1,111,21
19488.18,0,95,18
12899.58,0,75,22
18977.82,0,103,22
15849.14,0,75,18
8837.45,1,113,26
11613.75,0,119,15
15472.23,0,117,13
10297.91,1,113,21
13130.65,0,103,25
10893.36,0,112,9
18400.02,0,132,17
16560.19,0,101,8
13138.63,0,136,22
11922.22,0,95,16
20153.29,0,135,16
17771.81,0,103,25
18559.28,0,115,20
12048.72,0,91,17
13175.44,0,80,18
21445.75,0,92,15
9569.02,0,107,14
11539.23,0,89,20
10372.12,1,128,17
29456.62,0,121,25
7635.61,0,112,14
21841.97,0,91,28
13834.12,0,107,27
18925.81,0,96,24
16087.26,0,133,17
13373.72,0,86,26
18954.81,0,104,20
23848.92,0,87,27
14655.79,0,110,18
8038.53,0,158,24
7670.61,0,105,23
17085.58,0,104,20
14104.75,0,109,17
10482.39,0,98,28
18957.78,0,132,30
24031.15,0,98,21
17296.12,0,97,20
17866.59,0,109,18
10202.63,0,101,24
20026.06,0,92,29
15847.64,0,80,24
15081.66,0,122,18
10331.86,1,111,23
6794.11,1,85,20
9889.37,0,110,19
15123.77,0,86,23
0,0,112,11
8890.89,0,93,23
12800.97,0,94,22
9997.29,0,107,30
11619.53,0,82,18
16490.33,0,122,25
19254.48,0,109,29
11759.41,0,91,20
19215.72,0,138,19
21660.64,0,80,20
11308.47,1,137,22
7676.66,0,115,13
12491,0,89,17
17347.39,0,99,26
8178.75,0,88,20
13899.35,0,126,21
8987.73,0,106,26
17359.17,0,111,19
15821.71,0,141,24
11558.08,0,53,26
19443.69,0,86,17
12476.59,0,113,22
14396.81,0,77,18
11611.03,0,139,28
20770.68,0,111,22
13476.94,0,130,18
15563.09,0,107,28
8433.5,0,79,22
7001.48,0,109,18
12833.9,0,75,26
15471.31,0,128,30
11093.73,1,126,18
19640.19,0,132,21
17174.71,0,111,23
6232.17,0,113,21
20668.64,0,75,17
10149.27,0,105,19
12550.52,0,123,19
17291.17,0,71,22
10990.49,0,110,27
17094.96,0,62,26
1036.61,0,130,23
22863.26,0,85,20
22135,0,111,23
7412.17,1,84,22
14155.13,0,100,21
14876.81,0,67,19
5949.36,0,48,24
7922.08,0,119,26
16777.75,0,109,22
18641.31,0,123,26
15287.27,0,120,17
17574.89,0,93,17
5145.2,0,88,23
14183.08,0,118,25
10514.54,1,121,19
7470.79,0,110,13
20281.08,0,102,12
14910.92,0,88,13
16855.49,0,118,19
19720.2,0,116,16
19592.24,0,110,14
20970.88,0,151,16
9025.18,0,74,23
20762.69,0,90,13
10909.2,0,105,27
12067.76,0,76,23
9400.06,1,87,19
6883.65,0,74,18
18271.84,0,134,16
28661.06,0,88,27
22196.73,0,108,23
7687.24,0,141,23
20101.72,0,110,22
10252.01,0,87,31
10482.81,0,114,18
17431.49,0,101,16
10154.97,0,90,24
13298.14,0,63,25
12486.3,0,140,24
7220.69,0,86,26
26433.64,0,98,22
15653.86,0,97,17
16596.96,0,88,27
14203.3,0,124,14
15587.35,0,105,17
21095.95,0,74,18
11970.34,0,103,23
17933.11,0,160,21
13251.16,0,103,22
19879.92,0,113,13
16813.72,0,122,16
18168.85,0,89,23
15639.61,0,121,23
15260.87,0,139,25
17140.03,0,105,27
8238.83,0,124,21
21849.79,0,95,26
20763.87,0,117,21
6477.5,0,69,21
17995.83,0,82,10
15225.14,0,109,23
12110.53,0,112,21
21448.48,0,129,31
13430.09,0,108,15
10519.2,1,129,10
8495.28,0,135,22
9634.52,0,129,20
8963.4,1,123,29
22178.2,0,115,24
17273.63,0,62,23
13978,0,97,29
9771.31,0,84,11
19363.75,0,138,27
14791.02,0,107,11
12795.61,0,94,15
18674.42,0,89,22
15247.25,0,91,23
21072.6,0,119,21
22288.1,0,85,23
12936.26,0,133,24
12065.91,0,72,13
7618.97,1,101,10
9395.29,0,54,23
8728.22,0,106,23
13566.35,0,71,17
24332.94,0,86,29
14340.96,1,61,12
13180.13,0,113,9
15805.22,0,93,18
13794.45,0,104,13
17264.94,0,84,19
18159.12,0,77,18
14702.43,0,70,19
17079.24,0,84,13
9006.21,0,94,30
14342.93,0,50,14
19165.02,0,78,13
13636.52,0,70,21
21965.18,0,91,20
17920.54,0,64,16
20892.04,0,94,22
18813.22,0,133,5
12006.51,0,93,28
13173.81,0,111,23
22639.66,0,99,21
14063.87,0,96,9
12910.6,0,65,21
12017.68,0,126,22
10473.11,0,138,23
18751.5,0,119,18
18671.52,0,88,20
11417.8,0,104,20
15417.12,0,71,18
8908.08,0,105,7
11513.75,0,89,14
21623.65,0.5,76,17
10544.8,0,96,17
14155.24,0,114,19
21733.29,0,126,19
13712.41,0,97,24
11638.64,0,128,17
26653.68,0,122,11
13919.18,0,91,18
8677.48,1,73,20
11260.85,1,75,12
25839.01,0,123,19
10605.03,0,113,10
14679.29,0,86,21
15267.46,0,65,31
17111.6,0,83,12
7416.21,0,108,15
14608.05,0,103,22
8198.57,0,82,24
11840.87,0,109,24
7030.24,0,80,14
6030.67,0,110,14
14315.93,0,83,26
17716.65,0,97,22
17942.31,0.5,132,17
18720.47,0,93,18
20118.61,0,87,18
12232.55,0,124,21
20672.1,0,75,23
18430.73,0,103,24
12329.69,0,146,11
15957.55,0,117,19
11360.76,0,85,24
11010.8,0,112,14
6930.48,0,124,11
24507.15,0,95,15
5553.72,0,105,20
17597.01,0,77,22
11356.87,0,121,17
15298.49,0,124,18
14902.96,0,71,10
14573.52,0,75,18
11652.61,0,93,19
5974.31,0,80,25
23303.62,0,87,28
21652.91,0,74,21
17177.99,0,83,20
7362.27,0,132,19
8555.31,0,60,19
13957.2,0,54,11
21913.5,0,107,18
9379.82,0,112,19
8095.79,1,75,22
16996.39,0,126,25
12133.85,0,93,12
16231.06,0,63,24
13656.63,0,86,25
16848.45,0,69,18
7954.59,0,65,26
17466.27,0,103,26
21054.5,0,115,16
6983.59,0,73,17
12296.47,0,100,19
476.55,0,97,10
8233.89,0,129,17
14304.23,0,79,29
10650.02,0,78,20
4399.17,1,73,19
11258.07,1,111,28
12076.25,0,109,20
22290.59,0,87,18
12438.85,0,87,24
24279.91,0,77,14
13665.71,0,105,17
13993.44,0,131,25
10594.04,0,91,23
10223,0,119,21
9819.91,1,92,22
5205.71,1,110,20
9387.3,0,134,29
9521.43,0,91,17
12011.29,0,123,21
8767.57,0,74,28
16262.28,0,113,21
13417.3,0,87,20
13655.85,0,96,26
12223.08,0,100,21
7303.3,1,105,13
19936,0,118,29
13012.83,0,86,18
15650.21,0,110,24
13558.3,0,126,26
13596.3,0,101,12
8237.23,0,63,13
10956.56,0,67,24
16285.64,0,74,15
18144.77,0,107,16
9608.04,0,59,24
10988.87,0,116,20
10889.92,0,105,22
17336.28,0,124,16
7384.26,1,112,16
19320.48,0,99,14
7791.53,0,85,17
8559.79,0,98,21
14276.43,0,57,20
8451.64,0,128,19
12238.75,0,110,25
20370.09,0,128,20
9834.42,1,136,24
18529.85,0,79,21
16314.96,0,120,22
5885.29,0,132,19
9998.43,0,95,13
15318.67,0.5,91,28
11813.27,0,127,18
3084.93,0,115,19
8754.87,0,101,17
7804.75,0,93,14
16578.7,0,91,16
7632.31,0,79,14
18247.7,0,114,16
8272.64,0,97,14
18501.32,0,80,25
24795.62,0,120,24
11140.8,0,96,19
16461.29,0,84,21
11383.18,0,97,20
26254.4,0,120,16
13601.28,0,107,29
10552.88,0,87,22
19300.9,0,110,20
13030.5,0,112,16
26131.6,0,104,15
10917.79,0,115,21
4666.29,0,107,15
19071.64,0,98,23
19938.29,0,83,12
15936.39,0,94,21
21305.89,0,102,22
23532.46,0,78,24
12136.89,0,132,18
10314.41,1,110,20
22044.8,0,56,26
12742.09,0,87,10
13629.21,0,91,18
6619.22,0,100,22
21012.33,0,117,20
15267.08,0,45,20
23587.43,0,101,24
24022.38,0,107,18
16896.17,0,88,21
22033.2,0,92,16
10461.2,0,137,11
10864.86,0,83,19
15908.47,0,91,12
20021.99,0,85,25
12342.05,0,62,15
12400.29,0.5,53,9
14317.91,0,76,21
17626.55,0,145,28
7421.81,1,91,24
9426.34,0,96,20
10671.39,0,113,28
12973.44,0,119,15
16667.3,0,108,17
19087.73,0,75,21
15887.51,0,98,15
20179.42,0,137,16
11439.95,0,105,16
11058.64,0,134,14
13225.23,0,101,24
15163.82,0,86,20
15441.83,0,102,15
11274.67,0,101,25
12426.89,0,107,26
16439.77,0,137,19
18716.06,0,72,16
15701.66,0,129,20
22512.54,0,98,19
11180.83,0,123,20
17677.48,0,110,26
19231.41,0,82,19
11879.27,0,89,21
15029.63,0,110,31
19321.07,0,133,17
16348.33,0,82,25
14911.04,0,120,14
18484.93,0,115,14
4187.9,0,112,19
10609.12,0,115,16
16599.78,0,105,25
13564.52,0,123,10
13701.66,0,112,18
12122.14,1,118,13
20352.39,0,75,23
5141.9,0,89,23
11302.2,0,80,26
13698.29,0,115,23
6007.15,0,98,19
16917.45,0,131,15
12824.64,0,88,15
21724.59,0,106,22
16660.85,0,92,28
12537.93,0,112,20
23862.64,0,105,17
19630.72,0,83,14
11127.95,0,117,17
12678.4,0,84,22
15519.13,0,116,18
7305.65,0.5,120,9
22051.52,0,123,18
8317.75,0,104,13
7028.94,0,122,22
19865.39,0,91,17
20438.13,0,104,27
19873.47,0,122,22
17746.05,0,95,17
13091.27,0,118,26
22146.25,0,137,18
8395.44,0,95,31
19750.3,0,101,25
12754,0,119,19
19680.2,0,92,23
9350.49,0,100,18
18558.81,0,104,27
8978.12,0,114,15
19684.01,0,100,16
21339.89,0,98,22
10890.98,0,65,17
16979.28,0,89,23
14611.27,0,120,19
15845.46,0,105,18
12857.63,0,104,20
11159.53,0,98,21
12799.68,0,52,23
12851.81,0,89,21
23262.63,0,90,20
13305.59,0,104,13
7321.18,0,128,11
19650.25,0,63,28
17703.32,0,112,26
5210.62,0,85,29
11889.67,0,90,18
12653.83,0,117,22
11336.34,0,102,19
8676.6,1,89,18
11857.08,0,75,27
19518.53,0,117,25
9715.24,0,83,22
14293.63,0,97,21
8906.45,0,100,22
3154.81,0,118,16
12044.52,0,86,21
20441.27,0,88,19
18133.18,0,125,18
7628.74,0,74,20
16159.88,0,130,17
13765.91,0,81,23
6235.79,0,116,23
8154.87,0,93,17
8364.98,1,101,16
12101.43,1,106,15
13210.72,0,127,15
22121.33,0,107,24
16385.96,0,110,20
9874.9,0,121,25
13685.01,0,110,13
8304.95,0,125,20
9618.29,1,98,16
17398.16,0,76,17
20493.8,0,105,19
11906.65,0,133,21
15813.06,0,108,21
16722.56,0,97,24
16452.83,0,113,21
22985.2,0,85,21
9373.14,1,74,18
22223.33,0,115,21
15012.04,0,108,20
27169.91,0,93,18
14802.4,0,88,24
14498.32,0,112,19
19044.08,0,95,23
14388.62,0,76,27
15938.41,0,72,16
12004.7,1,113,18
13986.64,0,72,25
22736.52,0,97,25
11230.19,0,124,20
12512.89,0,78,31
10433.27,0,136,25
9901.86,0,105,29
12853.87,0,97,16
8999.67,1,104,25
16316.58,0,98,31
12458.77,0,113,24
15080.16,0,99,26
18777.53,0,124,14
10624.55,0,100,22
7890.33,0,82,18
7322.42,0,108,12
10089.34,0,127,19
10627.8,0,112,19
13181.43,0,125,23
22094.12,0,84,17
16350.23,0,102,12
14077.02,0,111,12
11989.55,0,117,31
22679.6,0,113,11
13409.32,0,105,14
16628.6,0,87,15
12487.88,0,98,26
20630.01,0,103,10
25032.75,0,116,21
21946.14,0,60,23
14661.66,0,77,15
10418.16,0,115,28
12256.43,1,88,16
7893.98,0,79,29
13707.54,0,77,28
19017.64,0,80,19
19805.13,0,80,22
5042.5,0,72,13
16142.87,0,101,21
19761.33,0,91,23
11715.91,0,77,27
11653.39,0,92,19
22492.22,0,106,24
10111.82,0,76,18
24182.98,0,85,30
20406.38,0,89,13
13516.1,0,85,25
7320.16,1,75,14
17268.77,0,110,18
19942.78,0,120,14
10643.81,1,75,12
13221.31,0,89,18
9307.57,1,89,20
7765.42,1,109,28
15994.61,0,96,23
16267.75,0,94,28
12339.8,0,57,17
18002.1,0,89,21
8497.6,1,73,11
13392.21,0,106,25
1417.11,0,99,23
14471.79,0,88,23
6782.64,0,116,18
12296.62,0,47,25
5226.37,1,91,19
14058.55,0,113,21
7668.42,0,98,16
16599.01,0,109,18
6519.74,0,118,16
12092.37,0,114,16
11069.7,0,112,16
8322.53,1,113,22
26689.4,0,60,16
19520.02,0,102,31
7443.21,0,106,20
14861.51,0,99,21
7624.13,0,63,10
11692.4,1,81,22
4598.69,0,84,16
18642.22,0,119,17
13826.56,0,96,25
20716.31,0,116,15
17623.99,0,104,22
6546.21,0,82,19
18423.57,0,94,15
18333.37,0,106,22
17594.55,0,81,23
13373.6,0,109,13
11590.11,0,121,22
11610.3,0,129,19
12718.03,0,140,14
12987.84,0,84,17
16431.88,0,88,18
7351.8,1,87,17
20360.36,0,84,20
13790.58,0,112,18
10407.77,0,63,24
12548.52,0,128,22
14230.22,0,71,23
10069.43,0,73,21
13244.99,0,102,28
21013.12,0,85,30
16126.76,0,84,18
13627.54,0,110,25
20030,0,98,11
16277.46,0,119,11
15521.34,0,104,19
8914.28,0,99,24
5032.96,0,119,16
8743.77,1,143,23
19301.92,0,87,23
27454.45,0,99,23
18595.65,0,116,26
10471.01,0,99,21
13742.78,0.5,110,20
19766.88,0,137,17
10095.06,1,129,14
11008.55,1,98,25
7881.28,1,114,28
11891.57,0,112,23
9654.73,1,97,10
26656.25,0,77,25
12350.96,0,92,22
22339.33,0,107,14
18232.51,0,115,20
18310.21,0,92,15
13776.22,0,96,26
6377.62,0,90,33
15187.6,0,65,30
18980.45,0,82,11
9895.24,0,104,20
12245.38,0,94,23
21190.14,0,92,22
9357.55,1,90,22
15524.2,0,78,17
17905.45,0,118,15
7197.28,1,106,20
16093.77,0,72,17
11311.58,0,82,16
9501.83,1,105,21
9930,0,85,18
13511.62,0,90,25
15981.15,0,100,22
17269.17,0,110,16
9637.87,0,104,10
9950.51,0,121,20
7476.56,0,92,19
15278.86,0,76,22
15133.08,0,107,27
13169.73,0,95,15
13072.12,0,90,23
11663.73,0,97,29
14470.23,0,155,17
19890.13,0,59,13
15206.91,0,101,24
7898.76,0,93,25
13145.27,0,87,22
15834.17,0,99,19
7654.57,1,85,20
22623.07,0,68,12
11958.35,0,71,18
16222.63,0,101,22
18321.19,0,131,19
9194.66,0,94,25
14290.98,0,115,23
11072.98,0,108,23
13585.7,0,94,23
11185.2,0,133,30
22148.79,0,122,24
15101.44,0,93,15
9075.2,0,119,13
13037.06,0,104,25
16179.21,0,78,20
18669.71,0,80,21
14317.56,0,125,20
8675.29,1,80,20
12315.14,0,92,13
18310.77,0,87,25
19418.84,0,95,24
20610.92,0,96,19
20290.22,0,94,9
14597.05,0,101,17
10859.57,0,82,9
12068.91,0,106,18
21014.8,0.5,100,14
14260.37,0,101,25
12473.78,0,93,21
9599.58,1,113,22
17987.76,0,70,15
12654.29,1,100,15
15908.57,0,116,9
15666.89,0,117,14
18084.31,0,110,18
2248.76,0,103,21
16713.42,0,82,29
24108.8,0,75,19
21160.74,0,106,15
18970.76,0,125,25
14627.54,0,125,21
23447.37,0,74,16
21844.5,0,97,20
6540.06,1,70,17
12423,0,95,30
13200.88,0,103,20
20338.51,0,114,12
13423.23,0,95,22
8125.56,1,93,19
21692.61,0,113,15
9772.28,0,67,16
1217.28,0,89,13
17419.54,0,74,18
29911.33,0,149,22
15307.09,0,101,23
10201.37,1,81,19
17520.1,0,132,19
13997.82,0,121,11
6652.19,0,110,14
19445.7,0,116,9
15382.34,0,109,25
12180.25,0,138,26
10737.65,0,103,25
21961.94,0,160,19
5636.86,0,116,20
16571.57,0,102,9
13264.3,0,98,13
13780.03,0,110,18
21057.7,0,50,29
13602.01,0,111,20
13469.38,0,68,21
8899.91,0,81,28
18156.61,0,84,17
11640.92,0,135,15
17069.83,0,68,22
15333.59,0,142,26
20486.85,0,90,23
12640.52,0,129,20
17191.83,0,107,21
16158.17,0,85,24
17446.05,0,120,27
14553.42,0,136,31
12464.29,0,102,13
15180.12,0,98,17
9724.54,0,120,18
15693.21,0,93,18
5442.08,1,81,27
16057.74,0,109,11
19038.69,0,99,15
12779.51,0,95,17
7012.31,1,115,20
5914.94,1,118,22
18630.83,0,53,24
14034.71,0,114,22
13597.75,0,125,24
16951.99,0,92,26
11012.66,0,111,24
23115.23,0,109,17
20106.58,0,102,20
29993.74,0,103,20
12211.79,0,112,20
20723.86,0,128,20
17027.78,0,116,21
13688.03,0,107,20
3582.23,0,128,18
17665.01,0,109,19
13954.38,0,102,26
15193.78,0,112,25
18654.96,0,88,13
13345.16,0,113,20
10861.54,0,121,24
15722.65,0,99,25
13433.58,0,108,14
15716.19,0,85,24
19466.38,0,88,23
21932.42,0,85,13
12923.49,0,81,18
17672.17,0,96,16
12591.45,0,84,19
4923.81,0,102,15
9080.81,0,96,18
15333.92,0,93,23
15624.51,0,112,22
22882.32,0,133,5
5095.48,0,64,21
9660.91,0,82,18
14857.38,0,88,12
20127.5,0,73,22
14120.46,0,119,30
17823.77,0,120,29
14035.3,0,113,20
20114.44,0,91,14
22838.4,0,113,31
16956.59,0,86,16
11132.21,0.5,107,26
17006.07,0,102,14
20448.7,0,129,15
13754.82,0,91,22
19701.48,0,126,20
10647.97,0,101,21
12457.42,0,71,15
7790.71,0,71,27
8786.97,1,98,27
8367.29,0,75,18
14940.03,0,98,22
10011.44,0,86,23
10111.49,0,120,19
9140.59,0,106,22
6876.74,0,129,19
10248.88,0,90,19
22214.39,0,109,32
20005.49,0,64,17
13418.21,0,117,25
11970.66,0,82,14
10870.15,0,90,13
14037.65,0,113,22
11275.23,0,88,18
13926.17,0,161,25
10540.48,0,80,6
11008.18,0,109,21
13612.03,0,70,15
13524.73,0,53,21
14508.52,0,139,17
7110.13,0,116,20
12530.38,0,88,17
20349.37,0,129,18
10638.35,0,80,16
16693.42,0,60,30
13764.64,0,79,18
17251.34,0,121,28
23823.95,0,71,6
22958.62,0,111,27
13076.88,0,88,19
12398.8,0.5,115,23
17491.1,0,104,19
12921.46,0,92,15
10151.45,0,53,22
8653.97,1,135,15
13767.5,0,99,21
5317.17,0,120,23
27025.57,0,64,17
14337.37,0,103,21
19685.47,0,106,21
6123.01,0,126,24
26703.82,0,43,21
16509.5,0,113,18
23552.97,0,98,22
9588.21,1,54,18
10200.22,0,87,15
23919.09,0,94,20
7270.31,0,110,25
13952.78,0,88,22
20024.15,0,119,13
16192.21,0,76,21
10889.38,1,144,19
23164.2,0,107,27
14623,0,108,23
3743.77,0,124,33
19327.03,0,78,16
11219.19,0,117,19
11589.33,1,80,24
1890.56,0,120,21
17605,0,100,12
13946.33,0,97,13
8839.62,0,94,7
10434.44,1,106,25
11602.17,0,101,18
17534.21,0,120,11
15983.87,0,129,10
15734.43,0,90,23
11768.21,0,96,13
16741.63,0,102,29
9537.32,1,103,19
15252.76,0,110,16
9787.64,0,73,14
13413,0,75,29
18048.78,0,130,27
6093.63,1,89,19
24112.08,0,79,22
15947.73,0,118,22
10646.34,0,104,15
7988.33,1,74,22
14685.28,0,69,16
19772.92,0,63,20
13560.03,0,116,4
16709.15,0,96,20
8085.86,0,99,26
10906.83,1,102,19
17629.01,0,65,22
22138.04,0,102,21
10989.04,0,107,19
8939.23,0,98,27
16511.62,0,116,14
14830.16,0,82,22
11686.05,0,80,14
7435.15,0,96,23
29305.36,0,103,16
18800.69,0,57,19
10460.51,1,101,18
15529.88,0,125,24
10268.07,0,76,17
6176.68,0,95,16
12200.21,0,92,20
5569.62,0,82,21
14876.45,0,107,20
24685.22,0,111,25
9351.43,0,81,23
14822.03,0,103,24
16252.99,0,69,17
6513.66,0,90,20
12857.72,0,88,27
15504.81,0,78,22
18478.6,0,112,16
10577.6,0,124,12
14877.37,0,94,23
16776.54,0,121,30
10441.58,0,116,21
8929.32,1,96,11
26614.21,0,107,14
13021.54,0,111,11
11508.49,0,82,23
17882.09,0,103,25
17591.25,0,120,30
7651.66,1,130,16
11651.08,1,69,18
17852.29,0,86,16
10448.48,0,77,18
27651.36,0,97,24
9165.03,0,73,25
11533.69,0,88,24
17682.85,0,104,18
10768.69,0,139,25
14123.05,0,114,15
14487.71,0,70,20
12651.71,0,90,23
8505.6,0,100,21
3817.19,0,99,18
18940.12,0,142,10
19354.32,0,92,21
15001.7,0,124,17
18874.95,0,111,20
13535.82,0,75,16
9835.37,0,81,20
16965.51,0,101,31
24294.7,0,143,18
14556.77,0,90,17
7700.47,1,108,11
13715.77,0,64,14
13900.7,0,100,27
11433.54,1,93,16
7540.24,0,85,19
23230.89,0,63,20
15546.96,0,96,7
12883.12,0,77,17
8720.72,0,85,26
12717.77,0,100,17
3967.9,1,96,16
7591.49,0,78,11
8276.45,0,133,19
14437.71,0,110,30
12294.32,0,71,11
9882.47,1,89,9
19439.29,0,87,9
12637.54,0,93,21
15083.79,0,94,20
21900.13,0,107,34
9571.44,0,90,22
7456.72,0,85,23
12213.93,0,111,18
19542.63,0,77,23
14804.01,0,76,28
24096.88,0,98,32
1690.04,0,95,21
8564.47,0,93,26
5345.1,0,96,16
8914.01,1,102,21
19701.92,0,138,27
10399.56,0,105,18
9319.82,0,91,24
8192.79,0,66,23
19163.39,0,77,24
6998.26,0,123,22
17261.8,0,89,19
17266.07,0,82,15
13601.64,0,85,20
20715.44,0,75,17
8689.94,1,108,25
8133.08,1,152,27
9510.42,0,52,29
8675.16,0,124,17
10597.67,0,93,28
5876.97,0,107,14
12505.63,0,83,26
15202.59,0,142,22
19724.28,0,108,9
13067.09,0,84,16
16739.47,0,125,14
23719.33,0,103,23
8217.24,1,96,20
17308.08,0,64,5
6812.52,1,109,19
17898.95,0,108,22
19744.86,0,119,21
19343.42,0,84,27
18182.36,0,115,23
16208.57,0,71,22
15274.29,0,104,18
10323.85,0,96,20
12061.84,0,132,19
5614.29,1,83,24
10790.28,0,178,18
17963.82,0,115,20
13459.22,0,127,21
21198.49,0,87,21
17023.29,0,90,21
21588.98,0,93,14
12871.9,0,139,25
10169.26,1,90,21
10613.87,1,53,15
12106.28,0,91,16
18688.47,0,80,24
8875.25,0,134,21
10165.21,0,121,13
19341.45,0,98,19
13004.05,0,106,27
12550.96,0,50,32
7684.14,0,89,27
24971.95,0,112,24
8801.68,0,90,26
10323.82,1,114,23
16989.83,0,94,12
15667.58,0,101,23
12063.91,0,67,18
16937.95,0,82,24
22999.56,0,115,21
11004.93,0,118,13
10479.31,0,112,19
13568.31,0,93,26
10100.91,0,115,25
10986.93,0,128,16
8151.06,0,96,17
10528.86,1,102,22
10185.29,1,88,21
17131.72,0,105,23
8736.96,0,84,22
11904.52,0,97,21
14838.53,0,105,12
13303.25,0,73,24
10867.63,0,88,22
19469.76,0,143,23
11938.41,0,77,23
14755.86,0,129,18
14635.26,0,92,13
13111.83,0,102,23
17841.61,0,68,21
8598.51,1,127,24
16383.33,0,94,19
13946.67,0,134,17
21783.05,0,138,15
9731.05,0,97,20
14129.55,0,57,21
9740.44,0,121,24
22613.92,0,125,15
23218.28,0,145,25
21463.02,0,148,16
9281.15,0,113,24
22271.2,0,114,23
14808.99,0,152,13
18517.38,0,86,15
7636.42,1,109,18
9705.68,0,88,19
18305.42,0,108,21
7139.91,0,58,17
15172.14,0,116,18
18487.28,0,114,26
17770.34,0,116,19
12843.21,0,146,23
20830.8,0,115,26
18066.14,0,110,33
6811.83,0,115,19
10131.98,0,108,25
20944.77,0,122,12
9934.18,1,105,17
17275.7,0,100,22
26846.33,0,114,18
13952.11,0,60,16
13195.94,0,88,18
9723.27,0,113,25
10304.08,0,135,26
20325.37,0,70,24
14445.55,0,125,13
18629.28,0,119,19
19502.65,0,129,16
8929.9,1,117,15
13903.71,0,76,23
17792.29,0,113,27
16984.76,0,99,26
15859.26,0,94,14
23298.94,0,84,12
15684.69,0,120,15
15252.83,0,98,19
8708.2,0.5,102,19
21836.89,0,74,19
18126.56,0,93,20
11750.96,0,144,19
11368.59,0,55,19
12224.8,0,140,18
13745.08,0,87,26
10602.8,0,106,15
16638.03,0,82,17
17571.46,0,99,22
12840.03,0,77,25
23612.86,0,85,32
10039.95,0,61,30
19331.55,0,136,21
16777.06,0,116,18
14000.24,0,87,19
17802.62,0,95,23
17326.08,0,114,21
16958.86,0,62,17
19117.27,0,113,28
8948.2,0,108,19
18608.31,0,122,26
8840.55,0,82,21
12123.63,0,104,25
9918.11,0,113,18
14213.49,0,124,18
15760.35,0,91,12
17691.67,0,128,13
13056.05,0,124,25
11713.42,0,105,20
17078.56,0,66,24
7343.23,1,70,27
10507.17,0,82,27
25057.22,0,107,17
17406.91,0,112,22
9536.36,1,102,26
16373.51,0,122,12
17352.59,0,114,25
16474.24,0,121,23
20564.57,0,117,18
23394.99,0,93,22
22317.58,0,106,15
20339.5,0,90,17
14951.75,0,79,21
9170.53,1,120,17
6489.36,1,83,24
13319.77,0,111,20
9815.84,1,106,23
17524.93,0,83,21
12440.92,0,114,24
10562.08,0,99,16
16287.73,0,101,18
11767.45,0,86,10
4750.09,0,97,26
15387.02,0,108,24
9961.93,0,111,23
14413.97,0,86,19
11687.73,0,85,24
21706.79,0,121,13
20827.92,0,93,23
4344.36,0,103,24
6715.55,0,86,17
12920,0,82,25
11989.56,0,109,17
16337.05,0,91,14
14444.59,0,101,22
21348.85,0,120,19
14287.35,0,109,22
12556.41,0,95,25
15124.16,0,91,23
15479.39,0,120,13
20242.8,0,131,20
11527.93,0,108,15
9353.71,1,62,27
12468.57,0,135,16
20023.07,0,78,19
15778.41,0,104,20
20919.18,0,141,25
7497.1,1,100,24
16820.71,0,115,14
16937.64,0,69,20
15079.84,0,111,26
8172.54,0,97,16
16734.28,0,52,10
8063.29,0,105,28
16072.78,0,71,16
19833.83,0,97,20
8505.54,0,118,23
2317.8,0,123,19
18906.36,0,99,24
15365.38,0,97,15
15031.29,0,89,16
16768.33,0,86,30
18104,0,82,19
14838.88,0,82,21
17962.8,0,65,24
10352.22,0,93,20
24889.5,0,100,28
14293.69,0,112,20
22226.04,0,102,26
12518.04,0.5,120,11
17543.14,0,66,19
18410.58,0,108,20
15657.7,0,93,22
3414.85,0,88,23
13271.13,0,102,18
14220.7,0,94,26
16846.36,0,100,14
20859.21,0,104,17
14465.87,0,91,16
18418.37,0,81,21
16854.6,0,111,13
9145.76,1,112,21
13603.69,0,106,20
27487.78,0,110,14
16190.59,0,105,14
12860.12,0,79,22
17285.95,0,109,19
16827.86,0,132,20
20674,0,103,14
13658.35,0,81,25
5082.52,0,78,14
15765.25,0,83,19
20816.45,0,116,15
17979.22,0,91,20
14394.99,0,90,18
11803.32,0,117,19
12666.03,0,95,18
18450.85,0,114,22
5508.6,0,83,23
10550.74,0,90,17
19821.91,0,137,15
17918.67,0,74,14
16680.65,0,118,20
11959.28,0,97,22
15238.89,0,109,22
5356.52,0,134,24
15039.55,0,105,22
10662.02,0,95,18
15714.44,0,84,24
10476.46,1,91,18
17957.96,0,103,29
8125.14,0,98,22
9842.68,0,73,14
18570.57,0,111,19
10891.04,0,100,26
15604.5,0,100,14
18923.94,0,126,23
9544.29,1,90,17
20758.57,0,115,14
15836.93,0,114,15
19163.7,0,118,10
15758.02,0,118,12
8000.81,0,90,16
14455.48,0,104,19
12536.67,1,104,23
22054.05,0.5,121,14
8959.7,0,95,31
16586.51,0,83,22
10857.46,0,119,5
15618.67,0,112,17
8160.92,0,104,11
18496.28,0,86,16
17961.22,0,111,13
9840.38,0,86,24
13774.55,0,125,17
12602.47,0,128,10
17742.31,0,119,15
5748.19,0,107,27
17862.21,0,101,30
19217.41,0,87,17
20919.79,0,87,21
20753.33,0,98,15
15056.15,0,136,10
17669,0,127,21
12691.13,0,130,23
9290.25,0,103,20
11491.05,1,97,19
10201.63,0,97,13
18905.48,0,91,17
11236.32,0,126,14
10505.04,0,92,21
17481.17,0,102,26
15221.87,0,108,30
12612.41,0,108,23
4576.31,0,106,25
13007.37,0,86,27
14831.01,0,101,18
20757.01,0,80,15
6301.97,1,93,26
14593.75,0,136,18
13504.13,0,95,28
11417.66,1,82,13
17508.9,0,97,18
8627.94,0,79,18
8034.08,0,119,17
9464.07,0,106,12
9740.47,0,78,27
11442,1,105,18
13460.28,0,95,24
13345.39,0,110,12
9931.25,0,105,24
9757.87,1,62,24
20834.91,0,63,27
20728.41,0,104,19
8839.75,1,110,27
12903.81,0,62,14
10408.35,0,82,18
10042.32,0,91,24
17402.14,0,123,22
16279.63,0,139,24
16579.44,0,53,21
19700.01,0,94,22
15088.51,0,131,24
14156.17,0,106,25
17650.5,0,101,22
20792.2,0,124,20
8954.58,1,102,23
10569.82,0,108,14
0,0,72,13
14393.92,0,106,22
10625.42,0,129,23
8463.67,1,130,13
19297.87,0,93,20
15599.25,0,87,20
13278.4,0,106,26
10384.75,0,108,15
17899.09,0,103,18
8851.74,0,108,16
15753.05,0,105,23
11813.22,0,101,27
13104.25,0,113,29
17558.54,0,112,19
14687.36,0,112,20
16224.97,0,99,11
14340.21,0,110,23
24795.31,0,93,15
14469.78,0,99,29
22667.66,0,103,33
16127.41,0,109,14
18869.74,0,113,16
14450.83,0,117,33
8170.08,0,92,16
23728.02,0,84,29
15122.02,0,99,20
13258.43,0,108,26
14290.6,0,82,16
13745.81,0,125,23
23701.45,0,80,19
7656.88,0,112,17
17079.91,0,68,27
18610.62,0,78,26
16709.12,0,135,20
17747.54,0,93,21
9953.99,0,91,23
11418.1,0,82,17
11829.53,0,103,10
13390.06,0,91,16
15025.89,0,112,21
13875.59,0,84,25
21359.52,0,87,17
13797.58,0,66,17
7018.38,1,64,19
16975.92,0,83,21
10782.04,0,114,16
14977.72,0,118,28
13450.13,0,101,10
10791.34,0,97,18
9767.97,0,132,33
15686.05,0,91,18
10955.4,0,119,16
10730.94,0,102,32
23135.92,0,109,21
24331.29,0,107,24
15022.04,0,133,22
18310.49,0,111,20
11440.62,0,111,15
13249.96,1,111,16
16137.39,0,97,21
11340.03,0,82,25
20599.39,0,87,18
15236.3,0,87,20
16942.63,0,94,19
13631.97,0,109,23
20441.86,0,106,23
12427.11,0,111,26
18475.65,0,106,34
7866.37,0,66,22
8431.91,1,95,22
14539.43,0,98,32
7242.18,0,113,18
23644.31,0,111,19
22026.71,0,83,18
20556.72,0.5,76,19
6058.9,0,94,24
14264.35,0,126,25
2469.13,0,102,25
7533.24,1,93,23
16614.02,0,147,18
7261.38,0,81,24
7101.04,1,105,10
16708.11,0,99,27
6971.24,0,83,18
7813.67,0,89,18
9131.23,0,124,17
12232.94,0,109,23
7713.16,0,123,19
10487.63,0,101,25
25651.19,0,136,25
6425.17,1,93,14
23539.03,0,105,25
10537.97,0,113,24
11189.89,0,84,18
11834.29,0,84,21
21333.66,0,134,22
7646.39,0,123,13
16727.93,0,137,20
22863.75,0,117,20
13733.17,0,101,29
13654.46,0,103,23
15372.44,0,93,28
16838.87,0,93,21
12940.62,0,110,25
13585.18,0,87,16
20224.1,0,102,21
23091.84,0,146,27
8322.62,0,76,18
16156.55,0,110,23
13063.78,0,98,25
20369.39,0,123,23
16555.43,0,88,18
17841.29,0,79,22
7829.31,1,85,20
13770.98,0,114,18
14530.38,0,134,13
10084.29,0,90,27
16477.26,0,91,13
20483.15,0,97,23
18933.68,0,96,25
12802.98,0,74,21
13235.72,0,107,18
14319.63,0,95,11
21304.02,0,71,17
17069.97,0,121,21
13748.27,0,102,19
26225.01,0,94,17
18072.41,0,130,26
11666.87,0,107,21
12996.64,0,74,16
13355.73,0,116,17
14939.17,0,110,22
19503.79,0,120,16
19000.57,0,57,20
13181.21,0,84,22
14220.42,0,81,18
19193.31,0,103,23
12689.91,0,105,22
9912.13,1,84,11
11179.22,0,96,20
18920.33,0,108,17
21435.01,0,101,22
26379.58,0,111,26
23606.59,0,116,13
9355.69,1,99,17
16666.97,0,98,17
17885.4,0,92,22
8834.67,1,89,9
21497.3,0,115,20
8194.38,1,99,31
6588.19,0,96,16
22733.17,0,92,23
6285.89,0,139,22
16703.41,0,66,10
9236.82,0,94,23
15419.31,0,84,10
2643.18,0,113,34
6583.44,1,98,15
12642.14,0,79,18
15413.83,0,110,22
14103.29,0,87,11
14486.85,0,100,21
26798.02,0,131,23
7897.68,0,84,25
17805.03,0,82,26
15080.16,0,96,30
18660.34,0,128,15
12923.56,0,103,20
4761.22,0,65,17
15953.61,0,77,15
15980.85,0,136,18
19224.18,0,77,15
12802.05,0,67,15
16108.72,0,74,20
14777.82,0,89,19
92.39,0,99,14
13281.8,0,96,21
11786.06,0,99,18
7827.85,0,114,21
18689.49,0,92,13
12403.64,0,105,16
17964.62,0,118,22
20750.49,0,86,16
18808.66,0,94,18
12731.29,0,120,23
17360.95,0,64,15
18454.36,0,105,19
15372.04,0,116,18
11269.93,0,120,26
14760.69,0,99,13
18404.64,0,90,27
17275.86,0,103,9
5755.25,0.5,97,16
9484.37,1,94,18
12768.42,0,136,19
20465.79,0,94,21
20521.32,0,72,18
7638.79,1,66,26
11852.99,0,77,16
5640.43,0,66,14
14854.29,0,92,19
8502.76,0,94,18
5647.25,0,125,16
14538.86,0,98,22
10010.93,0,104,15
12801.61,1,106,15
18037.2,0,123,26
11066.3,0,111,17
18969.61,0,124,23
18519.23,0,83,19
17897.42,0,153,13
7212.22,0,109,24
19988.11,0,110,18
19043.92,0,99,12
20032.52,0,99,19
13220.14,0,83,14
8186.5,1,123,21
19394.64,0,76,23
8464.65,1,69,18
13456.53,0,121,17
23298.13,0,132,24
13417.96,0,111,24
16000.63,0,134,22
15539.24,0,102,19
10201.08,0,101,16
18938.36,0,87,24
16397.34,0,87,22
14608.41,0,81,20
11890.87,0,153,16
19727.52,0,114,27
16659.36,0,93,14
14888.02,0,97,20
9024.7,1,114,20
25211.7,0,111,18
19848.61,0,116,14
26471.5,0,63,23
15999.26,0,75,24
9878.65,0,119,26
14425.19,0,77,14
14309.92,0,67,21
23584.55,0,123,16
9912.68,1,115,28
9554.81,0,96,11
21463,0,93,21
9609.76,0,65,17
14936.83,0,105,25
20870.72,0,104,21
6214.64,0,97,21
13236.16,0,103,18
19061.13,0,99,24
14891.65,0,131,21
7954.59,0,83,25
17698.91,0,86,23
18916.63,0,86,20
20006.43,0,93,18
18482.9,0,92,19
21246.91,0,132,28
14917.74,0,69,21
15479.76,0,91,12
14412.49,0,50,22
14614.36,0,121,24
22664.36,0,102,22
6097.15,0,88,20
15071.22,0,107,20
17579.02,0,87,13
22109.56,0,102,19
11325.68,0,79,26
13099.69,0,125,23
23817.6,0,93,19
18873.29,0,97,25
13812.72,0,111,17
16110.23,0,75,37
16305.71,0,78,20
17344.45,0,140,26
20182.86,0,117,16
20487.56,0,78,29
9827.01,0,94,11
16566.06,0,114,15
6422.9,0,89,29
9905.46,0,103,17
14288.48,0,98,26
12690.85,0,112,17
7936.8,1,138,21
14388.58,0,99,21
18398.8,0,143,24
19174.24,0,52,21
16178.97,0,101,15
18004.6,0,87,20
9419.82,1,43,19
13442.48,0,101,19
10764.78,0,110,22
15189.47,0,106,23
20263.89,0,118,21
15469.35,0,104,26
16679.1,0,90,22
15716.87,0,109,25
18449.45,0,76,11
11451.55,0,86,24
10857.4,0,79,18
15336.03,0,99,19
6434.32,0,111,21
16778.91,0,49,19
16287.38,0,88,23
17621.63,0,88,19
6718.57,1,50,21
11836.83,1,114,15
13593.09,0,109,21
8149.4,0,112,13
12958.51,0,108,26
9945.52,0,103,12
8149.38,1,92,23
12274.91,0,136,23
14128.11,0,81,18
9621.48,0,90,10
23347.5,0,125,11
11290.37,0,120,19
12225.79,0,107,21
11257.91,0,109,24
16154.48,0,74,21
17448.43,0,111,20
9927.14,1,104,23
16289.15,0,93,20
20208.03,0,92,25
13879.13,0,116,29
16110.49,0,82,18
22654.19,0,105,17
18825.33,0,74,16
3018.08,0,54,29
24205.27,0,108,6
12057.64,0,111,31
16462.19,0,97,22
14786.89,0,116,16
13727.95,0,107,19
10320.65,0,102,30
13439.18,0,92,19
9308.5,0,87,20
10902.6,0,118,16
12195.35,0,70,16
25112.97,0,89,15
21196.71,0,66,16
16734.39,0,98,18
9779.27,1,114,10
7494.85,0.5,107,26
12384.56,0,84,15
6474.22,1,107,21
22726.84,0,114,11
13459.15,0,95,21
15382.54,0,116,19
20676.48,0,93,16
18791.05,0,84,15
16141.41,0,106,18
16338.68,0,74,11
24985.68,0,87,28
13028.1,0,74,20
12318.04,0,34,16
20920.13,0,103,17
14898.95,0,73,25
13957.12,0.5,85,18
17977.41,0,99,21
12476.62,0,110,21
7075.86,0,116,24
11232.52,0,103,22
17266.49,0,94,20
22250.3,0,92,20
13269.27,0,98,14
9277.97,0,88,29
22188.21,0,104,18
12165.06,0,95,23
10076.24,1,125,26
10355.66,1,81,19
16483.05,0,66,15
17125.61,0,143,23
13285.94,0,75,18
18295.58,0,103,22
16471.94,0,89,9
6890.03,0,131,17
19701.6,0,124,20
18703.14,0,82,17
15634.3,0,74,22
18684.29,0,74,23
16447.35,0,121,15
13283.96,0,65,18
11138.4,0,123,24
12499.86,0,93,28
17276.72,0,86,23
17468.5,0,103,21
11041.72,0,65,28
18800,0,83,12
10251.32,0,101,26
13140.86,0,92,26
17469.69,0,107,21
13233.86,0,121,17
21112.19,0,122,13
13627.58,1,94,23
13171.27,1,115,24
17594.41,0,103,19
12903.54,0,111,21
14545.71,0,106,25
14082.78,0,88,7
22743.96,0,121,21
9610.1,0,76,20
8798.41,1,87,27
15071.92,0,105,24
10919.29,0,124,13
23496.73,0,100,15
19907.37,0,94,14
20559.95,0,71,17
11678.64,0,110,24
10544.07,0,107,20
8523.2,0,86,21
14890.35,0,63,24
13728.29,0,86,16
9293.16,0,55,20
11229.56,0,124,15
20480.92,0,66,20
12740.1,0,91,23
17303.45,0,128,23
14306.82,0,121,18
11118.19,1,94,23
25680.58,0,92,18
18342.31,0,111,20
20604.87,0,137,23
18041.08,0,116,16
22354.09,0,98,19
15756.76,0,76,22
12901.45,0,117,24
16135.17,0,126,25
9522.16,0,98,18
8769.73,0,79,19
5117.68,1,73,18
16891.83,0,61,7
6480.55,0,84,14
14677.25,0,86,27
9751.88,0,91,25
14654.93,0,83,19
14620.31,0,82,24
13242.36,0,81,21
11328.58,0,123,18
8733.45,1,106,14
17589.7,0,74,21
22431.15,0,120,24
13227.52,0,103,17
20582.22,0,108,15
12124.93,0,104,21
16764.22,0,114,13
17117.06,0,94,19
23686.53,0,96,20
18270.44,0,118,22
8351.09,1,130,28
16307.54,0,100,21
18099.22,0,97,21
14212.9,0,113,23
17763.29,0,126,21
11754.21,0,125,22
13393.57,0,99,19
11599.73,0,70,15
16209.66,0,159,19
5597.78,0,112,18
20850.71,0,105,15
14656.46,0,116,23
18029,0,114,15
13793.95,0,133,23
12342.18,0,80,17
7295.89,0,92,9
21751.53,0,79,12
21024.55,0,52,27
15200.21,0,94,19
17559.08,0,91,26
14680.95,0,129,18
20415.23,0,127,28
23665.92,0,100,14
12931.26,0,96,15
15641.47,0,135,15
9283.39,0,116,21
21783.31,0,129,26
15588.27,0,101,20
16436.46,0,96,27
20752.12,0,96,20
11027.95,1,115,14
18775.1,0,136,26
9168.06,1,104,16
6758.55,0,76,16
20716.93,0,131,20
10579,0,95,10
17815.9,0,88,22
23502.84,0,69,27
22753.28,0,111,25
19698.55,0,75,16
16684.12,0,108,18
10690.88,1,90,23
11830.59,0,94,15
16980.38,0,88,12
21390.31,0,103,19
11625.72,0,104,13
13400.31,0,122,26
16784.14,0,125,23
11495.76,0,58,15
21297.15,0,100,20
15401.74,0,117,25
17053.46,0,84,21
23828.68,0,86,22
12737.99,0,82,13
15906.84,0,103,22
14521.05,0,79,12
14374.37,0,68,29
12975.79,0,116,19
16563.93,0,85,20
13166.6,0,58,23
16779.54,0,100,23
19451.63,0,73,23
21459.31,0,104,22
3735.43,0,126,20
23276.08,0,79,20
15686.02,0,111,13
12093.16,0,132,17
11964.52,0,129,18
8352.18,1,126,31
17160.81,0,105,14
23236.22,0,86,27
20769.1,0,90,23
9504.71,1,81,19
6340.94,0,101,22
12906.38,0,113,11
5190.68,0,98,30
10851.88,1,109,22
19318.12,0,98,25
15438.1,0,86,14
16806.45,0,122,16
12715.41,0,105,12
18980.99,0,100,21
8840.09,0,123,26
7522.18,1,98,19
16474.78,0,76,31
8399.93,1,130,23
13707.72,0,92,18
10639.31,1,61,25
18389.16,0,101,21
16464.22,0,82,22
20235.5,0,114,9
5914.98,1,99,23
9862.94,0,94,23
13598.56,0,91,17
6768.15,1,108,18
6469.33,1,88,18
15821.76,0,116,14
19718.38,0,86,11
6364.97,0,80,16
14111.77,0,89,28
18940.94,0,97,29
12520.61,0,56,10
10371.24,0,80,24
12112.61,0,115,24
9218.4,0,66,17
16956.87,0,102,20
7316.34,0,93,16
16224.45,0,129,12
11553.46,0,100,22
22200.14,0,136,20
7493.63,0,92,23
24957.41,0,120,25
16465.49,0,80,22
19457.86,0,118,18
13185.37,0,86,18
16397.97,0,102,26
9525.65,0,104,17
18803.93,0,100,26
5837.11,0,103,18
7984.09,0,97,21
16768.67,0,109,21
5748.19,0,83,10
9904.49,0,142,25
13029.44,0,89,9
11274.25,0,81,27
12362.76,0,68,17
19503.68,0,130,14
11632.57,0,83,12
14499.93,0,52,21
12758.15,0,110,13
14169.17,0,72,20
10840.95,1,98,27
10539.41,0,89,18
5880.01,0,81,19
18727.26,0,93,19
25003.7,0,96,11
19112.84,0,85,26
24838.3,0,49,31
13729.09,0,124,27
17605.02,0,110,22
17395.31,0,92,17
13760.56,0,125,14
14066.69,0,90,24
13004.83,0,72,15
13270.27,0,98,17
21715.46,0,108,21
10321.56,0,112,32
18763.14,0,114,18
15504.64,0,91,18
18314.4,0,95,20
15706.14,0,117,17
15751.9,0,82,14
18377.34,0,124,23
21126.23,0,104,13
6519.89,0,115,12
15136.53,0,107,12
18713.85,0,75,25
12317.39,0,93,22
16891.92,0,102,22
14389.17,0,124,19
14455.23,0,122,22
18478.75,0,66,32
26378.35,0,101,24
7108.84,0,114,14
9078.7,0,106,21
16477.29,0,116,8
12005.52,0,68,19
26339.14,0,128,19
7208.29,0,111,23
12464.19,1,121,14
12147.21,0,118,19
16352.01,0,96,18
18725.97,0,46,28
16264.93,0,98,18
8235.42,0,68,22
17196.95,0,96,20
4791.52,0,123,17
14160.72,0,103,16
13313.24,1,97,21
12163.62,0,110,17
14990.24,0,98,17
9691.69,1,92,21
27093.95,0,70,24
16735.81,0,101,15
9521.15,0,74,17
11778.97,0,99,33
4127.18,1,127,21
11988.48,0,69,14
24649.54,0,68,22
12437.42,0,120,26
13694.75,0,102,28
4292.82,0,119,20
22811.07,0,81,24
17726.4,0,92,24
5656.59,0,93,17
13754.3,0,87,17
16620.43,0,143,15
18977.06,0,91,23
6241.51,1,84,25
13544.19,0,148,26
16544.49,0,92,19
11694.48,1,67,21
20922.29,0,97,22
7281.48,1,89,15
15427.48,0,78,21
17274.91,0,119,19
19734.61,0,87,20
10918.59,0,73,7
14003.49,0,90,21
19256.67,0,121,15
21445.05,0,111,20
19422.9,0,90,23
13389.85,0,111,25
9131.66,1,104,12
18952.34,0,76,21
8087.72,0,119,13
12447.42,0,101,21
24587.07,0,84,22
23628.16,0,62,20
16533.75,0,77,23
19157.64,0,85,21
10144.97,1,129,11
12243.39,1,93,16
15009.27,0,121,29
21080.81,0,115,24
29523.58,0,84,21
5672.95,1,103,20
18953.86,0,104,23
11758.34,0,104,23
10458.09,1,95,31
14423.75,0,108,15
6884.04,1,84,21
10933.78,0,105,23
22939.58,0,87,14
14984.5,0,108,20
7954.19,0,91,27
17964.72,0,145,17
6072.31,0,100,22
18244.85,0,91,13
8665.22,1,115,18
17078.3,0,102,11
26036.78,0,144,19
17748.79,0,63,18
4040.77,0,80,10
8826.48,0,121,17
11094.99,1,94,14
13811.68,0,135,23
16628.81,0,140,21
14683.13,0,126,19
9597.61,0,94,13
14648.1,0,72,21
11268.58,0,108,21
10491.76,0,77,24
4980.65,0,87,20
10024.67,0,105,16
15748.15,0,120,16
13094.7,0,105,19
13404.64,0,115,24
11177.27,0,120,28
9436.25,1,137,29
15955.93,0,104,19
20210.14,0,96,28
15644.6,0,121,14
18047.15,0,101,20
14075.42,0,83,24
20812.5,0,108,26
11497.31,0,99,23
5428.98,0,90,13
15226.03,0,105,20
16371.4,0,114,21
13935.17,0,173,30
14940.97,0,84,21
9576.89,0,97,21
5754.53,1,66,12
4614.77,1,81,22
18140.71,0,84,21
11989.2,0,95,17
20809.82,0,92,23
21655.76,0,104,20
17611.75,0,84,14
15833.44,0,139,21
9949.3,0,77,24
15542.2,0,109,17
13863.71,0,118,25
18858.65,0,95,21
16128.52,0,141,23
11658.21,1,100,18
15581.36,0,89,17
15848.77,0,81,19
17994.11,0,74,20
13170.94,0,86,19
11054.88,1,117,16
21707.66,0,78,28
20242.93,0,108,16
13187.34,0,120,22
17247.1,0,108,17
12460.99,0,112,21
11984.52,0,120,12
18750.84,0,111,27
9391.85,1,111,20
19055.64,0,105,21
19649.41,0,117,22
20538.11,0,97,27
23850.62,0,70,14
12864.64,0,118,33
8963.44,1,111,21
18375.48,0,99,16
11516.62,0,90,18
13484.33,0,103,19
19111.61,0,113,24
16796.44,0,137,13
20110.31,0,60,24
11532.04,0,90,13
8398.61,0,95,30
10793.96,0,121,25
12882.31,0,77,15
11063.95,0,82,24
22409.87,0,92,20
15748.86,0,107,21
7174.59,0,105,31
22136.01,0,119,26
11233.52,0,55,19
11771.64,0,92,21
17689.63,0,117,20
20080.73,0,130,19
10818.81,1,118,22
18758.07,0,82,23
18739.01,0,83,28
8645.7,1,62,20
14275.23,0,69,18
12431.59,0,63,20
15336.08,0,87,27
4468.21,0,94,19
16779.33,0,135,23
30000,0,92,14
12591.76,0,88,22
11777.6,0,113,18
6719.34,0,96,22
17665.91,0,85,19
16756.52,0,91,15
17485.81,0,107,8
18030.84,0,78,26
18535.11,0,99,22
20043.26,0,67,20
12810.1,0,100,23
5347.43,0,118,21
15679.22,0,117,11
17358.3,0,107,21
20841.48,0,79,20
13171.87,0,113,25
20547.65,0,152,13
30000,0,71,30
12228.13,0,140,17
17373.38,0,85,21
14224.34,0,113,8
8338.06,1,88,23
20279.08,0,89,21
13185.03,0,112,14
17574.85,0,67,16
14805.58,0,101,19
13517.64,1,92,27
7983.19,1,66,15
10723.03,0,113,23
24521.46,0,96,10
18551.17,0,99,16
15336.72,0,86,21
11684.8,1,101,23
15629.65,0,127,24
9441.44,0,98,28
16132.59,0,96,20
16916.09,0,105,25
12032.93,0,95,28
3865.26,0,100,21
9539.75,0,114,17
10068.37,0,139,16
10822.82,0,93,19
20047.17,0,98,29
15134.26,0,134,19
9426.78,0,97,7
8397.51,1,123,9
20163.28,0,96,23
19874.68,0,126,27
6907.01,1,67,27
10479.05,0,95,13
19229.83,0,74,18
12957.67,0,99,25
5723.68,1,95,15
16355.59,0,78,16
16977.76,0,113,16
5082.54,1,110,14
9758.18,0,109,25
12624.8,0,84,19
10434.28,1,96,20
11015.47,1,89,19
16979.9,0,106,19
21782.82,0,68,20
16432.13,0,98,24
20517.85,0,127,21
18409.82,0,96,26
18913.24,0,116,16
19690.11,0,85,17
20398.03,0,105,18
20650.09,0,67,20
20960.18,0,94,22
8053.92,0,99,20
17684.4,0,119,19
5978.75,0,106,24
7707.44,0,110,15
17670.51,0,106,26
7648.8,1,117,23
15966.2,0,131,18
18448.84,0,99,23
11010.11,0,111,17
14906.88,0,106,20
7550.86,0,91,24
7447.12,0,98,22
16263.41,0,76,16
13056.59,0,147,20
18108.36,0,100,15
18159.06,0,81,17
17519.36,0,114,14
13031.19,0,80,18
14201.36,0,109,30
20575.18,0,113,18
9937.24,1,105,29
12630.76,0,90,22
14080.2,0,66,22
7599.34,0,94,23
17250.37,0,123,15
4312.28,0,126,21
20902.54,0,119,23
18326.73,0,116,18
12332.32,0,102,21
11706.01,0,130,19
26906.69,0,82,17
11125.66,0,120,23
9963.51,0,73,21
13344.86,0,147,11
13556.36,0,88,24
16859.76,0,85,24
20006.28,0,114,29
20722.58,0,132,32
10766.76,0,75,20
20687.62,0,117,25
12665.16,0,118,13
14669.06,0,95,17
13989.2,0,103,20
27297.88,0,116,26
9545.87,0,76,19
17524.23,0,60,24
22446.93,0,103,25
10532.67,0,97,22
7922.32,0,109,28
13623.31,0,75,22
9950.6,0,60,17
19009.6,0,93,20
9481.27,1,98,16
14925.86,0,109,27
22179.93,0,81,30
8726.18,0,89,25
12727.48,1,90,29
17566.95,0,140,17
15220.6,0,119,17
16054.89,0,125,17
7080.91,1,85,25
15961.64,0,114,23
23310.22,0,78,18
11718.73,0,105,18
22388.76,0,106,26
21885.96,0,127,27
11125.3,0,134,19
23304.55,0,95,13
20145.91,0,127,17
9497.83,1,111,17
13871.75,0,117,16
19738.92,0,87,13
18898.57,0,112,22
17563.5,0,71,26
27597.32,0,69,30
15327.19,0,123,21
15112.95,0,111,17
14919.49,0,101,26
24643.57,0,116,21
1683.49,0,108,32
12080.27,0,99,21
5541.52,0,127,25
6371.85,1,105,15
19329.72,0,121,24
15778.61,0,124,24
18647.88,0,78,27
9068.53,0,108,16
15502.29,0,110,18
17134.22,0,103,17
6915.22,0,68,19
14661.56,0,74,17
18335.8,0,135,18
11858.33,0,119,22
16401.6,0,88,15
14344.26,0,63,17
13704.47,0,67,23
20576.58,0,68,16
17532.89,0,85,30
13043.59,0.5,109,14
9237.48,0,114,21
15709.14,0,103,24
20187.27,0,56,25
24177.14,0,120,20
20678.95,0,67,18
20946.35,0,75,25
13955.57,0,130,12
15437.93,0,84,22
4820.48,0,82,21
15249.47,0,124,19
20533.61,0,127,17
18878.66,0.5,103,25
21171.92,0,124,25
24857.67,0,125,18
30000,0,111,26
6589.1,0,108,16
13889.55,0,113,8
8277.39,1,136,24
13328.5,0,109,26
13571.08,0,139,23
6361.13,0,77,18
14676.99,0,74,18
13064.09,0,146,23
15689.06,0,90,23
13902.85,0,95,14
12359.11,0,106,30
14374.72,0,102,29
16151.52,0,105,25
11508.38,1,143,17
12042.01,0,89,25
18176.09,0,84,20
15191.46,0,85,16
12784.47,0,124,21
14018.82,0,142,12
17355.62,0,108,19
11993.83,0,73,15
11486.25,0,80,22
15858.53,0,111,30
10126.7,0,94,22
12158.83,0,76,28
8597.92,0,116,14
15740.7,0,69,21
9870.32,0,117,25
16335.28,0,75,11
16584.46,0,148,26
14281.54,0,117,26
16114.93,0,110,21
16050.17,0,92,22
12256.41,0,115,25
18238.82,0,91,21
14208.72,0,101,25
14417.15,0,58,17
15224.34,0,98,25
14305.31,0,134,15
26562.48,0,124,16
22023.7,0,93,25
14172.24,0,128,20
18333.93,0,131,20
17988.53,0,123,25
14808.09,0,138,26
9850.39,0,122,23
17060.15,0,69,18
10909.63,1,142,17
16913.7,0,101,23
14453.82,0,97,17
6536.63,0,102,31
13202.06,0,91,20
12227.97,0,79,20
14728.4,0,42,16
7182.13,1,72,12
13842.02,0,120,21
10442.71,1,74,30
16753.54,0,110,22
7981.24,1,101,18
17553.54,0,118,27
11020.42,0,101,21
15414.43,0,92,20
15974.94,0,92,25
13357.75,0,93,28
15216.85,0,68,18
17808.96,0,76,27
14344.39,0,78,29
8745.01,1,120,18
18705.47,0,128,27
20852.43,0,93,19
22145.82,0,90,18
11551.81,1,112,20
12632.67,0,109,20
12929.93,0,130,33
19473.81,0,85,16
15953.19,0,82,25
14067.47,0,88,29
6894.64,0,96,18
9474.57,0,112,25
16716.56,0,110,17
17314.9,0,75,25
9929.87,1,97,17
10518.63,0,83,13
15153.21,0,87,19
13811.21,0,107,24
4929.53,1,87,11
14665.3,0,73,21
3666.54,0,74,27
15253.93,0,108,21
11935.84,0,66,23
7980.7,1,108,21
15136.9,0,56,18
16391.1,0,120,26
16501.86,0,86,21
17504.12,0,97,15
10348.08,0,115,17
14017.23,0,88,22
9139.7,0,140,21
1060.67,0,90,15
19234.92,0,74,15
7062.9,0,109,20
19340.14,0,78,12
3026.92,0,97,21
25974.73,0,50,16
11355.64,0,98,23
11024.27,0,68,21
15031.68,0,75,25
14300.08,0,77,17
26039.71,0,122,14
17234.41,0,101,27
10568.65,0,119,14
5620.27,1,110,23
19917.68,0,91,25
11049.54,0,131,18
15124.53,0,103,24
11066.43,0,59,21
7920.56,0,113,28
11600.26,0,122,13
17501.37,0,76,16
14160.48,0,78,17
15781.24,0,77,17
15046.24,0,107,9
15802.7,0,95,22
16780.03,0,72,22
24899.99,0,81,28
14722.84,0,64,24
13845.56,0,131,13
19167.47,0,93,12
13429.25,0,88,16
14848.91,0,104,12
12585.4,0,101,20
17256.19,0,104,22
7885.83,0,76,28
4101.12,0,100,21
15746.82,0,125,21
10341.53,0,88,28
13119.35,0,95,20
12494.95,1,83,23
21421.74,0,100,22
14064.2,0,101,23
11088.2,1,93,27
19849.01,0,89,9
14651.56,0,124,16
12352.72,0,98,22
4000.41,0,111,17
11043.97,0,130,24
18586.3,0,86,20
17528.28,0,111,14
6317.98,0,90,17
10961.89,0,82,27
15365.47,0,89,14
9629.83,1,103,13
13316.61,0,105,20
12373.33,1,147,20
16499.22,0,112,12
21269.3,0,101,15
8469.67,0,88,26
21613.65,0,93,15
22356.77,0,66,18
25289.1,0,106,26
13267.15,0,114,14
9374.8,1,118,9
18101.04,0,90,15
16785.84,0,97,23
8904.64,0,82,17
5308.32,1,116,25
22572.02,0,74,31
10525.94,0,102,22
8262.57,0,83,12
13414.23,0,90,25
10897.92,1,113,20
19501.98,0,87,26
18434.35,0,87,16
15328.15,0,90,12
13377.52,0,98,24
14804.68,0,112,15
15445,0,114,11
18192.7,0,121,17
15404.06,0,105,18
17285.24,0,115,17
5726.56,0,117,20
14541.39,0,75,11
18481.45,0,87,18
12162.86,0,77,15
19500.38,0,97,14
11079.4,0,98,17
16647.96,0,90,20
13599.38,0,78,17
11584.4,0,69,16
4839.14,0,77,18
13245.66,0,100,17
20368.7,0,129,16
20963.24,0,116,27
22960.87,0,123,14
22314.14,0,67,11
2043.09,0,96,15
12563.47,0,109,15
19846.42,0,106,21
19964.83,0,85,21
1873.81,0,75,19
10797.24,0,117,20
18879.72,0,120,24
15845.72,0,58,14
10758.59,1,102,13
20222.91,0,77,18
8359.67,0,125,9
14274.81,0,113,23
15959.85,0,89,14
5901.91,0,122,28
12795.3,0,128,20
20715.37,0,99,32
14580.98,0,123,15
17702.19,0,99,14
11624.47,0,108,20
14205.72,0,80,21
13794.64,0,92,13
9598.36,1,96,12
10519.77,1,94,25
10226.8,0,127,14
14607.62,0,90,22
11081.16,0,116,17
18921.36,0,115,18
15516.02,0,81,25
26875.1,0,91,23
4516.46,0,89,22
19930.36,0,116,16
8399.55,1,92,20
21227.92,0,85,32
14645.27,0,93,23
8173.62,0,132,16
11958.37,0,91,15
7189.94,0,118,20
21759.94,0,90,19
3898.93,0,96,15
11905.86,0,74,15
20044.08,0,132,22
13289.85,0,75,15
9874.16,0,125,15
18476.32,0,99,24
11860.49,0,95,21
11180.06,1,98,25
16157.12,0,103,17
13683.73,0,90,22
22806.13,0,100,21
15015.68,0,117,15
17208.24,0,87,15
15876.49,0,117,24
14099.08,0,142,21
22239.29,0,81,23
16510.74,0,111,22
18635.83,0,75,19
12953.54,0,99,10
16089.92,0,110,18
10006.55,0,82,14
17642.77,0,63,16
11509.49,0,91,18
15302.96,0,64,23
9272.95,0,66,22
11295.56,0,96,22
25698.13,0,79,12
17206.97,0,89,18
13915.63,0,107,23
18574.23,0,115,24
15282.8,0,114,16
22306.2,0,85,18
14944.5,0,132,18
23668.69,0,115,17
21716.38,0,93,15
13878.56,0,104,20
6970.45,0,108,24
7187.12,1,115,20
21830.73,0,118,18
10286.63,0,102,31
19711.88,0,96,27
12868.13,0,103,24
9024.64,0,92,27
26614.48,0,59,22
12040.03,0,102,18
11186.5,0,81,16
17482.61,0,131,14
17918.02,0,131,24
7824.26,1,118,24
17795.62,0,94,26
12990.42,0,86,14
11361.61,0,99,23
10602.08,1,89,15
12525.92,0,92,22
7663.79,0,108,20
7642.99,1,134,20
18351.32,0,93,22
17643.09,0,68,25
17894.07,0,95,17
19996.32,0,96,20
10281.51,1,86,23
11563.74,0,125,21
19580.92,0,111,19
14511.59,0,68,14
14105.82,0,124,30
15973.53,0,79,18
18585.07,0,88,19
16289.55,0,130,12
4071.92,0,98,21
11297.51,0,84,21
15891.63,0,62,20
20732.33,0,99,19
20705.3,0,80,10
19376.48,0,107,20
25504.8,0,92,26
18354.39,0,95,15
11260.94,1,100,17
10605.32,1,73,17
17052.59,0,105,18
11523.68,0,102,15
14026.64,0,84,15
7607.27,1,99,14
15131.85,0,106,22
14842.63,0,93,17
20178.79,0,67,21
5579.34,0,131,19
15607.46,0,84,17
14006.71,0,121,15
16401.52,0,136,22
13929.8,0,83,22
12855.62,0,108,26
13562.68,0,124,27
18929.81,0,127,20
9704.23,0,91,14
21580.08,0,117,20
16135.07,0,79,14
13103.34,0,61,19
15637.45,0,91,17
16915.57,0,76,21
16270.34,0,84,27
20119.31,0,97,12
9159.5,0,100,12
25513.82,0,132,13
8763.35,1,63,17
7570.19,0,93,24
15568.9,0,95,23
13170.99,0,134,20
12321.87,0,100,21
9455.17,0,124,21
12529.38,0,124,24
12878.5,0,123,16
8825.27,1,132,20
15484.9,0,82,30
12039.02,0,83,23
12011.02,0,97,25
15468.41,0,72,26
5991.54,0,102,16
8143.17,0,102,16
17218.11,0,131,13
15640.49,0,69,18
14585.39,0,132,29
22746.4,0,107,24
14495.44,0,122,17
10694.29,0,131,22
22389.24,0,116,20
18939.8,0,103,15
9056.87,0,105,18
14465.27,0,90,17
8809.11,1,99,13
20886.66,0,120,17
14557.8,0,105,21
682.88,0,101,21
14667.77,0,81,16
16025.37,0,104,18
19351.19,0,65,15
14492.31,0,76,25
16686.02,0.5,91,22
10023.07,1,90,19
14952.62,0,77,23
17690.5,0,134,27
6922.35,1,125,21
15574.88,0,81,28
20885.31,0,108,15
8995.08,0,138,12
5617.44,0,104,28
18188.93,0,111,22
12666.64,0,119,10
19050.76,0,131,22
16544.3,0,98,21
13507.32,0,118,17
20131.55,0,89,10
23574.32,0,116,13
19101.52,0,82,28
13721.14,0,89,14
13984.39,0,135,31
14084.36,0,116,14
13284.2,0,69,25
6422.95,0,88,21
13052.79,0,96,17
7302.3,1,86,29
24892.98,0,89,14
8783.49,1,84,17
13624.78,0,90,14
16229.28,0,94,11
11439.83,0,115,34
9480.63,1,88,12
15794.41,0,60,24
16132.52,0,107,21
12658.77,0,90,18
17933.21,0,113,13
11959.25,0,76,29
9498.34,1,92,18
8314.63,1,118,27
9772.73,1,99,14
13043.93,0,69,20
20649.14,0,127,24
14187.85,0,98,18
22606.16,0,99,14
17263.57,0,76,14
5177.07,0,79,19
15860.74,0,78,19
10946.71,1,117,16
10865.71,0,113,30
6215.85,0,100,27
16586.08,0,62,14
23919.18,0,88,20
19488.25,0,117,15
8615.8,0,107,20
18010.61,0,119,14
12130.31,0,115,26
15008.78,0,78,24
8633.79,1,52,15
20108.08,0,62,22
22235.44,0,103,18
14746.96,0,112,13
12071.2,0,115,12
24424.44,0,95,23
18786.52,0,77,22
9357.55,0,89,16
17395.79,0,167,17
17013.61,0,61,22
18220.08,0.5,107,28
10589.76,0,102,11
12706.92,0,100,18
8495.89,0,119,23
18303.46,0,109,23
15513.31,0,95,16
13315.74,0,100,14
15767.29,0,116,25
22595.38,0,69,27
16729.66,0,106,21
13935.87,0,65,17
17993.48,0,114,21
11255.24,0,89,13
9916.59,0,113,18
19556.82,0,98,25
5613.22,0,122,21
18597.58,0,146,25
14427.36,0,71,27
13193.05,0,97,17
16219.4,0,157,26
8378.51,0,90,17
17554.5,0,91,17
9314.04,1,94,19
9921.09,0,128,19
18119.9,0,78,22
8060.15,1,84,21
14002.47,0,85,17
17245.83,0,109,25
15045.88,0,76,22
17650.46,0,121,22
12217.46,0,88,26
20021.18,0,78,29
20869.66,0,77,18
20304.84,0,78,15
15878.25,0,55,25
10672.82,0,108,18
18487.91,0,98,23
24862.98,0,116,28
14841.68,0,93,27
18235.52,0,85,23
17989.75,0,113,28
13121.16,0,110,20
24068.12,0,90,21
23801.64,0,65,21
11507.57,0,70,15
13751.24,0,95,18
13822.17,0,138,19
12880.44,0,104,17
15190.8,0,62,18
19944.34,0,86,15
13447.24,0,73,21
21341.81,0,110,23
12835.82,0,76,26
20084.95,0,123,26
17189.52,0,107,23
16713.76,0,186,27
8807.29,0,89,27
6751.58,0,95,22
9088.64,0,116,24
13418.57,0,107,24
20233,0,84,22
17556.73,0,112,19
12668.42,0,95,22
13962.03,0,93,26
9189.78,1,74,31
13341.1,0,86,19
16567.07,0,138,17
837.25,0,82,19
18937.75,0,99,4
23321.15,0,75,19
24488.98,0,85,12
21058.99,0,132,26
21695.91,0,118,20
4076.28,0,102,25
9213.3,0,98,16
13359.25,0,72,15
10979.83,0,109,20
8415.69,0,132,21
23140.66,0,102,14
9484.87,1,92,26
11500.04,0,83,22
17721.56,0,106,14
23686.97,0,103,21
12565.81,0,80,20
12097.47,0,144,9
7752.71,0,84,22
17100.56,0,87,19
15331.86,0,76,20
15516.28,0,84,22
25666.62,0,105,17
18749.59,0,100,16
9282.07,1,65,19
8541.83,1,127,15
15116.46,0,102,25
14939.68,0,89,21
13700.39,0,97,23
21697.26,0,117,24
17480.99,0,90,11
23911.36,0,106,20
22289.86,0,108,21
17030.69,0,112,25
12731.19,0,106,15
13413.17,0,106,18
21132.07,0,123,10
9773.49,0,109,21
15479.77,0,102,21
14083.54,0,117,16
6830.93,0,103,27
14164.2,0,86,33
9870.68,1,108,21
15623.87,0,115,21
19109.67,0,89,15
19523.9,0,108,26
9041.76,0,61,25
26819.79,0,117,19
21008.18,0,111,23
9752.01,0,104,18
24586.04,0,91,21
17383.64,0,69,15
7089.9,0,116,16
22543.96,0,85,15
18946.49,0,132,28
13282.79,0,98,20
14380.61,0,92,20
7151.37,1,101,22
14949.94,0,61,29
19824.37,0,80,24
9836.76,0,116,18
17032.97,0,119,22
11001.58,0.5,105,21
20379.62,0,115,20
9032.99,0,105,21
9652.58,0,97,23
12787.09,0,96,23
8997.24,0,89,27
24348.79,0,105,10
20872.85,0,105,19
7882.55,0,67,24
22096.44,0,73,18
21294.47,0,107,17
14947.39,0,100,22
17006.47,0,135,12
13440.3,0,96,21
21493.93,0,80,26
15804.49,0,119,22
15006.26,0,132,22
8872.68,0,137,25
17880.5,0,117,26
15149.56,0,79,21
12306.86,0,81,17
16844.52,0,76,26
10147.69,0,112,16
6601.53,1,96,11
16436.47,0,133,17
22187.05,0,79,33
22085.11,0,110,12
9982.21,0,117,29
19658.54,0,116,28
10762.83,0,102,17
10158.4,1,67,20
18308.64,0,80,23
12662.37,1,119,19
21870.71,0,84,23
16277.69,0,122,17
15474.91,0,73,25
9679.37,1,93,27
13272.37,0,116,15
20138.56,0,110,31
13562.22,0,105,22
14862.49,0,91,33
16852.91,0,89,18
20210.53,0,106,19
11485.85,1,85,16
14507.84,0,108,25
12240.83,0,76,26
15472.15,0,117,26
8900.98,0,112,24
12890.8,0,107,18
20992.55,0,89,20
10262.43,1,126,26
21216.49,0,125,19
8469.07,0,113,17
25076.7,0,100,19
9470.15,1,143,23
7798,0,88,26
17149.08,0,92,15
15602.42,0,61,23
11790.03,0,117,24
23474.18,0,107,19
4860.88,1,93,23
17491.65,0,107,26
18206.37,0,113,20
16392.15,0,108,19
17932.57,0,88,19
4498.52,0,88,18
10275.54,0,105,13
8467.5,0,70,22
14433.71,0,76,17
27650.77,0,110,25
15886.57,0,80,24
15263.77,0,89,27
12121.78,0,132,16
19289.48,0,104,23
10919.82,0,110,27
13284.58,0,137,22
15558.64,0,103,30
16714.44,0,85,24
10853.3,0,115,23
2507.34,0,82,17
10444.96,0,90,12
10238.38,0,99,18
9890.26,1,99,15
12115.28,0,114,26
14071.45,0,82,18
9481.67,0,106,24
14938.33,0,157,19
14568.59,0,80,3
20115.6,0,114,23
12770.22,0,87,16
18587.92,0,115,20
11651.14,0,131,12
17855.78,0,87,21
17595.78,0,77,15
4609.5,0,89,16
12305.66,0,100,12
15276.3,0,114,19
13742.48,0,85,17
26361.58,0,98,24
14752.67,0,118,24
7991.05,0,85,21
16165.81,0,86,26
20480.3,0,101,27
11763,0,74,25
18206.65,0,113,24
15706.62,0,104,9
20352.1,0,95,15
13745.69,0,118,17
16430.35,0,130,19
22792.1,0,69,13
14057.65,0,97,19
21280.74,0,95,14
20951.93,0,117,23
12457.59,0,117,20
10811.13,0,100,12
24374.48,0,88,20
18444.6,0,82,19
14332.31,0,138,23
21988.49,0,100,13
14537.09,0,101,25
19920.82,0,61,16
19651.48,0,95,23
8753.87,0,128,15
15018.86,0,96,17
12015.27,0,88,29
14137.07,0,96,28
23175.94,0,112,24
20184.81,0,76,17
18002.54,0,56,15
14009.28,0,100,20
9062.95,1,106,20
9161.98,1,94,14
22429.58,0,115,19
20596.84,0,112,10
15822.5,0,91,23
10150.85,0,106,18
14222.54,0.5,112,22
7716.97,0,98,14
21560.5,0,105,21
5991.82,1,119,21
5356.17,1,120,19
14005.69,0,113,19
21653.96,0,114,23
14505.44,0,128,23
20897.54,0,122,17
13469.7,0,82,22
21701.03,0,77,23
24901.97,0,103,13
13413.34,0,101,16
18656.38,0,102,26
8569.19,0,101,14
21107.56,0,75,12
5548.71,0,139,20
15232.37,0,130,25
19154.6,0,158,24
18930.51,0,124,23
17403.79,0,105,16
18148.28,0,91,16
11060.26,0,84,19
13498.01,1,96,16
17453.94,0,84,9
10899.09,0,105,18
13185.27,0,108,25
18494.63,0,56,22
14404.82,0,94,20
10284.31,0,123,24
4754.61,1,124,18
11977.31,1,93,18
21431.82,0,110,25
10866.34,0,105,19
18584.94,0,119,18
14948.02,0,133,17
18999.95,0,101,19
7905.2,0,132,13
12565.92,0,121,21
5781.27,0,98,15
10674.38,1,119,28
13986.65,0,68,16
24012.63,0,130,25
13969.44,0,100,22
15990.79,0,88,24
22329.32,0,112,23
23593.03,0,103,15
18844.38,0,104,18
17394.12,0,84,23
8470.74,0,95,24
12437.17,0,113,23
14090.74,0,126,17
21432.92,0,72,16
12533.42,0,112,20
15172.89,0,68,10
18675.86,0,111,24
16340.58,0,118,22
8075.05,0,100,13
22427.08,0,100,16
10411.74,0,102,20
11656.22,0,94,23
20907.83,0,122,27
11538.23,1,77,18
12612.56,0,110,23
9127.07,1,100,29
8614.1,0,76,23
12570.78,0,137,23
9620.33,0,84,22
10121.32,0,74,17
9617.97,0,86,21
21118.9,0,104,8
15904.32,0,77,19
22942.36,0,109,21
14784.32,0,90,25
19443.9,0,82,23
16273.79,0,108,26
10810.94,0,83,15
10319.1,0,87,17
17730.6,0,82,18
12639.99,0,104,16
15978.69,0,137,17
7757.89,1,108,21
10293.83,0,142,18
22852.97,0,96,21
19727.44,0,128,23
14768.81,0,82,20
13108.86,0,68,18
14183.49,0,101,22
15223.3,0,113,20
10727.97,0,88,21
21309.61,0,84,24
19646.25,0,99,27
13475.35,0,84,18
8292.96,0,88,20
8671.29,1,109,19
19231.55,0,80,25
19470.7,0,124,15
20807.9,0,124,12
19300.54,0,67,31
16811.71,0,98,13
17405.78,0,92,12
18491.11,0,138,18
16194.21,0,115,14
10401.41,0,99,25
10116.34,0,86,13
11146.1,0,94,17
16427.3,0,97,16
18977.99,0,120,9
11833.88,0,99,20
17759.56,0,96,17
8499.25,0,136,22
8754.67,1,99,18
11833.39,0.5,55,22
19804.33,0,101,26
16500.18,0,148,20
9481.07,0,111,18
9567.56,0,106,21
10549.48,0,123,12
7545.65,0,90,30
15644.29,0,107,11
7351.98,0,87,19
8533.95,1,111,18
12648.73,0,113,18
16834.98,0,135,19
16034.94,0,99,14
14754.46,0,89,15
20821.53,0,133,16
19999.96,0,111,19
12096.92,0,85,17
8493.14,0,117,21
25087.36,0,76,20
9356.25,0,77,25
19223.08,0,73,27
14602.72,0,66,23
10988.38,0,101,15
10874.08,0,76,21
16074.84,0,109,21
17952.89,0,126,18
10306.78,0,89,17
12531.03,0,77,21
14298.5,0,108,26
20198.63,0,84,20
11800.16,0,128,13
18607.56,0,73,18
15793.61,0,106,21
7610.29,0,108,19
5331.21,0,87,22
19153.46,0,92,21
11854.66,1,116,19
10611.89,0,82,17
8996.12,1,84,15
5893.88,0,90,29
17867.37,0,73,29
18891.53,0,96,18
14839.16,0,106,19
15491.02,0,86,18
12503.39,1,78,14
9423.22,0,108,17
17753.97,0,94,27
16780.64,0.5,99,18
10182.25,0,102,13
5757.9,0,97,17
11440.61,1,105,21
4164.92,0,65,25
16240.86,0,63,18
8399.17,0,88,21
16593.03,0,86,18
19860.79,0,96,15
22264.35,0,115,23
7676.34,0,94,28
8500.27,0,96,20
16364.22,0,118,19
9356.54,0,113,22
7806.67,1,104,23
7766.63,1,96,22
14824.18,0,121,16
21410.62,0,98,22
15834.93,0,149,31
15905.7,0,129,21
2721.58,1,95,22
11079.76,0,89,27
6872.57,0,122,14
11016.42,0,94,19
14922.14,0,67,18
15123.1,0,87,24
3831.05,0,143,26
4818.41,0,129,18
15567.32,0,83,23
9050.12,0,90,15
6039.53,0,99,17
10084.51,0,116,24
30000,0,99,23
14648.65,0,114,21
12800.64,0,98,21
13547.5,0,110,21
17225.19,0,112,12
14186.22,0,111,22
16899.73,0,113,33
10833.25,0,97,17
23936.09,0,69,19
18836.97,0,115,14
19527.87,0,111,20
10406.36,0,81,9
18096.11,0,103,21
8415.51,0,101,25
7808.29,0,101,21
6018.15,0,104,16
11244.29,1,108,14
16120.67,0,85,18
14406.8,0,121,17
9703.46,0,94,24
14082.56,0,103,22
17240.38,0,80,7
11644.04,1,74,17
6914.31,0,104,21
20148.76,0,76,22
22773.37,0,77,21
20740.44,0,73,19
7590.54,1,99,24
14276.09,0,100,21
4634.79,0,103,16
20806.06,0,97,24
24640.09,0,58,16
23319.96,0,101,15
18743.92,0,127,25
8485.18,0,114,24
10893.74,1,87,19
11886.42,0,87,18
13608.42,0,122,23
12726.88,0,75,21
18634.1,0,135,14
3218.68,0,75,20
0,0,90,24
11465.4,0,76,25
16363.57,0,69,17
7342.52,0,96,12
7374.2,0,105,27
8321.43,0,80,16
21673.91,0,138,19
17182.08,0,137,24
7573.62,1,90,18
8291.01,0,107,24
16942.66,0,120,22
20296.56,0,76,16
14013.37,0,115,20
16772.21,0,83,18
9215.38,0,67,19
8724.16,0,107,17
20119.8,0,119,20
5623.54,0,133,21
14569.39,0,118,21
23832.79,0,136,23
19518.34,0,42,19
19124.78,0,131,22
16898.72,0,123,24
17340.18,0,91,12
18396.61,0,117,23
7634.39,0,97,21
19900.11,0,99,17
15705.87,0,115,11
18727.55,0,89,19
22569.26,0,112,16
26297.13,0,77,30
16644.02,0,120,25
17595.54,0,135,25
9945.85,0,102,26
8427.96,1,101,23
13092.64,0,86,21
9741.45,0,124,22
17369.3,0,79,24
6849.56,0,99,22
12530,0,96,24
14803.64,0,118,23
26082.03,0,93,19
16551.51,0,101,12
25133.59,0,77,15
15952.07,0,97,15
23374.38,0,86,30
13605.62,0,92,19
14291.32,0,95,22
18126.66,0,117,24
11332.67,0,111,26
17470.75,0,95,25
27244.57,0,74,22
13814.3,0,100,22
11800.41,0,114,17
19361.76,0,107,14
3064.05,0,121,24
11024.99,0,104,23
16801,0,92,21
15043.99,0,105,20
17328.1,0,72,20
13784.51,0,69,21
17729.07,0,109,28
20583.65,0,121,28
16534.3,0,81,13
14631.9,0,115,33
18451.82,0,105,14
16220.42,0,96,29
7835.58,1,136,11
19405.42,0,107,22
4345.29,0,70,18
17607.56,0,120,21
4659.45,0,103,18
16340.94,0,129,25
16213.8,0,103,15
13841.89,0,80,25
22350.31,0,87,23
7739.8,1,131,23
19963.76,0,101,24
8139.36,0,84,18
15776.74,0,135,23
22005.12,0,88,13
8421.86,1,99,17
13104.12,0,101,23
12003.05,0,102,12
12142.67,0,95,13
20929.94,0,105,21
20575.86,0,114,24
13192.16,0,81,18
21394.38,0,101,22
17153.51,0,118,10
22348.89,0,105,19
8541.76,0,91,22
16581.92,0,85,23
11923.77,0,134,22
17022.77,0,109,17
11047.48,0,96,16
16026.2,0,77,24
18463.01,0,78,13
14370.8,0,121,16
13244.28,0,119,17
15219.96,0,78,22
16882.11,0,104,20
4660.81,0,108,18
17165.25,0,127,19
7744.69,0,97,18
15927.77,0,108,19
19278.55,0,127,25
24494.35,0,93,31
18309.6,0,116,24
12209.68,0,143,18
23480.88,0,98,20
13793.74,0,102,16
16397.93,0,84,23
10677.5,0,98,11
9287.77,0,100,21
12626.6,0,100,22
7319.96,0,84,21
18607.89,0,83,20
14268.9,0,127,15
22472.75,0,63,18
17487.26,0,95,21
27436.92,0,84,23
13627.2,0,54,13
9086.16,0,111,26
17409.6,0,111,13
20065.66,0,116,21
13985.62,0,118,26
19414.41,0,118,11
10976.06,0,118,18
15354.87,0,121,9
24106.97,0,94,22
16749.57,0,75,19
4787.98,0,121,21
18629.69,0,104,24
13189.59,0,85,31
22572.17,0,106,12
12964.15,0,107,13
17840.18,0,100,15
21277.15,0,137,18
27361.99,0,108,18
15724.95,0,82,25
11827.1,0,114,16
13934.47,0,93,20
20372.81,0,78,13
8079.08,0,81,16
10753.31,0,102,23
9705.21,0,71,25
11686.14,0,89,23
22008.71,0,104,15
16206.12,0,89,13
5618.38,0,146,21
8556.5,0,113,25
5047.09,0,77,27
19295.8,0,83,16
18050.07,0,109,23
15930.65,0,99,11
17765.14,0,111,18
11079.64,0,92,14
14240.85,0,37,21
9099.11,0,83,24
26237.49,0,68,13
11851.91,0,100,25
13824.37,0,126,27
21618.81,0,91,24
16108.72,0,97,25
18201.88,0,82,14
8961.84,1,111,17
13747.38,0,101,16
6133.14,1,103,26
13469.82,0,93,11
8140.97,0,84,21
22596.53,0,139,22
15489.84,0,116,22
15332.48,0,86,26
20098.13,0,84,31
23589.89,0,129,19
7558.93,1,117,20
15141.62,0,78,17
20501,0,85,15
11212.88,0,85,20
6419.24,0,106,21
14722.97,0,101,15
15080.8,0,86,15
6011.64,0,104,17
15672.13,0,75,25
7864.13,0,109,16
14759.81,0,112,35
18781.7,0,117,19
15411.16,0,112,15
21167.14,0,107,16
9414.2,1,114,21
12012.86,1,76,17
18144.41,0,102,26
19801.61,0,138,14
17922.25,0,108,21
12539.32,0,74,17
15473.23,0,92,33
21106.19,0,128,18
7117.85,0,91,21
6146.65,1,125,22
22746.56,0,92,25
10829.72,0,110,20
17024.72,0,102,21
15364.92,0,93,20
22250.03,0,85,17
10153.54,0,87,31
5642.81,0,92,17
15208.74,0,84,23
23762.05,0,115,14
8388.63,1,99,30
16723.74,0,125,27
9723.89,0,103,23
13139.71,0,76,19
8577.66,0,104,20
18530.75,0.5,94,19
9363.15,0,112,16
16053.93,0,129,27
15455.18,0,83,32
5734.31,1,88,15
7883.77,0,82,15
15874.58,0,120,27
16858.45,0,111,21
18095.87,0,142,19
10585.37,0,121,25
4746.77,0,113,28
23252.83,0,103,22
10235.84,1,132,21
16414.98,0,128,25
10959.59,0,99,16
19910.55,0,56,20
13587.4,0,72,21
18450.33,0,78,15
11928.12,0,96,8
10112.22,1,118,23
7943.05,0,103,17
19821.91,0,70,31
17464.35,0,104,15
13489.2,0,115,21
5245.74,0,95,12
12802.66,0,108,15
16627.64,0,110,17
7968.57,0,83,20
16722.86,0,98,17
12030.09,0,76,20
15437.91,0,101,25
9072.08,1,99,23
19814.8,0,97,30
13257.4,0,124,21
23908.44,0,143,26
3245.86,0,99,21
19044.44,0,105,26
11921.23,0,124,14
14741.52,0,80,26
18236.95,0,89,22
11769.13,0,87,20
18306.65,0,88,24
16167.31,0,116,19
20497.12,0,91,23
17876.84,0,73,13
7197.5,0,89,27
10732.57,0,137,18
17553.64,0,114,16
14525.08,0,69,25
7249.72,0,98,29
15216.01,0,94,11
16518.55,0,111,24
17272.55,0,96,18
12248.82,0,79,16
18027.04,0,107,21
8576.2,1,135,23
16021.23,0,104,15
16858.39,0,121,12
12013.7,0,104,22
8038.54,0,86,18
21540.98,0,78,26
18667.45,0,63,22
16717.06,0,115,23
17156.28,0,140,7
20817.89,0,108,19
6897.43,1,118,25
17669.57,0,141,28
22770.12,0,110,16
17954.54,0,95,19
17031.97,0,143,21
9837.17,1,68,23
16179.1,0,115,20
24924.6,0,90,19
13334.69,0,86,17
9909.33,0,90,20
14388.42,0,91,22
11585.35,0,95,13
13867.09,0,109,20
18936.54,0,97,21
7737.23,0,90,23
9588.65,1,107,14
10202.36,0,47,21
17980.31,0,77,26
13767.95,0,108,18
11182.67,0,90,18
15412.94,0,102,17
8047.03,1,90,21
20881.58,0,106,21
16326.99,0,132,13
12382.44,0,80,29
16218.83,0,82,26
21686.19,0,73,18
18098.73,0,80,21
12835.86,0,118,20
12667.52,0,114,17
22006.72,0,99,17
13574.01,0,118,23
20611.52,0,87,20
12664.38,0,90,28
10378.92,0,83,22
23578.58,0,87,17
9413.65,0,119,18
18217.72,0,116,11
10644.9,0,93,15
10420.35,0,101,23
8142.59,0,141,21
16999.46,0,88,29
13716.45,0,109,20
15394.38,0,118,21
16080.65,0,83,19
17698.79,0,99,18
13523.57,0,110,22
11223.2,0,69,13
24166.54,0,110,21
28035.94,0,128,24
14893.53,0,83,20
18516.83,0,103,23
12224.63,0,108,16
16284.4,0,132,20
14504.07,0,113,23
11242.81,0,123,26
15565.69,0,116,20
0,0,131,18
16089.21,0,88,19
7921.41,1,151,23
22714.61,0,124,19
19306.51,0,93,26
20883.86,0,115,15
11642.85,0,113,22
13163.89,0,92,20
26317.86,0,114,12
9555.55,0,82,20
7032.94,0,111,20
13814.36,0,92,20
10390.24,0,115,13
18670.57,0,111,22
21037.45,0,84,23
12867.32,0,74,23
13822,0,76,10
0,0,116,22
7292.78,1,97,23
7312.89,1,120,28
14139.83,0,92,9
17849.13,0,120,17
9765.23,0,99,13
11670.31,0,106,18
14799.77,0,82,16
20044.84,0,74,26
14763.75,0,138,24
5358.77,1,124,25
21161.24,0,126,18
11578.97,0,79,14
20172.81,0,86,15
19537.1,0,66,19
18860.63,0,126,28
29418.71,0,102,13
19240.19,0,86,21
15380.38,0,117,28
19656.81,0,85,18
13503.15,0,109,15
10302.67,0,79,23
21816,0,103,34
23198.38,0,130,15
11368.19,0,70,20
13673.93,0,114,27
13022.61,0,140,13
19642.48,0,123,26
19167.09,0,117,29
21049.79,0,83,26
13420.24,0,86,18
12087.3,0,122,22
17383.1,0,123,14
6319.03,0,87,16
13706.54,0,92,21
17226.68,0,114,28
19291.81,0,85,18
15929.07,0,145,20
27304.91,0,89,21
9785.69,0,90,26
15776.08,0,88,19
9633.11,0,92,13
14602.68,0,123,22
9745,1,141,25
17226.94,0,102,28
15483.06,0,64,24
12677.93,0,117,22
5488.6,0,130,18
17998.96,0,124,19
10467.28,0,77,20
9003.36,0,81,22
13676.36,0,93,26
15920.19,0,86,29
20819.66,0,77,22
15528.28,0,88,22
9786.97,0,84,12
13588.36,0,55,26
18347.76,0,88,28
15354.41,0,118,20
11185.48,0,100,16
8453.85,1,69,28
14909.37,0,123,22
25758.47,0,61,23
4148.69,0,86,24
11606.34,0,118,32
13995.34,0,44,19
15040.17,0,113,21
14281.09,0,116,18
8444.98,0,118,25
10504.76,1,93,19
15950.5,0,102,18
8016.95,0,98,3
23728.12,0,97,19
11038.68,0,127,26
15954.31,0,128,18
7037.8,1,124,22
15739.14,0,75,31
17315.2,0,72,34
9320.3,1,96,12
13486.75,0,98,22
14630.8,0,132,15
7821.72,0,104,21
13963.8,0,116,14
14412.79,0,127,24
14903.56,0,69,16
8900.07,0,104,18
7423.53,0,107,13
16426.49,0,108,25
5318.79,0,92,27
18435.45,0,95,15
16400.93,0,79,21
23986.46,0,109,17
24042.88,0,108,17
12042.29,0,86,16
14727.97,0,116,24
13017.75,0,93,17
0,0,109,26
17672.65,0,107,21
7565.98,0,123,17
15525.92,0,102,16
18457.17,0,87,18
8746.34,0,88,16
6231.53,0,127,18
10505.55,0,114,20
16971.6,0,84,15
10270.53,0,128,20
10107.55,0,100,19
13246.66,0,82,13
7057.16,1,78,21
14673.58,0,131,28
8158.39,0,142,19
18372.96,0,66,23
8776.2,1,107,21
9909.83,1,120,24
18028.39,0,106,22
17524.21,0,116,18
22556.11,0,118,19
17678.54,0,124,14
18862.99,0,82,33
4847.07,1,130,18
20592.86,0,114,15
10467.83,0,91,23
16087.84,0,122,22
13044.18,0,90,22
16026.38,0,86,26
24218.05,0,100,18
16509.34,0,96,16
23935.12,0,136,16
16645.92,0,120,17
21817.7,0,134,25
7167.59,0,126,13
14831.91,0,87,10
10827.01,0,93,16
18237.21,0,73,25
16128.7,0,108,22
11359.07,0,108,16
5648.45,0,118,20
14546.94,0,81,16
8871.63,1,76,29
16206.86,0,91,20
12471.82,0,102,24
19116.11,0,113,25
16105.52,0,97,15
19585.34,0,107,24
4818.49,0,122,30
13871.67,0,44,22
9021.01,0,105,23
15592.08,0,83,17
17450.11,0.5,118,14
13037.75,0,75,26
10796.94,0,84,28
10958.94,0,94,31
15042.56,0,101,19
20221.45,0,59,15
12508.57,0,133,21
12252.67,0,122,15
18392.73,0,72,25
25230.28,0,99,22
13488.65,0,89,18
19017.31,0,147,16
8924.16,0,149,22
7886.85,1,117,24
12498.12,0,128,19
10373.66,1,105,14
12991.93,0,75,23
25377.05,0,134,16
12401.51,0,94,19
19801.36,0,95,18
23771.6,0,54,24
12832.5,1,118,25
14981.1,0,126,23
6718.03,0,115,21
9085,0,92,14
16013.23,0,77,16
9772.6,0,79,22
9175.82,0,111,28
20408.32,0,124,18
14607.54,0,89,29
4742.01,1,90,26
19133,0,135,21
19262.06,0.5,108,30
12216.5,0,72,17
20971.53,0,100,11
8651.7,0,89,18
10283.59,1,100,8
23701.4,0,81,31
20440.66,0,67,21
19738.83,0,98,14
19989.86,0,104,19
21643.89,0,110,21
19497.05,0,105,26
13167.54,0,111,15
15308.31,0,60,22
11959.65,0,94,15
12618.31,0,140,17
17284.58,0,127,26
22898.94,0,73,22
20359.7,0,105,11
19066.88,0,85,16
9162.19,0,117,23
11908.82,0,78,23
12543.09,0,121,14
20222.55,0,100,27
21532.48,0,71,17
20660.95,0,82,24
14825.77,0,93,22
9269.21,1,85,14
21452.97,0.5,131,26
10872.31,0,114,20
7661.8,0,87,14
14942.59,0,112,23
13916.5,0,88,14
9325.01,1,93,20
23443.12,0,89,29
25721.77,0,55,25
9291.69,0,89,21
15783.26,0,81,12
9400.93,0,113,18
14360.02,0,130,11
15423.22,0,102,14
15565.16,0.5,91,22
9714.61,0,67,15
18102.93,0,114,27
17137.81,0,82,17
16496.76,0,123,8
9055.01,1,126,15
6816.37,0,128,12
11294.27,0,103,17
20495.47,0,129,27
10641.28,0,85,21
15832.09,0,101,18
15443.65,0,71,22
21261.95,0,105,24
13926.93,0,117,20
19536.76,0,119,16
16791.28,0,93,21
8740.91,0,53,18
13583.8,0,99,10
14285.5,0,102,25
18802.05,0,68,20
16242.91,0,89,20
10408.84,0,125,14
17900.77,0,135,16
10414.77,0,100,26
15359.36,0,110,11
16014.07,0,96,28
16728.55,0,132,22
16039.26,0,72,16
17777.51,0,76,20
13068.1,0,109,23
15282.8,0,122,23
21441.55,0,101,20
24428.29,0,130,28
12285.39,0,102,22
19331.93,0,100,13
11616.41,0,102,31
22075.79,0,76,25
9351.52,0,114,22
12671.37,0,89,20
26829.68,0,117,20
18480.36,0,127,25
18617.35,0,116,13
20556.31,0,108,22
20688.81,0,98,15
19031.23,0,78,22
9634.82,0,92,18
16046.31,0,131,23
12333.76,0,96,17
16955.96,0,97,24
15106.65,0,125,21
14944.85,0,127,24
6301.09,0,86,23
10665.65,0,70,23
15169.45,0,113,29
13311.5,0,115,14
14457.79,0,91,7
18895.91,0,94,18
15896.81,0,103,23
14996.85,0,68,17
13026.03,1,76,19
17766.47,0,89,18
6394.96,0,131,23
22958.18,0,73,20
14694.28,0,106,17
7706.22,0,100,15
25180.36,0,142,20
13534,0,106,23
7885.93,0,94,30
16932.77,0,65,18
5655.01,1,90,21
17301.97,0,90,18
10436.38,0,97,29
10336.04,1,88,25
14284.07,0,96,24
12919.91,0,140,17
12446.3,0,111,21
10621.28,1,100,18
7567.72,0,69,22
12471.7,0,115,20
10411.43,1,101,14
16339.59,0,107,18
18928.07,0,111,18
14631.45,0,119,15
11855.42,0,101,24
17857.09,0,91,16
30000,0,105,25
2974.13,0,83,23
7495.27,0,60,19
14410.52,0,125,12
8889.46,0,101,31
8459.13,0,94,30
12009.81,1,125,22
13630.27,1,154,26
16926.59,0,74,17
21181.99,0,79,26
14884.91,0,91,20
5599.58,0,104,24
21390.7,0,110,24
20002.27,0,75,20
16442.69,0,96,16
19724.08,0,111,19
5893.3,0,106,14
15018.98,0,75,26
11879.93,0,112,20
12452.74,0,111,11
14352.45,0,81,23
8928.96,0,92,22
18247.18,0,103,20
15486.23,0,110,25
18680.79,0,97,21
10922.77,0,92,16
8664.47,1,105,24
10474.16,0,106,17
9733.55,0,78,16
10346.74,1,90,16
13703.29,0,103,20
12216.85,0,102,8
17047.49,0,78,24
14944.51,0,99,19
11045.48,0,108,20
17673.02,0,74,20
8918.42,0,91,23
20856.85,0,49,19
19905.39,0,124,28
13714.82,0,122,21
10414.8,0,102,16
12716,0,35,20
12250.52,0,105,21
10345.12,0,104,12
13000.42,0,125,14
18173.7,0,74,15
16897.83,0,78,15
20618.73,0,117,25
8807.73,1,117,16
8593.84,0,114,26
16465.48,0,33,22
4398.59,0,95,15
19204.92,0,64,17
18140.13,0,133,15
9828.47,0,102,23
3772.04,0,92,23
21958.45,0,88,22
13914.32,0,98,16
19542.96,0,131,12
10373.92,0,95,22
13434.83,0,109,21
21186.67,0,104,13
12600.58,0,107,20
15292.51,0,89,20
13347.34,0,104,19
21087.41,0,108,22
11834.84,0,104,18
17504.71,0,66,22
18616.16,0,79,27
17327.11,0,68,24
12200.87,0,109,17
13193.05,0,89,23
11913.22,0,121,20
9465.4,0,107,22
7783.91,0,83,19
19364.62,0,94,26
19447.4,0,112,24
22188.83,0,68,21
13630.69,0,94,24
16814.01,0,108,16
13234.66,0,120,22
11293.28,0,77,22
17521.71,0,100,25
14080.92,0,110,25
7791.67,0,91,28
20159.57,0,62,21
15433.65,0,125,22
15069.81,0,106,20
20998.41,0,115,27
9723.7,0,74,15
10037.94,1,98,16
15959.85,0,85,9
14063.17,0,132,23
8067.2,0,69,18
23280.04,0,68,13
17071.54,0,109,19
13751.26,0,101,9
19919.82,0,74,15
3543.31,0,109,22
10721.84,0,98,25
17225.57,0,130,19
9447.81,0,113,18
19835.95,0,85,15
7249.23,0,106,20
19673.57,0,104,27
18197.82,0,86,20
10327.12,1,108,18
8337.37,1,108,22
15233.78,0,100,13
11634.95,0,147,13
17044.52,0,113,20
19468.23,0,130,16
19837.57,0,126,25
16843.13,0,74,22
14161.27,0,119,17
21298.09,0,101,18
10461.17,0,85,26
14485.62,0,94,22
16004.73,0,137,12
23896.46,0,131,29
10810.1,0,66,17
18307.15,0,69,21
16798.97,0,74,21
16481.93,0,75,23
20067.27,0.5,75,14
19394.53,0,132,23
19732.01,0,93,13
19286.18,0,72,23
8337.93,0,81,19
11087.56,0,92,13
14413.52,0,76,14
8348.74,1,120,24
9863.51,0,81,23
14515.2,0,87,21
19636.55,0,121,19
15352.63,0,50,24
5394.11,0,79,17
19887.15,0,94,20
17581.38,0,114,14
22546.37,0,106,17
9998.05,0,112,19
13744.04,0,81,13
18797.53,0,84,18
9678.56,0,60,23
16392.23,0,74,12
22276.67,0,88,22
12758.3,0,112,20
12777.95,0,111,21
24067.58,0,95,25
7338.54,0,85,14
20497.51,0,84,23
17332.17,0,102,18
7240.94,0,107,18
16615.89,0,120,22
11995.82,0,109,11
11868.53,0,71,12
14877.76,0,126,24
11060.39,0,85,20
16729.4,0,90,16
12430.07,0,91,22
14908.78,0,96,24
21597.5,0,132,29
16469.08,0,80,21
20420.89,0,91,21
18555.91,0,134,18
16758.97,0,93,12
12949.08,0,89,22
19546.74,0,106,27
10529.5,0,72,11
18786.11,0,93,23
16174.87,0,113,15
12768.27,0,119,17
18861.37,0,133,19
9171.66,0,81,16
11566.33,0,121,19
12891.9,0,109,22
18735.61,0,128,23
20032.97,0,89,22
11656.98,0,95,18
15719.3,0,64,11
13359.6,0,118,22
5484.62,0,84,11
20760.77,0,124,13
12758.11,0,82,25
15664.57,0,86,18
27567.72,0,122,19
22597.76,0,110,23
17343.07,0,85,15
15427.3,0,114,24
2325.5,0,83,18
19307.76,0,62,17
12963.78,0,120,20
18866.45,0,84,13
20433.33,0,88,25
18498.25,0,101,14
20285.27,0,113,23
16397.96,0,115,25
16108.27,0,63,19
15235.44,0,127,21
18198.09,0,108,16
10532.02,0,146,22
6919.98,0,128,20
17517.56,0,114,14
18259.66,0,87,25
7610.84,1,96,19
7178.44,0,113,19
12005.07,0,121,11
13651.73,0,93,15
13960.85,0,114,22
19313.44,0,120,9
26005.43,0,95,26
17481.95,0,104,22
9924.3,1,91,30
9919.73,0,94,20
17835.52,0,114,29
12056,0,98,19
10747.29,0,82,20
13392.93,0,108,14
16413.64,0,107,24
23057.51,0,100,22
10070.98,0,157,21
8493.67,1,138,13
18198.95,0,105,26
8441.33,0,105,13
12889.65,0,97,26
14178.73,0,58,24
7293.26,1,95,25
11352.8,0,86,14
14702.23,0,110,19
13313.09,0,86,20
24461.07,0,86,15
11291.57,0,74,23
22478.43,0,77,20
17630.49,0,109,18
8496.38,0,67,16
14392.74,0,111,16
11817.19,0,111,24
11709.97,0,128,19
12082.55,0,91,18
14918.48,0,127,21
3135.3,0.5,104,29
20663.32,0,104,21
18233.8,0,93,20
17043.28,0,116,20
19708.61,0,102,25
8718.83,0,51,19
16012.2,0,130,21
15441.44,0,143,28
15740.73,0,73,23
9086.84,0,95,19
9864.82,0,94,19
24815.12,0,82,25
8611.27,0,69,21
10784.99,1,94,21
20329.63,0,71,27
16063.68,0,130,20
13202.19,0,71,22
21612.09,0,87,14
16634.6,0,99,27
11691.19,0,129,15
10965.77,0,83,17
9482.87,1,81,14
13000.03,0,95,19
7245,0,121,24
4823.65,0,79,17
25472.69,0,101,29
16032.43,0,84,28
6690.7,0,99,14
9777.88,0,101,19
18791,0,101,18
19227.21,0,124,14
15558.75,0,109,16
22675.52,0,52,22
3395.05,0,105,18
21006.64,0,73,24
10635.54,0,112,26
10550.75,1,116,20
15022.47,0,119,19
6690.48,0,66,19
9021.39,1,95,20
18368.73,0,122,19
11656.39,0,100,14
9198.75,1,129,18
12923.64,0,132,9
11517.62,0,118,27
13229.83,0,116,15
19140.87,0,93,23
21165.54,0,112,12
16026.62,0,111,26
14397.62,0,96,20
15592.75,0,87,25
22521.44,0,67,18
22412.68,0,85,24
8529.2,1,79,29
8647.82,0,66,19
12275.4,0,78,16
2964.88,0,93,25
14160.08,0,89,24
22608.57,0,118,26
10217.69,0,120,19
10161.29,0,74,10
1624.51,0,93,26
9363.39,0,110,23
21874.03,0,125,27
15933.37,0,86,19
18034.19,0,106,20
20796.54,0,92,23
12147.74,0,82,13
13572.83,0,105,24
26699.86,0,120,26
17348.55,0,82,16
12258.46,0,108,19
21604.79,0,122,15
4003.89,0,75,10
14498.19,0,110,18
9981.75,0,87,12
15729.91,0,64,28
5851.74,0,115,21
16133.04,0,108,28
10785.2,0,80,25
12640.72,0,97,24
11280.09,0,100,16
18187.23,0,79,16
19975.51,0,117,16
15746.97,0,84,20
22428.74,0,118,20
11777.49,0,123,24
17284.8,0,65,24
20913.39,0,104,13
17959.57,0,85,18
20735.24,0,118,17
13127.46,0,114,19
25901.72,0,108,21
7930.49,0,69,25
18443.69,0,125,15
23014.27,0,96,29
6729.74,0,121,23
6426.69,0,94,17
17724.63,0,98,24
16665.54,0,80,21
11940.49,0,70,24
7197.97,1,80,27
11300.61,0,115,16
22939.24,0,82,16
25166.66,0,103,26
14821.51,0,113,13
5573.47,1,64,13
18411.4,0,74,12
6509.5,1,78,17
6892.65,1,78,18
20759.93,0,125,18
14395.11,0,91,12
10358.14,0,126,24
18399.12,0,75,19
14273.7,0,65,18
21423.85,0,109,22
20672.78,0,115,20
18533.56,0,70,18
13466.08,0,84,12
10876.45,1,135,19
15453.46,0,89,24
15788.97,0,105,22
19763.79,0,93,20
8770.48,0,55,28
20533.84,0,97,26
21726.35,0,65,19
6341.98,1,88,21
13362.93,0,110,11
20614.75,0,92,17
17930.69,0,113,16
16545.62,0,108,22
15316.26,0,86,18
22187.89,0,124,10
20961.13,0,93,15
18025.83,0,84,9
4185.87,0,84,20
8172.93,0,124,15
17903.77,0,121,23
16989.92,0,101,14
8879.94,0,109,26
23761.02,0,106,15
17283.63,0,73,30
18053.64,0,126,22
7612.96,1,138,20
16298.09,0,98,19
20634.84,0,69,16
13479.24,0,102,14
11720.35,0,113,28
8872.9,0,113,23
17413.65,0,118,20
9638.66,0,119,23
14017.99,0,111,20
14910.57,0,116,21
16537.99,0,87,10
22098.78,0,106,17
16731.56,0,101,28
19359.38,0,110,20
16994.74,0,105,29
21212.54,0,115,19
6987.96,0,139,24
14010.99,0,75,23
13796.75,0,36,28
17750.78,0,85,9
12824.81,0,156,18
13818.19,0,90,36
25600,0,99,28
21557.86,0,115,25
12506.7,0,119,19
8911.23,0,92,22
13264.28,0,116,17
21602,0,85,23
16415.43,0,125,20
9634.04,0,90,26
10981.11,1,96,10
8714.8,1,57,18
17878.04,0,85,24
26716.51,0,66,16
20754.3,0,146,19
16412.84,0,68,15
7915.28,1,63,19
14787.34,0,51,19
2388.81,0,122,11
7108.91,0,89,21
6260.84,1,93,12
13607.71,0,114,21
10098.17,0,91,18
16747.64,0,103,23
16037.81,0,118,15
14081.34,0,140,11
18517.27,0,117,25
15576.36,0,103,16
17216.64,0,117,31
14841.37,0,103,22
14540.19,0,93,28
17559.04,0,97,11
12429.67,0,96,20
9855.43,0,143,20
9475.96,1,129,21
17630.71,0,102,25
23221.72,0,138,21
21163.48,0,106,20
7056.94,1,90,27
17358.15,0,139,17
8883.56,0,126,17
10233.06,0,95,21
8656.05,0,93,19
875.78,0,105,18
6560.23,0,65,11
15169.19,0,120,20
12380.24,0,94,22
10542.22,1,95,30
7290.72,0,100,14
13728.85,0,75,6
21835,0,135,18
19484.93,0,103,22
11794.75,0,111,17
13583.94,0.5,162,22
9398.22,1,91,10
16416.18,0,79,25
15328.95,0,82,23
7696.02,0,62,27
6532.96,0,84,28
16317.26,0,100,24
7015.34,0,106,23
13285.77,0,119,25
19182.82,0,67,24
13585.91,0,103,17
23732.46,0,75,21
15375.95,0,75,29
11475.93,0,100,8
14157.59,0,89,17
18187.73,0,127,19
15217.71,0,121,24
20213.83,0,120,22
6887.16,0,101,26
20941.11,0,124,10
26182.5,0,84,18
12297.93,0,76,18
5.74,0,90,16
12459.25,0,105,15
16677.93,0,81,24
15036.96,0,112,22
11583.9,0,98,29
19942.85,0,100,26
10899.43,0,97,16
12896.85,0,124,18
12537.08,0,69,21
15137.73,0,106,24
12071.52,0,76,18
13949.2,0,102,17
10839.91,0,90,22
9314.47,1,81,22
14786.12,0,71,16
19551.29,0,74,16
22115.59,0,130,8
18096.43,0,115,11
20183.99,0,108,20
15593.53,0,134,22
16459.67,0,111,4
15667.91,0,84,23
14637.93,0,127,14
12793.37,0,142,27
8588.75,0,86,23
13221.2,0,85,15
11315,0,123,18
10255.06,0,94,21
13862.77,0,100,19
15327.65,0,123,19
15066.17,0,104,20
8521.93,1,98,26
17239,0,125,22
11026.55,0,86,22
13726.47,0,97,9
2618.97,0,103,25
11543.75,0,94,23
11831.36,0,87,20
10179.97,0,101,22
21844.87,0,67,24
17919.96,0,84,25
17322.49,0,69,16
21044.87,0,127,18
16773.2,0,115,15
14276.37,0,84,23
15107.38,0,123,31
13275.7,0,137,16
20005.76,0,120,24
11396.82,0,124,15
13331.33,0,96,15
15314.85,0,90,18
13492.16,0,147,20
13873.96,0,90,21
6301.4,0,133,29
10329.02,1,120,7
14561.82,0,98,21
16792.89,0,77,19
8248.82,0,45,14
20212.95,0,112,12
9376.41,0,86,24
11969.81,0,109,21
17611.22,0,64,14
15432.72,0,124,15
10718.29,1,126,21
11940.87,0,69,26
14041.52,0,82,10
8447.39,0,76,29
9130.65,1,144,19
13219.63,0,74,23
7091.2,0,99,18
18126.89,0,115,24
16101.06,0,93,19
14212.29,0,132,19
29478.43,0,100,25
12873.35,0,73,12
26829.88,0,128,18
12327.88,1,122,18
19412.44,0,95,18
13611.27,0,88,20
7106.8,1,87,19
11310.09,1,93,15
12612.17,0,105,28
20499.65,0,113,22
10722.52,0,105,21
6880.83,1,84,11
23279.35,0,94,15
17485.76,0,78,21
9415.03,0,95,29
11613.7,0,100,18
20133.37,0,106,16
8154.57,1,103,15
8713.97,0,129,9
12721.27,0,126,20
9816.91,0,95,26
13541.46,0,77,30
11169.25,0,61,22
14416.5,0,103,24
27138.57,0,69,23
10080.94,0,139,24
18961.42,0,109,22
10047.55,0,66,12
15612.06,0,105,13
20319.39,0,155,14
22769.46,0,94,23
11523.5,0,115,22
13801.49,0,108,23
15261.32,0,127,30
20077.17,0,84,22
16003.31,0,120,18
11757.08,0,91,23
16032.89,0,115,17
26663.53,0,135,20
16165.88,0,132,19
15430.76,0,110,20
15267.64,0,88,24
12146.08,0,84,14
13755.06,0,96,24
5128.4,0,117,29
18238.75,0,82,17
7968.62,1,75,21
4946.47,0,121,23
14523.48,0,109,20
17878.76,0,82,19
17219.97,0,108,14
11430.86,0,138,15
11150.95,0,109,21
16859.62,0,110,19
9128.65,0,55,22
9126.59,0,83,16
9601.06,0,103,7
19366.53,0,103,14
22559.26,0,100,21
7949.37,1,86,12
22140.02,0,114,27
21901.46,0,146,23
17674.93,0,115,32
10534.93,0,111,22
15911.47,0.5,132,14
8782.73,0,107,18
6053.57,0,84,30
23567.38,0,125,15
9854.44,0,76,23
17782.99,0,98,17
23519.38,0,109,18
17370.56,0,82,15
23630.65,0,69,24
18701.94,0,123,24
18764.65,0,77,14
12201.09,0,99,11
20008.07,0,101,20
14204.98,0,63,24
12684.68,0,79,24
23442.22,0,84,16
17355.56,0,82,19
10620.88,0,106,21
9602.5,0,78,18
13211.55,0,106,14
15109.69,0,128,25
15276.37,0,77,21
10215.78,0,66,23
11473.67,0,97,15
12271.6,0,103,27
14935.16,0,113,24
12191.96,0,99,27
6573.55,1,46,20
15496.41,0,65,19
14479.79,0,94,23
16844.87,0,118,18
13619.73,0,116,30
8050.65,0,74,17
13452.71,0,88,31
11422.64,0,101,23
20845.9,0,95,22
12439.27,0,125,18
12742,1,94,27
18231.88,0,89,33
7615.59,0,100,13
5818.67,1,81,28
9745.96,0,42,23
15029.37,0,100,21
15928.39,0,99,17
9509.16,1,91,12
7878.64,1,105,26
17469.04,0,76,24
9739.34,0,97,23
14650.48,0,105,16
16503.2,0,89,24
17706.86,0,88,28
16096.24,0,99,26
12803.67,1,106,18
4641.68,0,108,17
6449.64,0,116,18
16820.64,0,99,7
17078.62,0,69,33
12334.16,0,115,18
18012.89,0,124,28
9085.69,0,97,22
17145.28,0.5,121,16
10794.18,0,135,16
18116.3,0,130,21
2789.07,0,86,17
12703.32,0,73,16
13465.71,0,99,25
18809.86,0,110,17
16837.86,0,91,26
15987.51,0,85,17
11183.68,0,60,18
12839.21,0,117,19
5060.85,0,90,17
11072.74,0,91,23
10589.04,0,83,11
23640.62,0,94,26
16332.55,0,120,27
16970.67,0,88,16
20803.78,0,112,17
13551.67,0,116,28
16632.15,0,104,11
10097.28,1,92,26
15159.18,0,122,9
10176.34,1,90,19
24763.03,0,81,18
22659.2,0,110,17
15127.07,0,91,24
13204.38,0,143,25
18818.19,0,93,17
6348.74,1,94,18
23591.96,0,86,22
8045.19,0,99,13
16431.74,0,72,16
13870.14,0,73,22
6041.1,0,72,21
23344.83,0,93,23
15711.52,0,71,25
15164.85,0,136,25
20024.98,0,53,35
6889.65,0,87,23
12706.04,0,74,18
14483.86,0,107,20
10148.76,0,96,23
7130.92,1,111,16
16393.72,0,105,22
9348.12,1,120,12
16798.86,0,96,24
5632.2,0,79,25
18069.7,0,111,21
12594.15,0,85,15
22412.48,0,96,12
16549.37,0,100,21
17611.57,0,123,18
19271.21,0,131,20
10622.09,0,97,26
23970.56,0,73,26
13124.42,0,76,31
19771,0,91,27
14844.32,0,105,20
16530.98,0,115,22
16089.8,0,68,18
22806.01,0,97,21
15799.82,0,82,6
19664.12,0,90,21
5924.6,0,72,20
399.54,0,92,17
29784.38,0,111,24
14610.48,0,104,21
21383.99,0,107,18
4548.04,0,87,24
15646.48,0,88,18
15993.44,0,98,11
21568.77,0,104,9
20290.92,0,118,26
11450.45,0,110,16
7534.9,1,120,17
29165.12,0,108,23
14444.3,0,91,24
13391.43,0,93,24
21797.93,0,133,19
11667.71,0,95,22
17665.48,0,108,25
16839.6,0,68,20
17950.18,0,96,17
11594.03,0,63,17
10004.64,0,102,26
9601.69,1,70,17
17208.71,0,111,20
10640.98,1,87,17
22279.13,0,109,16
9796.46,0,70,14
20489.51,0,105,24
19599.45,0,72,19
17598.8,0,108,24
4358.96,0,108,27
10394.69,1,108,35
11504.04,0,94,19
22394.6,0,137,28
14017.7,0,118,21
6254.17,0,109,14
22361.3,0,101,14
14101.63,0,99,22
10521.47,0,117,15
18453.25,0,73,33
15454.52,0,98,21
10769.42,0,109,17
8148.81,0,96,14
23023.59,0,95,16
13298.86,0,71,13
14290.29,0,121,24
18214.14,0,29,16
15182.89,0,98,22
17325.6,0,127,22
10900.59,1,91,13
20998.58,0,86,10
11360.17,0,99,28
12995.9,0,102,21
16491.02,0,64,19
14578.83,0,98,19
13074.88,0,167,23
17066.42,0,116,21
25045.49,0,89,19
13439.34,0,123,23
14616.57,0,111,19
11602.16,0,100,13
17324.43,0,84,25
13227.89,0,77,19
10482.16,0,112,21
7570.81,1,110,19
22599.65,0,104,23
10120.03,0,90,25
10776.27,0,92,20
10290.67,0,91,18
13562.13,0,125,18
15481.18,0,99,23
11868.79,0,105,20
2323.01,0,117,18
10750.43,0,80,15
11213.15,0,132,22
14515.44,0,92,22
20438.14,0,110,22
11291.46,0,91,18
19229.36,0,127,26
10365.4,0,81,22
20822.91,0,114,20
18723.93,0,85,21
13461.27,0,113,18
11920.62,0,104,28
18626.18,0,93,18
8893.19,1,111,14
23995.91,0,136,16
15484.97,0,94,15
11612.88,0,85,15
12270.02,0,80,18
15763.28,0,79,18
20297.27,0,104,19
15591.98,0,85,15
21757.58,0,70,17
13389.61,0,117,22
14104.1,0,96,30
18474.34,0,96,21
22385.4,0,107,19
8079.52,0,109,21
17498.79,0,101,19
10201.16,0,115,23
16087.24,0,135,21
5948.11,0,117,25
10403.81,0,100,17
12711.69,0,77,10
7133.46,0,93,17
19722.63,0,99,26
13921.98,0,97,27
12482.56,0,90,11
20106.8,0,109,29
20412.17,0,127,14
28623.39,0,69,18
12898.73,0,123,22
11028.31,0,91,14
13730.57,0,114,22
20802.38,0,80,26
6879.12,0,98,18
17977.99,0,122,19
14868.55,0,51,18
19979.51,0,97,21
10699.19,1,109,21
6485.57,1,73,25
7914.67,0,97,22
22589.6,0,101,19
14875.01,0,86,19
14344.39,0,87,20
19350.36,0,93,24
16016.99,0,101,16
20750.17,0,107,20
12699.57,0,99,26
17268.05,0,117,17
16473.71,0,98,19
17740.58,0,118,21
10081.61,1,123,23
13377.17,0,127,24
15114.51,0,101,16
12057.02,0,101,15
8854.7,1,105,20
15765.5,0,116,12
23202.45,0,136,16
17568.52,0,95,9
15727.77,0,134,25
13443.02,0,105,20
21711.94,0,82,20
14681.73,0,73,21
11339.37,0,121,26
7760.33,0,127,16
14274.71,0,120,20
12886.7,0,131,19
16881.01,0,106,30
13222.84,0,113,21
18343.82,0,103,17
13225.19,0,170,24
15821.49,0,79,27
15211.46,0,78,27
6859.32,1,75,16
21255.27,0,107,16
16384.32,0,58,12
19938.32,0,108,24
18589.95,0,122,4
18054.51,0,130,14
17913.45,0,103,28
19402.68,0,96,22
14498.74,0,111,12
19813.61,0,94,10
19830.99,0,107,15
16830.35,0,108,8
14084.33,0,86,26
11653.08,0,106,34
18185.73,0,106,17
9102.25,0,143,27
14328.84,0,113,20
10650.15,0,119,19
7518.89,1,105,20
14056.55,0,116,21
17012.75,0,66,26
9438.11,0,84,16
18309,0,110,18
14342.38,0,118,22
20832.02,0,110,30
20060.51,0,116,30
11240.59,0,112,16
10718.08,0,137,15
15300.01,0,59,12
24041.44,0,98,22
16084.6,0,122,17
21661.08,0,96,16
10428.9,0,72,24
26645.48,0,120,20
7077.48,1,80,14
16295.89,0,133,12
19858.96,0,109,20
9327.27,0,82,8
15416.93,0,94,22
19743.15,0,116,10
11419.78,0,114,27
9950.23,1,87,21
19374.34,0,127,22
6672.22,0,83,24
12194.27,0,97,22
12039.93,0,107,8
15052.77,0,80,21
1063.5,1,110,25
21664.1,0,53,16
15282.73,0,100,14
13165.59,0,98,8
13231.2,0,111,13
17438.21,0,116,20
18047.3,0,106,25
11119.15,0,90,19
14521.08,0,82,26
23867.05,0,100,18
11369.32,1,93,23
12118.09,0,141,28
14698.07,0,115,24
19537.12,0,98,22
17922.46,0.5,104,29
6819.59,1,92,25
19527.97,0,123,9
16204.4,0,95,25
4249.23,0,93,21
12817.47,0,115,16
14515.36,0,105,27
6435.82,0,96,19
23752.23,0,113,17
16579.55,0,105,13
14937.13,0,90,30
14444.77,0,113,29
14364.7,0,70,23
17721.48,0,105,21
15502.18,0,128,16
13099.68,0,100,21
16483.96,0,95,15
12570.57,0,113,20
16550.57,0,115,22
11005.57,1,84,22
14505.84,0,114,28
13656.06,0,80,16
14868.8,0,78,15
5505.58,1,88,16
28161.26,0,121,14
0,0,83,19
11245.81,0,76,28
4350.34,0,130,26
13639.68,0,108,22
18691.58,0,97,13
12026.74,0,98,20
7636.25,0,129,18
17512.21,0,89,27
15880.13,0,104,20
11534.51,1,81,23
17220.27,0,94,17
12397.75,1,136,16
3129.06,0,130,24
22097.6,0,86,20
13076.85,0,130,33
19950.23,0,105,19
16846.2,0,88,13
18333.21,0,91,24
16618.98,0,74,21
16582.28,0,95,21
14543.24,0,80,23
4244.15,0,92,27
18480.2,0,91,23
24021.24,0,134,29
6132.62,1,93,21
16276.94,0,82,24
14844.5,0,87,18
9354.01,0,110,17
15199.54,0,98,14
19589.58,0,93,22
20394.22,0,74,18
12470.61,0,104,18
17180.08,0,98,19
20210.79,0,103,15
10988.8,0,99,19
10318.58,1,97,13
8364.33,0,122,26
16986.83,0,107,18
10139.21,0,106,21
5515.23,0,119,19
7415.36,0,118,18
20749.13,0,98,18
16475.66,0,78,21
12873.72,0,87,17
16937.53,0,79,18
7686.84,0,62,19
7572.47,0,78,24
16241.06,0,140,23
18697.62,0,96,24
16947.78,0,100,23
9623.76,0,86,25
16283.34,0,72,17
7240.15,0,97,14
8101.14,0,105,17
17865.18,0,104,18
20296.2,0,114,13
5390.89,0,98,15
15314.51,0,90,22
12582.69,0,114,18
9151.74,0,105,22
11451.34,0,82,23
11112.14,0,93,14
20151.08,0,86,27
17452.58,0,101,13
12185.62,0,80,18
9791.65,0,104,19
8332.03,0,94,15
18554.81,0,117,17
11554.16,1,85,22
18189.24,0,73,23
13959.91,0,74,15
11850.3,0,111,11
18193.23,0,84,30
12096.31,0,91,18
22974.73,0,113,15
17881.98,0,91,20
17974.96,0,92,16
8918.03,0,111,22
21606.75,0,102,20
18854.92,0,95,19
12005.84,0,125,13
20901.85,0,116,22
20209.38,0,108,23
14614.56,0.5,93,14
10633.62,0,91,25
13768.08,0,108,27
16769.8,0,85,28
21241.81,0,99,15
10228.63,0,101,27
11148.34,0,92,6
10948.74,0,119,17
18079.83,0,73,22
17172.38,0,49,20
12469.04,0,92,31
4066.71,0,131,15
14880.66,0,87,30
14425.25,0,115,17
9402.43,0,134,20
11907.33,1,93,11
7844.89,0,116,26
19911.11,0,115,27
7558.67,0,121,20
10469.12,0,127,21
18693.67,0,129,29
11215.41,0,127,19
18606.74,0,83,17
20757.66,0,90,23
14030.24,0,97,33
16426.05,0,123,16
17358.14,0,120,33
22028.2,0,87,20
17241.19,0,101,22
15825.02,0,67,25
9019.98,1,108,14
8445.81,0,99,17
16061.23,0,115,23
18683.5,0,97,17
8035.67,0,135,10
13499.14,0,107,16
13883.97,0,108,19
4318.62,0,92,21
15808.52,0,135,22
23704.77,0,106,15
11744.43,0,88,26
18723.03,0,87,19
16670.37,0,75,13
22361.66,0,129,24
15099.44,0,76,22
12735.43,0,117,26
16772.95,0,123,13
14634.33,0,103,20
13011.81,0,123,28
11548.62,0,94,19
23467.57,0,87,6
17959.18,0,107,20
23394.89,0,99,14
13603.12,0,80,18
17519.77,0,104,15
9597.85,0,115,19
15457.25,0,109,15
10080.84,0,117,24
15003.97,0,82,23
13047.48,0,81,23
15921.9,0,69,13
17224.65,0,105,18
4732.44,0,140,25
9914.11,1,94,25
17843.66,0,141,23
20679.43,0,104,24
20969.92,0,75,21
11322.72,0,129,10
16842.5,0,100,22
16268.06,0,92,13
10342.03,0,101,14
10157.22,1,57,12
22083.79,0,105,17
12023.03,0,99,28
18008.13,0,77,21
17795.05,0,118,23
10274.67,0,87,22
5858.45,0,84,30
17252.53,0.5,129,12
13616.75,0,86,22
9386.94,0,133,28
21505,0,79,23
14511.55,0,116,29
20998.62,0,107,17
21464.56,0,51,13
13326.38,0,78,14
13840.39,0,105,24
13282.39,0,62,19
15164.37,0,114,16
15098.45,0,99,14
7222.31,0,125,17
9504.13,1,88,15
11768.66,0,106,17
8726.68,1,118,28
17950.78,0,113,22
21536.25,0,102,20
26780.24,0,82,27
14813.21,0,86,17
11388.54,1,91,21
12843.77,0,125,22
12253.86,0,117,30
21200.19,0,108,20
11830.75,0,99,14
15894.78,0,81,16
20564.4,0,78,23
23551.04,0,88,24
19389.61,0,113,24
18364.19,0,75,24
14932.02,0,96,18
22724.4,0,96,15
18933.01,0,106,17
12193.66,0,74,18
21336.26,0,72,19
10484.72,0,115,29
11099.08,0,112,18
16140.21,0,98,21
18973.25,0,99,19
15687.79,0,104,26
17572.55,0,101,16
11276.27,0,104,26
12719.4,0,73,16
18617.62,0,83,15
12692.98,0,81,21
10006.14,0,107,19
4376.75,1,88,11
17662.23,0,96,26
19075.35,0,135,31
16576.53,0.5,111,17
14296.14,0,117,23
18376.33,0,95,21
10976.03,0,114,16
6677.18,1,132,14
25315.42,0,102,19
9542.15,0,78,18
28173.99,0,106,15
16721.37,0,95,12
15218.08,0,94,17
4481.54,0,45,19
9613.86,0,69,23
28813.22,0.5,81,17
15949.76,0,67,13
15555.62,0,107,13
19179.03,0,103,22
7397.88,0,70,10
16734.74,0,90,18
21659.63,0,126,22
10879.14,0,93,19
16980.25,0,87,24
16464.98,0,83,24
18024.55,0,98,24
8600.77,0,70,22
21585.78,0,84,24
13876.17,0,88,19
8556.6,0,114,26
13364.86,0,124,12
10815.54,1,131,20
10142.17,1,79,18
21879.05,0,78,25
11963.64,0,145,18
16284.15,0,84,21
22202.52,0,79,22
5984.83,0,98,12
20132.88,0,153,15
17536.71,0,100,14
14022.44,0,121,31
16975.03,0,98,18
22652.29,0,106,24
14413.66,0,85,19
22501.95,0,104,13
14482.81,0,99,21
19164.1,0,61,32
15340.09,0,132,10
18032.45,0,91,17
9911.65,0,134,25
9421.54,0,88,28
10115.31,0,116,17
17301.91,0,126,16
16106.28,0,84,17
17138.23,0,83,26
17383.93,0,103,24
17937.72,0,134,30
12990.78,0,70,14
8804.66,0,116,21
9120.16,0,88,22
18124.78,0,61,20
10744.25,0,111,15
14282.82,0,77,30
14453.1,0,89,23
10768.55,0,126,21
18432.96,0,95,25
21571.55,0,112,23
9120.98,0,67,25
19045.41,0,93,36
14463.54,0,101,20
12136.35,0,104,20
16007.5,0,107,17
7670.38,0,71,20
16768.03,0,100,20
13016.78,1,111,23
11852.55,1,64,20
14707.7,0,93,24
6771.6,0,116,20
14539.51,0,111,15
24411.07,0,72,21
27025.27,0,88,19
18250.66,0,117,19
21277,0,96,22
19357.3,0,81,15
8394.75,0,121,16
11616.03,0,128,21
10404.78,0,87,26
9876.71,0,131,18
5788.67,0,117,14
8522.73,0,99,18
16041.85,0,98,20
22324.88,0,120,26
12523.78,0,81,16
6276.17,0,105,21
15478.86,0,122,22
9688.41,0,108,24
10259.42,1,95,24
16923.02,0,106,20
12546.69,0,94,20
16596.23,0,78,9
12868.69,0,100,25
13716.17,0,115,19
23218.98,0,102,26
15490.65,0,98,22
18840.58,0,101,18
24301.89,0,78,20
11156.26,0,129,27
9383.46,0,109,15
21138.7,0,111,28
16801.67,0,136,16
15660.12,0,124,22
18125.94,0,118,17
13784.4,0,99,24
7898.87,0,92,16
15871.57,0,123,18
16227.09,0,70,23
16424.41,0,114,20
7980.37,1,119,18
12064.25,0,111,18
10149.92,0,125,20
19698.46,0,56,26
21124.12,0,67,24
14815.2,0,89,17
9842.39,0,89,26
16975.13,0,108,15
13239.72,0,61,28
11194.84,0,168,22
22133.18,0,110,11
14278.85,0,97,23
16837.49,0,97,26
20777.07,0,103,13
17421.79,0,74,21
12185.88,0,108,21
14551.12,0,90,15
9636.24,1,86,16
9462.43,0,109,23
11916.59,0,79,15
11634.71,0,83,19
2920.11,0,114,16
9751.76,1,95,11
11788.54,0,90,19
22287.62,0,101,19
19387.73,0,81,16
11925.03,1,113,20
10595.08,0,77,14
15816.18,0,98,15
15577.69,0,110,20
18382.17,0,91,16
22081.36,0,121,19
20907.23,0,112,20
10624.94,0,83,23
13357.22,0,91,29
14201.11,0,142,19
7450.95,1,132,28
12282.59,0,146,20
19163.17,0,147,12
7509.73,0,119,21
18624.08,0,94,22
16977.69,0,54,11
14361.3,0,108,24
5139.45,0.5,72,17
17415.33,0,95,26
16284.64,0,87,18
10195.18,0,78,22
11350.07,0,122,9
4839.52,0,92,13
13395.33,0,81,22
16371.84,0,88,27
20353.11,0,94,22
14625.68,0,109,19
9018.68,0,83,16
16405.39,0,102,17
23408.56,0,98,24
15672.47,0,92,17
11889.66,0,88,16
20121.56,0,68,20
24775.87,0,95,17
5774.82,0,100,24
9620.7,0,111,19
15790.36,0,85,23
14317.13,0,89,23
17618.81,0,90,32
17496.36,0,65,22
10969.9,0,96,21
17689.59,0,110,22
12704.17,0,62,17
11664.81,0,118,21
15352.36,0,147,19
10843.97,0,97,21
21169.21,0,80,16
10636.19,0,109,17
11942.07,0,76,26
5583.81,1,129,14
8968.57,0,91,17
22456.22,0,106,24
15849.03,0,108,10
12247.05,0,129,12
15837.54,0,123,27
30000,0,81,14
12468.87,1,87,4
13302.96,0,56,17
22995.47,0,130,24
12339.87,0,95,21
8386.53,0,102,20
12955.71,0,104,12
13234.18,0,130,23
13726.7,0,94,27
12067.35,0,93,20
20427.75,0,71,6
6199.84,0,107,27
9390.98,0,101,29
17074.43,0,105,22
14999.44,0,58,30
10619.04,0,125,19
19068.15,0,78,19
20873.31,0,65,13
23263.85,0,108,10
23087.31,0,84,27
20755.69,0,134,24
16742.73,0,93,17
11749.66,0,77,17
8893.84,1,82,23
11477.78,1,104,28
10026.72,0,125,26
13646.69,0,97,26
19774.84,0,83,17
13922.14,0,92,22
9983.5,0,111,24
16521.02,0,89,19
8537.06,0,99,20
8667.37,1,106,21
12628.75,0,78,21
15055.43,0,107,19
9553.83,0,96,12
18621.45,0,104,15
17708,0,86,21
14382.36,0,97,20
8520.08,1,89,17
17709.98,0,80,21
17900.14,0,104,24
7801.1,0.5,94,21
19743.35,0.5,49,20
22038.89,0,111,19
14217.9,0,87,30
8921.2,0,101,17
23088.67,0,110,17
13353.09,0,80,19
0,0,64,18
22972.85,0,86,18
19211.19,0,110,18
8582.27,0,92,18
10551.84,1,79,27
15261.06,0,121,18
14476.45,0,97,24
13034.31,0,135,19
10276.35,0,115,11
4760.74,1,86,12
11864.76,0,104,19
13498.74,0,68,21
19802.72,0,134,26
14528.37,0,96,18
13261.79,0,100,17
9100.14,0,90,16
21162.14,0,95,22
12608.44,0,78,13
9317.39,1,92,19
16061.59,0,108,14
12927.62,0,94,17
12668,0,111,23
9917.02,0,72,32
28913.79,0,134,19
15780.51,0,78,21
18159.45,0,86,23
6197.74,0,85,14
3782.13,0,70,19
18990.83,0,86,20
6966.45,0,123,18
19601.36,0,83,15
10453.09,0,65,22
12377.01,0,92,13
14905.26,0,114,22
21754.81,0,133,26
8354.78,0,68,23
12999.54,0,77,27
16002.35,0,87,19
21374.39,0,125,20
11079.96,0,67,20
20176.81,0,96,21
7859.64,0,109,16
10239.48,0,103,27
11618.67,0,116,24
11599.61,0,109,14
10135.97,0,122,23
23057.83,0,106,20
14409.78,0,81,17
19087.57,0,73,21
6754.76,0,83,26
15168.82,0,117,25
20012.01,0,144,20
20697.04,0,90,17
20571.76,0,104,14
11364.55,1,98,18
10707.16,0,109,25
9768.56,0,75,19
25042.77,0,83,10
12484.51,0,91,28
12476.82,0,111,13
10804.67,0,161,19
14788.71,0,113,19
20205.63,0,54,14
13889.5,0,61,18
8856.94,1,88,24
8113.21,0,113,22
14637.34,0,112,12
7329.46,1,85,16
6032.69,0.5,113,12
15857.01,0,94,9
9023.92,1,110,23
5831.59,0,86,20
17445.49,0,120,11
12312.76,0,104,19
7089.39,0,151,23
17978.87,0,93,19
27673.77,0,126,24
13752.05,0,98,18
11937.14,1,64,23
14914.76,0,126,12
14459.34,0,105,18
15153.42,0,101,22
11476.53,0,118,19
20657.81,0,70,12
15499.77,0,79,15
6950.17,1,116,25
23410.47,0,73,28
13813.5,0,82,23
7735.92,0,102,18
11275.69,0,87,34
10839.41,1,108,29
14523.63,0,91,19
11975.07,0,100,20
17014.66,0,98,20
12944.31,0,129,18
16982.68,0,95,20
11017.88,0,111,14
11847.8,0,118,18
8784.62,0,117,11
14306.75,0,123,18
18881.06,0,117,11
15229.32,0,48,16
10614.38,0,88,27
9912.38,0,115,25
13810.82,0,101,30
10952.56,0,84,14
6715.72,0,92,20
12082.05,0,89,27
14235.85,0,90,15
14722.54,0,150,23
25615.37,0,107,25
14049.01,0,90,20
20839.72,0,121,19
20869.18,0,88,22
21503.92,0,108,13
14406.91,0,70,22
12440.7,0,95,26
14136.45,0,117,10
20596.73,0,96,21
14848.66,0,79,10
10296.04,0,88,22
18705.48,0,58,22
9209.8,0,90,16
15554.77,0,131,20
12327.21,0.5,135,20
12114.02,0,121,14
13476.35,0,120,18
4304.25,0,86,11
19899.91,0,111,26
9930.74,1,100,18
6925.35,1,71,22
24975.19,0,91,20
4325.79,0,60,23
24957.57,0,82,23
14828.31,0,99,10
9955.24,1,112,18
17809.19,0,81,28
23016.93,0,100,25
16803.17,0,94,22
12784.5,0,95,21
7787.45,1,107,10
8442.23,1,124,20
21637.72,0,97,15
19943.47,0,96,20
9904.83,0,133,21
24476.31,0,82,23
17671.94,0,91,25
15162.57,0.5,109,15
15975.98,0,123,20
23464.91,0,97,23
22014.57,0,92,20
12864.82,0,112,25
14694.37,0,135,15
15088.29,0,103,20
14631.7,0,103,20
14490.75,0,71,29
9816.94,0,79,29
9963.69,0,129,13
4829.89,0,91,12
11784.92,0,94,31
13627.61,0,98,18
10690.57,0,95,9
15287.37,0,108,20
14282.59,0,79,28
18838.08,0,89,19
22384.71,0,70,26
14394.74,0,101,18
15032.88,0,130,21
13105.85,0,81,23
22598.85,0,103,16
19784.76,0,88,27
17628.46,0,90,23
17876.19,0,141,22
16554.94,0,121,22
23780.2,0,110,20
21812.13,0,132,25
12368.82,0,125,14
4930.86,0,102,16
10090.58,0,108,30
12303.3,0,74,20
8599.68,0,71,28
9130.53,0,84,20
11913.17,0,127,20
11130.44,0,74,24
15887.07,0,106,20
13107.38,0,90,29
19383.97,0,128,23
7303.38,1,109,14
8861.7,1,86,18
15172.73,0,94,12
12823.31,0,60,14
8008.58,1,118,21
13978.07,0,140,25
18526.53,0,104,17
16766.64,0,56,21
15614.27,0,69,30
13731.57,0,109,17
15194.21,0,94,11
6811.55,1,82,35
11003.12,0,116,14
5748.99,0,133,15
23227.73,0,82,25
17370.48,0,105,31
17727.35,0,143,19
18041.37,0,121,19
20711.36,0,92,26
10284.66,0,130,24
7038.35,0,72,20
13963.62,0,128,35
15863.7,0,76,19
15015.85,0,112,21
15677.86,0,107,22
17521.8,0,83,27
15624.51,0,81,12
5003.99,0,93,23
10756.25,0,81,19
11294.84,0,117,15
13443.4,0,101,23
15782.61,0,111,16
20176.26,0,103,8
16364.76,0,119,29
13806.22,0,87,17
283.1,0,67,13
18406.78,0,76,17
17038.34,0,75,20
15211.74,0,86,24
16579.42,0,103,27
10855.55,0,111,16
3802.85,0,94,12
8627.06,0,58,24
20664.69,0,83,24
10375.14,1,92,24
21476.21,0,87,15
20661.31,0,74,13
9730.75,0,93,16
23550.93,0,121,15
21790.15,0,117,25
11640.45,0,85,18
9046.15,0,98,16
11844.09,0,94,15
11795.3,0,117,15
21726.39,0,101,16
9025.4,0,116,24
11149.58,0,78,26
12458.39,0,112,25
20318.84,0,92,16
11788.45,1,88,20
5475.8,0,70,7
13808.16,0,125,18
11260.22,0,141,17
11546.95,0,105,15
8312.58,1,122,18
20226.93,0,93,12
11037.98,0,102,18
13545.83,0,117,15
17436.19,0,99,22
13298.56,0,83,15
17536.64,0,121,21
20544.74,0,96,16
22862.93,0,84,37
10307.55,0,123,14
11175.2,0,109,21
13341.91,0,105,10
20309.75,0,68,24
15545.72,0,86,21
6645.1,1,90,20
20614.77,0,49,21
19712.23,0,41,17
8192.64,0,104,16
15170.35,0,89,21
11001.84,0,127,22
20121.39,0,106,25
17881.6,0,89,21
19869.28,0,82,19
13953.03,0,108,19
8561.61,1,91,25
21755.51,0,67,19
13232.29,0,98,15
12719.22,0,109,16
22240.67,0,106,19
20262.43,0,106,25
11871.71,0,106,30
10571.02,0,101,25
19214.47,0,96,24
15116.28,0,98,17
18791.84,0,118,15
19912.49,0,97,8
16753.08,0,72,18
11932.31,0,70,12
23177.61,0,92,28
18236.59,0,132,25
10086.28,0,87,23
24562.58,0,94,18
13405.87,0,105,17
16401.59,0,132,20
14311.17,0,101,14
13104.59,0,97,16
20855.89,0,96,24
17649.05,0,107,25
12926.95,0,115,22
12946.22,0,72,9
19436.76,0,108,26
11900.06,0,106,25
17840.8,0,83,19
15358.53,0,82,17
11882.84,0,145,17
18663.54,0,102,20
21924.16,0,82,25
16082.14,0,114,20
15242.36,0,118,17
24419.78,0,112,15
15692.4,0,91,12
16536.88,0,91,22
16485.58,0,77,11
18418.46,0,92,25
12832.58,0,74,17
17583.07,0,142,25
15277.41,0,70,18
19241.17,0,92,10
12998.3,0,121,15
17636.97,0,110,17
13373.07,0,60,25
11171.67,0,78,20
18326.05,0,56,15
19968.67,0,143,20
20629.02,0,118,20
9292,0,95,29
13869.51,0,101,19
11289.66,0,109,23
14665.17,0,92,20
20102.35,0,120,25
17566.78,0,72,23
22873.24,0,92,15
12475.55,0,115,17
26828.47,0,80,14
19132.77,0,124,15
17226.87,0,110,14
18559.13,0,97,20
22994.35,0,94,23
11453.18,1,119,18
21066.35,0,124,28
14193.91,0,88,22
14561.67,0,86,25
22132.2,0,96,17
17575.86,0,114,19
10496.34,0,122,21
14487.19,0,120,18
10595.53,0,120,12
17482.21,0,85,29
16883.72,0,121,31
12795.21,0.5,91,18
7696.2,0,84,21
15280.04,0,88,20
9968,0,56,28
14778.73,0,121,11
8836.99,0,91,19
7255.67,0,94,13
22530.59,0,96,22
19901.71,0,137,30
21536.61,0,112,20
14813.71,0,75,17
11000.19,0,71,19
16797.31,0,99,25
6419.8,0,132,16
8986.76,0,114,12
9451.61,1,105,13
17172.18,0,111,20
16089.66,0,107,16
6995.87,1,62,14
15317.85,0,72,15
22039.97,0,92,22
12943.45,0,102,16
19255.4,0,112,18
19702.02,0,100,32
25723.46,0,119,25
17851.67,0,97,14
15787.94,0,91,31
16066.51,0,103,23
17272.29,0,82,19
9408.4,0,63,27
19164.95,0,109,17
10824.23,0,128,18
5972.33,0,106,20
16264.6,0,110,25
12152.44,0,106,22
24188.44,0,107,30
14463.17,0,89,18
12659.91,0,89,23
19246.45,0,73,24
6111.06,1,81,21
22353.74,0,107,18
7308.36,0,105,11
4641.26,1,89,22
10734.57,0,118,22
17571.68,0,83,23
26728.01,0,111,25
14987.76,0,101,14
18208,0,92,23
14968.34,0,70,21
16063.78,0,109,19
10633.81,1,116,14
16287.47,0,117,20
11278.42,0,97,17
15421.09,0,100,30
19723.49,0,101,18
21969.83,0,71,29
19072.61,0,87,18
21540.16,0,92,24
8822.18,1,86,23
18817.57,0,107,19
11462.99,0,51,14
16841.31,0,86,23
8889.29,1,99,13
10296,0,92,16
9183.61,0,123,15
9950.13,0,93,25
6286.7,0,130,12
12704.36,0,102,27
16577.77,0,115,20
21062.6,0,79,14
15512.63,0,115,24
13989.15,0,115,22
6747.74,0,94,13
13371.23,0,96,18
6328.69,0,126,25
16258.16,0,65,14
18245.65,0,118,15
24067.61,0,75,12
10328.57,0,78,12
15565.37,0,98,15
12527.74,0,94,16
18605.35,0,120,12
11161.51,0,112,21
8301.39,1,131,24
20221.88,0,92,19
12455.64,0,122,27
6420.75,0,116,25
19782.16,0,149,19
23284.72,0,76,25
19096.06,0,85,14
18387.27,0,120,16
16996.22,0,78,23
22455.07,0,76,20
7765.91,1,129,24
14323.53,0,86,16
19359.88,0,84,20
18283.42,0,79,20
14745.09,0,71,19
9465.09,0,125,25
15103.31,0,88,26
13604.28,0,104,17
11559.92,0,139,21
21703.46,0,90,25
15794.41,0,92,27
16468.32,0,108,26
6515.66,0,112,27
20363.77,0,106,26
20570.6,0,97,25
13114.93,1,127,22
14429.78,0,120,22
16748.47,0,113,22
16372.96,0,96,8
13060.75,0,108,28
7996.88,0,96,29
14977.96,0,99,17
10811.59,0,93,21
11576.5,0,122,14
21042.87,0,93,14
19702.09,0,96,24
7994.19,0,122,10
12455.98,0,80,24
10457.52,0,107,25
20151.09,0,105,17
19427.99,0,105,37
13159.32,0,123,24
15842.22,0,118,20
9363.89,0,84,14
14929.47,0,73,20
16048.16,0,108,17
11836.14,0,98,20
14308.45,0,61,19
15381.92,0,102,7
8062.72,1,88,14
9480.89,0,111,13
16302.71,0,117,14
17433.71,0,79,9
12041.75,0,118,15
25013.61,0,100,16
16258.36,0,84,25
25815.53,0,98,21
20416.03,0,73,17
17674.78,0,69,23
296.22,0,107,20
10100.9,0,71,19
13494.96,0,88,24
7710.11,0,96,14
19562.25,0,117,18
7048.18,0,138,19
16878.37,0,100,14
14153.96,0,68,20
20583.34,0,99,19
16141.69,0,124,18
19365.2,0,99,26
10805.43,0,120,13
19133.27,0,126,25
18876.79,0,125,21
15653.38,0,100,18
23030.13,0,92,24
19335.1,0,94,26
14913.55,0,85,23
20886.73,0,103,22
20824.87,0,56,24
19802.1,0,105,22
7692.11,0,124,23
9952.16,1,102,21
18459.11,0,119,31
16905.38,0,140,19
27198.52,0,75,15
14130.33,0,46,23
11602.47,0,111,20
8210.89,1,106,17
17873.07,0,54,23
18402.34,0,114,28
23192.52,0,98,18
19148.89,0,84,18
11441.74,1,75,24
27051.91,0,87,20
9895.12,1,89,17
18455.57,0.5,112,13
19764.21,0,90,18
5778,0,97,22
14847.8,0,117,18
8540.56,0,136,10
16913.66,0,90,20
6417.42,0,74,15
8734.52,0,106,19
20469.66,0,127,19
9229.14,0,93,27
12555.28,0,68,20
10193.91,0,101,10
13027.14,0,97,20
15348.81,0,104,18
14609.19,0,63,19
15080.27,0,101,15
6788.84,0,111,18
15912.41,0,88,13
14757.21,0,100,14
19945.58,0,115,15
15443.99,0,95,25
19805.72,0,87,20
22381.43,0,70,10
13089.41,0,99,22
9348.22,0,92,26
11017.1,0,80,18
16459.87,0.5,140,18
15230.8,0,57,23
9421.68,1,54,23
11486.57,0,99,13
15697.83,0,119,17
8076.37,0,134,26
13770.27,0,103,9
14536.02,0,71,24
6665.01,0,76,19
12974.43,0,98,28
12891.17,0,108,26
9946.24,1,136,12
10974.52,0,86,23
8566.91,1,129,14
21472.45,0,92,21
13607.62,0,97,26
16772.42,0,75,17
14586.08,0,102,11
18369.63,0,118,19
15573.51,0,101,16
14934.33,0,130,22
22308.03,0,64,7
16315.2,0,69,20
13186.86,0,89,27
22369.96,0,82,21
14874.46,0,64,18
6005.85,0,80,17
20451.42,0,60,18
17539.88,0,109,15
14354.84,0,97,12
8241.47,1,111,26
16488.39,0,92,23
9128.96,0,113,14
12900.77,0,82,22
18476.31,0,105,23
15346.85,0,94,24
13002.39,0,80,27
13922.11,0,79,23
14656,0,85,15
19892.6,0,107,15
18180.06,0,82,23
10539.53,1,119,23
11049.98,0,120,20
24011.22,0,89,19
15239.15,0,100,21
11100.01,0,101,21
10235.38,0,110,25
19769.87,0,100,18
23269.51,0,92,17
10047.96,1,79,23
8386.75,1,111,25
8401.93,0,127,23
13561.37,0,98,29
14866.7,0,124,12
13620.51,0,104,11
4624.78,0,50,23
8916.53,0,120,16
10073.94,1,78,23
22007.19,0,76,25
14674.98,0,96,25
20164.74,0,99,22
15303.39,0,113,24
6696.26,0,89,17
20581.71,0,111,21
13070.11,0,123,27
12989.81,0,85,30
9539.04,0,54,24
20503.33,0,80,16
10442.12,0,105,23
26761.4,0,89,15
12216.53,1,97,16
7651.92,1,102,13
6078,0,82,20
8208.68,0,94,22
16447.98,0,106,15
9462.21,1,112,21
15320.71,0,114,20
23389.61,0,104,28
9709.39,0,89,21
7900.22,0,52,18
23262.67,0,121,22
13801.12,0,158,12
15701.59,0,87,27
11511.05,0,121,15
9757.64,1,84,19
8562.86,1,56,26
16318.74,0,81,13
8298.2,0,99,20
12113.06,0,86,25
16064.12,0,64,18
18138.89,0,77,21
17167.75,0,120,28
12980.09,0,115,26
17972.72,0,123,19
19277.71,0,119,17
15303.53,0,70,18
12747.14,0,111,21
12612.74,0,132,14
14071.99,0,84,21
15461.84,0,123,16
17726.23,0,107,22
2543.17,0,85,19
19851.04,0,101,24
18425.21,0,94,12
8035.7,1,100,18
18034.57,0,88,30
17198.37,0,131,14
15385.81,0,124,18
17139.5,0,107,13
12940.61,1,137,18
13511.46,0,135,18
17905.81,0,83,23
18778.71,0,124,21
16354.65,0,117,17
16679.3,0,96,14
11793.29,0,100,19
10131.6,0,93,20
16624.95,0,131,17
20042.85,0,73,21
17193.91,0,96,23
9453.52,0,127,15
13417.4,0,109,21
19198.81,0.5,137,15
16257.72,0,96,17
15367.93,0,110,16
8703.43,1,109,21
19035.78,0,84,18
11625.8,0,88,32
20669.17,0,78,20
20905.44,0,79,27
10978.61,0,144,23
13409.36,0,128,23
22596.25,0.5,65,20
17722.48,0,71,20
10857.47,0,71,21
12105.24,0,88,15
18214.78,0,89,16
14713.45,0,100,24
7380.35,0,102,16
11897.57,0,94,28
10834.61,0,106,25
7210.08,1,66,15
11587.2,0,100,15
14522.07,0,109,25
18538.99,0,105,21
15909.53,0,115,16
7900.01,0,128,20
19926.95,0,119,19
7473.23,0,113,19
11350.13,0,55,20
12390.79,0,97,12
14601.75,0,94,19
6527.09,0,103,17
11428.26,1,78,22
12018.16,0,96,12
10263.1,0,105,19
22320.23,0,93,24
10319.16,1,92,18
22707.51,0,109,20
15347.95,0,97,22
21556.27,0,101,23
13411.53,0,88,8
23498.22,0,100,27
15974.24,0,120,32
16498.42,0,127,18
12074.8,0,69,13
18207.01,0,123,29
14322.73,0,80,22
9687.65,0,67,16
10938.71,0,101,29
21267.06,0,133,20
14343.5,0,87,13
15900.6,0,101,14
10153.62,0,98,13
18583.72,0,73,22
18534.31,0,70,19
17414.11,0,89,17
12752.73,0,127,31
10861.31,0,104,15
6240.85,0,127,22
23303.84,0,115,12
10640.94,0,131,10
18492.92,0,116,19
21457.32,0,125,18
13127.37,0,75,22
13485.02,0,75,33
17391.32,0,88,19
12820.26,0,82,18
13570.42,0,92,10
8603.76,0,88,25
6638.48,0,96,16
27702.47,0,116,21
14542.61,0,129,11
5179,0,93,22
13344.24,0,125,16
15711.67,0,112,18
13191.79,0,94,24
13707.69,0,66,22
18317.25,0,105,25
10753.22,0,106,19
16619.13,0,44,23
20231.55,0,83,16
15207.33,0,96,22
27499.67,0,92,13
11565.04,0,80,21
15969.04,0,71,22
13116.19,0,95,25
16789.98,0,91,23
11489,0,78,20
11109.97,0,86,23
12318.33,0,121,15
9900.31,1,90,31
24212.53,0,119,17
10768.72,0,86,31
21902.76,0,111,20
12075.48,0,117,18
20902.42,0,72,16
9686.92,1,98,24
10937.74,0,83,20
11850.74,0,125,22
9360.81,0,95,25
6987.6,0,115,27
13851.41,0,90,24
21031.41,0,106,14
14424.71,0,109,22
10894.51,0,96,22
19874.44,0,97,27
11024.1,0,105,26
16115.15,0,91,17
13603.85,0,82,17
15558.18,0,122,21
14735.23,0,117,19
21625.51,0,108,25
13172.01,0,115,12
27331.33,0,93,17
25611.07,0,92,22
11015.72,0,91,14
14949.87,0,88,18
18714.83,0,89,27
14015.16,0,99,19
13599.72,0,114,22
16678.56,0,71,15
20583.99,0,110,27
20912.4,0,119,17
17437.02,0,86,11
15216.01,0,108,15
16508.35,0,57,19
8578.78,1,122,21
20373.91,0,91,21
10695.31,0,84,17
16009.84,0,127,27
15355.14,0,131,30
20630.22,0,120,21
14567.13,0,107,17
17542.31,0,83,19
16238.87,0,83,21
13167.94,0,86,23
7340.03,0,117,21
18978.94,0,82,21
18343,0,107,26
10205.08,0,137,14
13560.13,0,110,20
21131.16,0,98,12
21985.82,0,95,24
18950.48,0,110,16
16460.65,0,83,19
16626.59,0,84,25
28419.61,0,77,16
12379.65,0.5,121,24
19120.06,0,79,15
19351.31,0,93,27
9418.76,1,106,19
14912.33,0,113,23
14570.05,0,107,22
7810.36,1,102,19
15622.5,0,68,21
9801.92,1,95,23
16324.78,0,95,24
5809.58,1,116,24
9551.04,0,88,22
16479.77,0,100,19
21133.39,0,115,20
12378.23,0,92,21
11876.14,0,79,28
10394.07,0,61,17
13535.74,0,83,22
14354.06,0,103,33
19947.53,0,106,26
17273.11,0,98,13
3377.61,0,116,20
14997.65,0,112,12
19988.56,0,66,23
19418.32,0,92,17
13597.65,0,70,20
14862.13,0,117,17
6505.98,0,54,20
12985.72,0,91,21
12174.05,0,109,27
25460.13,0,81,13
16312.44,0,100,16
9834.13,1,57,27
12269.54,1,106,22
9835.39,0,106,18
13362.28,1,77,18
8227.54,0,120,16
20128.07,0.5,93,13
16203.22,0,114,25
15495.57,0,105,28
15394.8,0,118,17
16160.26,0.5,100,12
15132.88,0,105,26
21686.64,0,96,21
13532.81,0,77,16
16389.53,0,95,19
14911.58,0,72,16
17719.33,0,108,24
22541.54,0,112,21
12374.09,0,132,17
20494.18,0,87,22
6693.22,0,96,21
11237.07,0,73,18
17468.49,0,103,21
12154.04,0,95,18
11630.47,0,102,18
14153.89,0,152,24
15860.59,0,118,26
5862.47,1,83,23
18616.27,0,94,14
15293.52,0,106,15
10336.81,0,100,27
17006.49,0,118,23
15744.2,0,85,15
17320.8,0,79,18
6569.36,0,103,16
24516.36,0,107,28
14599.08,0,75,20
17558.4,0,147,15
14980.14,0,88,28
6076.77,1,124,17
17786.74,0,106,24
15258.72,0,96,23
13704.05,0,120,13
20651.37,0,159,13
15849.54,0,103,21
8634.55,0,112,19
10089.6,1,80,24
21698.31,0,110,11
8856.31,0,92,17
7914.87,0,136,19
21158.8,0,60,23
7974.48,0,49,25
15972.16,0,112,16
8245.75,0,92,16
20521.65,0.5,105,22
14912.44,0,125,24
17399.16,0,110,24
14093.62,0,87,18
14364.49,0,70,22
13208.38,0,126,32
16272.24,0,58,21
12660.64,0,110,16
14330.6,0,108,30
19096.6,0,72,23
17985.01,0,81,23
22382.68,0,82,23
14607.55,0,86,28
17562.85,0,115,18
12916.14,0,113,17
11113.6,0,103,16
7156.4,0,92,17
9104.35,1,125,18
11344.04,0,131,24
4375.42,1,97,38
5369.76,0,115,14
9896.23,0,123,21
16839.97,0,76,20
9294.49,0,122,15
18487.69,0,116,29
20844.09,0,109,25
16503.01,0,99,20
16037.03,0,116,21
19342.4,0,102,17
13474.23,0,73,20
4326.84,0,122,20
4009.87,0,95,20
16031.35,0,75,23
19702.27,0,137,25
17828.85,0,86,26
14724.65,0,75,21
16169.43,0,103,26
12920.73,1,79,17
13751.55,0,70,19
13079.93,0,123,22
17849.63,0,66,25
21172.16,0,97,24
8889.35,0,118,27
22605.72,0,58,24
9260.62,1,113,13
17684.96,0,94,28
11470.03,0,96,17
14351.69,0,77,18
15804.17,0,87,11
14489.94,0,84,24
17727.92,0,96,19
13729.79,0,82,20
21258.16,0,103,19
15128.61,0,74,18
17291.46,0,65,14
13221.99,0,108,20
14461.24,0,101,13
12500.65,0,82,17
18309.84,0,123,28
18288.9,0,116,28
5372.07,0,111,26
11035.79,0,121,16
9958.96,0,129,23
20740.69,0,88,25
14457.93,0,103,23
11808.51,0,101,14
21231.16,0,92,23
11901.7,1,97,11
20413.36,0,82,17
7936.01,1,94,18
13330.95,0,88,14
8698.91,1,116,19
13328.85,0,41,15
12988.04,0,113,24
15333.53,0,75,19
12319.46,1,91,19
10303.14,0,92,26
18527.95,0,148,14
19770.76,0,84,11
16286.73,0,85,21
14677.83,0,112,22
12700.87,1,101,18
14877.31,0,65,23
20538.62,0,81,30
10962.33,0,58,20
14786.31,0,107,27
9270.6,0,123,16
21501.86,0,92,21
20988.5,0,81,22
16619.25,0,71,19
21071.41,0,124,7
18185.12,0,86,21
17849.59,0,93,24
12863.24,0,70,27
10682.89,0,97,16
17086.59,0,57,16
15483.28,0,110,12
18202.22,0,69,18
23033.09,0,91,16
8342.14,0,121,15
10151.63,1,122,15
21422.01,0,111,14
17195.14,0,107,16
12662.54,0,128,20
10633,1,123,24
18056.13,0,82,19
15536.65,0,98,20
18333.36,0,102,22
13197.1,0,87,21
14979.83,0,125,27
12715.65,0,83,23
20785.8,0,80,17
18547.31,0,136,21
4256.54,0,119,10
15186.74,0,78,27
9333.97,0,63,17
16758.39,0,89,24
15300.44,0,82,20
8423.36,0,103,23
13826.1,0,127,25
11270.53,1,105,21
15951.82,0,94,16
18482.77,0,99,21
22414.32,0,95,26
16829.3,0,74,18
17334.53,0,83,21
11986.26,0,101,22
19154.6,0,120,21
16179.02,0,86,20
9423.11,0,113,27
16728.01,0,121,24
7566.67,1,119,17
26094.53,0,125,20
13135.36,0,115,15
13817.8,0,100,20
12876.18,0,90,17
15324.48,0,79,19
16346.81,0,103,17
16785.79,0,140,24
8709.09,1,103,15
21704.47,0,112,26
9775.85,0,79,16
17368.98,0,115,18
21663.48,0,117,23
15126.86,0,123,21
14262.77,0,120,16
11111.11,0,112,11
14972.15,0,105,24
8448.93,0,111,19
2666.56,0,129,19
12007.56,0,94,20
14512.21,0,92,14
14686.66,0,88,22
12708.83,0,98,20
2797.87,0,104,19
9146.14,0,90,23
17085.72,0,96,14
17371.97,0,125,17
21713.77,0,87,25
15219.02,0,87,22
0,0,116,30
17220.15,0,120,18
10545.96,0,87,13
11827.41,0,75,22
15465.85,0,102,29
11324.45,0,84,6
20898.06,0,79,19
15754.06,0,120,15
11478.67,0,126,13
9006.41,1,134,28
5900.22,0,48,25
12195.43,0,97,19
11045.81,0,127,32
8211.48,0,93,24
13152.3,0,68,28
11364.12,0,122,26
14672.48,0,105,22
14538.46,0,119,21
8114.55,0,114,26
12789.97,0,91,32
12251.28,0,125,24
14286.41,0,102,22
22964.34,0,109,21
15994.74,0,134,27
16001.46,0,70,29
12028.02,1,90,26
17087.18,0,114,24
13203.23,0,89,16
28057.25,0,65,27
14767.01,0,75,15
16902.86,0,119,24
3359.1,0,97,19
21097.08,0,101,13
8812.25,0,105,18
15979.52,0,134,21
10072.69,0,90,27
20559.53,0,99,19
19910.12,0,123,8
13932.73,0,110,33
19765.07,0,83,18
5742.43,1,68,30
20026.09,0,114,23
25984.83,0,97,24
12557.72,0,113,23
15811.55,0,79,21
10555.11,0,129,15
21745.55,0,105,21
14539.68,0,119,13
15015.03,0,88,24
20630.14,0,67,17
10701.02,0,105,24
10387.43,0,66,20
12671.66,0,91,17
21263.4,0,139,28
16506.29,0,97,28
11516.03,0,101,19
11662.13,0,128,24
184.61,0,98,20
9466.61,1,115,21
15705.72,0,97,24
17546.11,0,113,29
14884.11,0,101,25
5911.49,0,121,15
5469.91,0,72,15
13891.97,0,112,23
9646.65,0,90,25
3906.69,0,82,10
12161.03,0,104,24
16048.22,0,81,25
13177.15,0,86,29
21015.53,0,114,17
12062.39,0.5,74,29
16704.23,0,120,24
16879.15,0,104,22
12807.19,0,114,23
13543.05,0,100,24
17561.1,0,82,24
11802.99,0,82,26
18098.94,0,97,19
24764.66,0,75,20
14923.68,0,96,25
15047.84,0,96,14
16662.24,0,147,16
14372.07,0,102,22
15747.69,0,67,20
16625.48,0,101,17
11573.29,0,106,32
16774.22,0,86,27
10879.03,0,93,24
11273.94,0,76,22
7126.45,0,117,22
20315.21,0,118,23
9952.27,0,91,25
25945.19,0,111,26
16608.09,0,109,20
2334.67,0,101,19
25888.04,0,128,21
16509.9,0,93,20
13900.49,0,92,25
23006.68,0,61,20
7921.85,0,93,23
4552.19,0,105,5
21777.31,0,88,18
19063.13,0,70,24
14612.09,0,91,16
20289.89,0,105,18
7147.88,0,87,31
9922.25,1,79,31
15667.85,0,128,28
25503.46,0,113,26
15649.73,0,120,13
18308.08,0,89,25
9195.44,0,103,19
9831.83,0,123,13
19902.65,0,89,28
14147.01,0,64,15
16705.4,0,85,25
16677.57,0,111,17
14482.81,0,108,23
25768.72,0,101,25
23435.06,0,103,11
17540.54,0,128,26
12039.12,0,76,26
15326.68,0,134,22
16550.05,0,110,19
11388.55,0,78,22
13819.21,0,75,24
11991.54,0,103,21
13774.05,0,90,16
20130.67,0,110,20
9202,1,125,12
11172.68,0,112,16
14525.61,0,62,15
9806.73,1,53,22
18203.93,0,131,22
22436.44,0,77,14
8656.49,0,96,22
18767.25,0,100,20
22658.08,0,94,21
5698.74,0,112,25
11971.16,1,78,18
16062.13,0,82,16
23467.14,0,118,19
24419.63,0.5,73,26
8124.26,0,92,11
8042.91,1,100,9
16781.53,0,101,22
25051.27,0,114,10
15876.77,0,138,23
22671.59,0,110,23
8071.24,0,92,20
7617.45,1,104,16
24002.6,0,83,26
12159.88,0,92,21
11378.17,0,98,17
14824.39,0.5,97,24
19366.25,0,109,20
9288,1,96,18
13620.89,0,117,18
9892.47,0,146,30
8124.74,0,104,20
10594.73,0,84,25
15956.27,0,75,25
10589.67,1,125,25
13129.2,0,89,20
10666.04,0,94,22
9732.74,0,111,24
11458.75,0,97,22
17317.06,0,102,23
17540.84,0,108,13
16478.15,0,122,22
19242.37,0,56,29
16620.29,0,128,22
24212.15,0,106,20
18929.25,0,97,14
18970.24,0,76,18
17403.78,0,99,32
12396.02,0,111,23
15068.45,0,115,14
22356.92,0,112,24
9588.09,1,96,28
14252.15,0,92,17
11880.49,0,117,15
14027.66,0,127,17
20118.28,0,125,19
7186.58,0,107,26
14630.08,0,97,18
11143.95,0,115,12
11660.71,0,95,19
26575.83,0,101,16
7869.16,0,122,24
10975.37,0,99,20
18822.22,0,88,24
11772.72,0,120,22
9395.94,0,92,29
18788.03,0,76,23
11344.63,0,99,14
10931.74,0,96,18
13899.45,0,113,16
14430.48,0,128,21
16024.41,0,86,26
7942.49,0,129,24
10781.7,1,87,15
14294.07,0,109,25
20039.4,0,92,23
20672.63,0,75,21
14291.56,0,115,18
9368,0,142,25
16186.21,0,111,33
15023.72,0,63,18
19977.23,0,115,20
10033.84,1,97,18
7894.75,1,61,16
10544.24,1,69,17
20270.42,0,84,24
10286.54,0,86,20
8687.87,0,92,21
16984.3,0,76,14
20186.58,0,110,25
15479.84,0,102,21
11258.75,1,88,19
11268.81,0,127,11
18960.84,0,122,24
10830,1,135,16
21469.95,0,131,25
21044.83,0,71,16
7794.76,0,147,16
14284.83,0,92,19
21653.14,0,89,32
9418.55,0,97,18
14534.07,0,78,20
16254.99,0,94,19
11550.69,0,115,33
14716.61,0,125,15
12558.05,0,83,19
11815.69,0,127,27
15575.18,0,105,26
16816.69,0,102,31
18241.71,0,99,20
21962.26,0,103,22
12709.38,0,118,20
12475.63,0,72,17
16718.21,0,107,16
13291.36,0,135,19
15332.76,0,136,14
8018.46,0,78,19
18829.84,0,93,14
13126.67,0,95,22
9060.25,0,114,25
11827.94,0,118,24
7605.75,0,119,16
12941.5,0,120,29
12320.84,0,124,15
9601.66,0,67,27
27455.59,0,118,27
15898.96,0,98,23
11772.67,0,92,23
911.32,0,134,18
7600.3,0,79,20
14263.93,0,72,21
7731.48,0,121,21
12468.05,0,116,20
5374.46,0,97,11
26857.04,0,109,15
23316.8,0,96,16
12102.93,0,93,9
16700.77,0,99,26
14920.17,0,93,26
14182.21,0,114,23
17432.55,0,124,28
20651.54,0.5,108,22
10597.47,0,88,24
13437.84,0,79,28
24174.49,0,101,27
19330.41,0,93,17
14412.51,0,89,13
6723.42,0,109,25
15472.95,0,95,19
10821.16,0,91,24
9521.14,1,121,15
18261.99,0,102,29
19952.74,0,105,23
8792.81,1,112,25
21722.22,0,98,18
20266.95,0,68,17
11765.57,1,92,21
18477.12,0.5,134,19
11096.45,1,140,20
6783.47,0,78,19
12714.26,0,118,22
19016.55,0,98,21
2131.33,0,110,20
11781.24,0,91,17
9419.26,0,100,15
0,0,114,8
16346.69,0,94,26
18974.92,0,81,26
20017.81,0,104,19
4438.63,1,96,22
11424.47,0,88,23
17419.07,0,99,21
20127.43,0,108,19
10940.79,0,144,24
12221.47,0,58,17
14352.37,0,111,15
13058.35,0,77,19
12558.8,0,98,27
14920.83,0,132,24
14547.54,0,80,26
16594.32,0,71,17
18936.21,0,84,27
13153.57,0,104,28
14692.97,0,149,24
15109.83,0,109,26
13999.61,0,57,19
10966.73,0,80,28
14299.55,0,112,26
11447.46,0,87,23
15246.48,0,85,15
18591.25,0,64,21
14790.24,0,81,22
10923.97,0,102,27
7125.52,1,103,15
4940.64,1,103,27
11974.44,0,85,16
7432.16,0,99,12
25137.81,0,127,27
15204.84,0,90,17
8476.38,0,92,22
8187.21,0,79,24
13102.71,0,80,20
20384.63,0,105,21
13805.59,0,78,13
16373.17,0,91,25
7451.67,0,124,17
20146.98,0,124,21
18457.32,0,106,20
10983.52,0,103,11
12003.64,0,77,10
8556.35,1,122,15
26446.2,0,72,17
7357.58,1,122,21
13933.11,0,80,21
5355.79,1,74,13
17593.98,0,115,16
12451.49,0,89,20
21995.2,0,86,27
16027.33,0,105,23
13722.84,0,92,20
24363.24,0,80,28
7576.53,0,73,14
23907.82,0,88,23
17232.42,0,114,18
15263.06,0,117,17
14924.51,0,113,24
8035.99,0,102,13
10259.63,1,106,18
14409.92,0,64,12
4121.02,1,69,14
8077.18,0,98,21
15327.15,0,99,14
24212.53,0,83,21
7009.64,0,129,18
5967.96,0,98,19
11857.36,0,101,19
14390.39,0,104,16
14042.21,0,82,25
17570.5,0,102,28
20236.69,0,113,24
27125.72,0,113,25
14464.84,0,117,17
10820.85,0,142,22
15301.57,0,79,17
20590.95,0,80,16
8140.18,0,82,22
15090.7,0,98,20
13450.02,0,74,18
8263.1,0,105,21
19587.94,0,101,19
14086.37,0,70,21
15001.07,0,136,31
20917.82,0,85,23
21126.73,0,92,24
15025.23,0,137,16
12792.4,0,91,22
22814.11,0,126,21
15502.36,0,115,23
14925,0,74,16
8297.25,1,115,24
15870.82,0,74,22
15522.93,0,97,14
16723.13,0,94,20
12195.57,0,101,23
18189.21,0,103,16
10911.28,0,113,12
13637.14,0,119,15
19776.97,0,101,18
15394.08,0,57,19
7244.14,0,113,23
22755.59,0,95,26
10277.54,1,112,15
22005.17,0,103,18
14313.57,0,89,24
8114.05,0,77,10
17999.21,0,131,21
5815.18,1,122,16
24201.7,0,106,21
16648.12,0,107,34
14268.6,0,85,28
10907.98,0,83,24
11594.18,0,82,10
13889.41,0,120,22
22245.46,0,133,14
19276.33,0,109,26
13805.91,0,108,23
15690.95,0,114,28
6762.44,1,94,22
19383.75,0,80,16
11567.3,0,96,19
9727.3,0,115,17
16381.16,0,100,18
21532.59,0,70,20
10331.18,0,109,21
15836.48,0,102,8
6909.11,1,99,12
5375.45,0,123,18
17133.33,0,93,16
9922.1,0,73,15
14409.05,0,101,21
9055.57,1,111,17
10922.09,0,92,22
18560.07,0,123,23
18378.06,0,92,23
11807.13,0,73,23
17146.63,0,108,19
16588.8,0,53,19
10372.17,1,95,21
13854.31,0,60,25
22193.21,0,89,21
24711.3,0,88,18
15085.03,0,120,20
20062.07,0,74,26
15487.34,0,153,24
13249.87,0,61,13
21166.82,0,96,15
13683.46,0,108,20
20384.67,0,70,14
16227.08,0,91,26
20274.6,0,106,23
11689.09,0,130,22
20220.45,0,134,19
20285.9,0,108,22
21556.18,0,117,21
8257.69,1,102,32
12703.89,0,92,17
13763.15,0.5,135,23
17541.15,0,104,19
11228,0,101,23
11757.77,0,109,26
23312.65,0,82,24
12864.44,0,133,15
7491.44,0,104,16
6222.7,1,47,21
17564.96,0,103,23
19162.92,0,118,27
9221.17,1,93,15
6715.89,0,127,9
15866.19,0,92,23
6594.12,1,97,16
20474.8,0,92,19
17538.58,0,95,9
18907.14,0.5,125,19
11875.36,0,91,21
14061.94,0,68,23
16930.91,0,116,26
9757.61,0,125,24
19461.62,0,109,20
8094.48,1,84,21
4699.28,0,101,26
19600.77,0,131,27
13522.51,0,77,29
20412.16,0,132,26
11042.58,0,122,15
13467.48,0,103,25
15549.19,0,91,17
14825.21,0,115,23
17714.53,0,75,28
18067.39,0,82,15
21378.7,0,129,18
11443.4,0,95,25
10494.96,1,95,16
8381.04,0,84,20
25098.43,0,122,15
11963.82,0,104,19
13911.42,0,123,19
18552.71,0,137,20
12229.78,0,77,25
0,0,104,20
19661.26,0,79,31
8181.25,0,108,23
9410.92,0,97,5
9579.74,1,88,20
15178.16,0,121,18
23124.77,0,96,29
19011.66,0,58,28
20037.99,0,76,24
10071.87,1,95,24
15033.78,0,91,16
11108.94,0,101,14
13240.69,0,96,17
8886.32,1,133,14
13359.99,0,66,18
15920.96,0,91,24
15067.54,0,91,15
17305.84,0,113,27
15437.06,0,91,20
7041.9,1,142,21
18038.12,0,92,23
15913.12,0,104,25
12250.84,0,130,26
9508.43,0,114,14
24045.89,0,99,18
14647.84,0,109,23
24242.04,0,69,16
10395.12,1,57,16
23266.21,0,56,16
21968.5,0,142,23
17860.68,0,97,21
11797.77,0,86,24
13957.62,0,115,21
14506.53,0,120,20
11894.75,0,95,20
12759.77,0,69,21
12213.79,1,72,23
14690.68,0,126,20
13314.71,0,83,23
17007.45,0,134,16
15006.66,0,115,22
17030.78,0,97,20
10239.18,0,124,13
17971.36,0,73,21
9929.94,0,94,14
16624.99,0,124,15
3854.07,0,83,14
16809.97,0,80,22
13141.88,0,87,12
11103.04,0,131,20
12009.2,0,134,25
22257.7,0,79,20
13879.57,0,103,19
23879.59,0,119,21
15321.54,0,107,20
9954.51,0,105,14
16088.61,0,100,23
12279.87,0,91,23
9567.16,0,127,20
13809.02,0,106,25
8387.61,0,86,28
14249.48,0,68,17
20844.37,0,75,16
15776.9,0,126,10
21511.59,0,97,12
24618.01,0,113,22
24057.81,0,80,20
15344.99,0,114,25
15847.35,0,116,17
22337.43,0.5,136,26
7019.39,0,67,22
0,0,88,22
11093.49,0,97,19
18831.3,0,68,26
14599.13,0,62,17
12119.46,0,136,22
11220.06,0,108,18
5759.64,1,115,13
12362.95,0,61,18
18621.9,0,133,9
16447.48,0,102,19
16490.9,0,143,22
8624.85,1,115,20
8856.46,1,135,19
13732.62,0,101,13
19528.95,0,86,25
8280.69,1,73,12
16949.35,0.5,81,27
12254.95,0,85,32
10295.23,0,149,14
18111.27,0,74,17
19855.84,0,90,20
14686.5,0,115,18
21064.05,0,105,20
8139.28,1,98,11
17937.01,0,128,27
9562.15,0,121,15
18512.24,0,96,21
22030,0,109,26
8718.56,0,107,32
9916.5,1,81,20
15774.74,0,91,10
4066.38,0,100,15
11481.14,0,96,21
17984.25,0,89,27
10169.86,0,80,15
15422.56,0.5,100,27
0,0,84,17
16547.28,0,101,25
16877.6,0.5,92,28
6770.68,1,74,20
18745.75,0,93,28
21044.26,0,102,16
16543.22,0,103,14
15354,0,99,14
11954,0,139,26
16540.77,0,54,19
10597.07,0,129,18
6409.38,0,79,18
22351.55,0,101,21
16454.28,0,87,15
17044.37,0,88,29
13180.3,0,124,19
18935.38,0,94,23
12107.12,0,84,22
16821.03,0,112,17
17421.7,0,86,14
23009.54,0,73,20
14398.53,0,111,10
13471.55,0,80,17
22060.35,0,83,22
13598.31,0,114,19
15449.93,0,105,22
13294.73,0,86,10
19273.12,0,67,12
9574.76,0,113,31
19189.27,0,120,18
12820.28,0,83,24
20653.3,0,68,22
9098.21,0,125,24
18273.18,0,116,9
11392.7,0,116,14
11827.63,0,71,19
26832.79,0,108,25
18183.36,0,90,16
8462.52,1,129,18
10426,0,101,24
11817.78,0,116,13
13530.91,0,97,18
12247.91,0,139,22
8962.64,0,71,12
19212.49,0,77,29
19294.79,0,79,26
10077.57,0,105,16
19479.01,0,79,34
14387.71,0,115,19
21466.65,0,94,15
21221.45,0,102,28
6435.33,0,70,23
6641.58,0,102,27
8493.39,1,92,19
20612.73,0,97,21
14495.82,0,126,24
14588.23,0,71,23
18047.24,0,84,25
9188.6,0,123,19
6321.03,0,111,25
21882.38,0,88,20
15793.12,0,112,15
21535.21,0,119,16
13749.86,0,92,22
21840.84,0,114,24
2040.1,0,115,27
13897.49,0,70,18
20805.36,0,86,26
14613.96,0,120,26
6698.94,0,89,24
15455.87,0,100,25
16107.18,0,85,17
21145.81,0,102,19
8303.61,0,110,18
14616.78,0,88,28
19197.64,0,89,32
2462.67,0,97,23
22428.8,0,78,24
21554.31,0,113,19
15996.76,0,97,21
4797.49,0,112,27
14693.16,0,110,23
11885.1,0,82,15
21868.12,0,79,18
21802.49,0,98,12
25288.16,0,80,20
14211.28,0,86,18
7919.72,0,120,19
13477.17,0,122,25
16805.25,0,137,23
11830.6,1,105,22
9990.02,0,99,15
10344.53,1,96,18
16338.28,0,98,19
9526.04,0,65,21
15403.7,0,94,13
17634.59,0,116,27
17081.97,0,92,31
18259.33,0,77,17
17101.36,0,83,23
14562.89,0,90,21
14403.42,0,74,21
12221.33,1,104,20
9288.14,1,110,25
4788.99,0,108,20
17177.48,0,120,26
12733.62,0,109,23
17255.9,0,96,24
14923.75,0.5,106,24
20743.94,0,85,14
10152.43,0,76,26
17024.94,0,96,19
13484.65,0,90,19
15914.05,0,114,21
12225.44,0,81,27
16570.24,0,89,18
17417.16,0,152,20
9388.44,1,78,25
16978.04,0,111,11
16268.52,0,113,30
8309.05,0,122,19
7548.19,1,118,13
9193.28,0,90,13
12735.02,0,102,18
16613.93,0,63,18
14263.18,0,112,30
9550.5,1,82,15
17331.13,0,95,19
23127.81,0,156,23
15923.07,0,102,22
15324.78,0,130,22
12186.81,0,87,19
14142.33,0,63,17
9303.59,1,57,25
11703.25,0,107,14
20702.49,0,119,16
6768.66,1,86,29
24039.39,0,143,16
16880.24,0,106,29
7631.3,1,97,21
5088.03,0,94,23
9745,0,145,24
19598.65,0,101,18
16178.56,0,75,19
7053.5,0,85,29
17991.35,0,97,21
14952.11,0,119,24
17743.55,0,96,16
15043.67,0,111,15
12869.2,0,43,18
18260.23,0,112,23
12975.33,0,130,21
18265.3,0,110,14
8360.41,0,63,21
20194.97,0,72,25
14096.15,0,109,20
10542.68,0,92,20
14395.06,0,82,28
14081.72,0,72,13
14842.1,0,104,29
15660.07,0,64,23
19600.1,0,100,17
19046.17,0,121,12
11145.75,0,113,25
15567.28,0,128,25
27061.97,0,98,21
11911.28,0,84,20
16482.15,0,96,23
17711.07,0,107,26
10067.28,0,124,22
16745.14,0,108,19
20048.46,0,82,12
18237.95,0,110,18
18312.32,0,89,20
10738.02,0,69,18
16785.94,0,78,28
23571.47,0,123,14
11511.32,0,104,22
20790.13,0,86,19
18092.53,0,105,19
10042.83,0,100,19
11678.32,0,123,22
17429.66,0,112,23
14608.42,0,154,31
17578.79,0,63,25
11270.07,1,94,16
7786.21,0,101,27
21993.83,0,98,28
18376.24,0,90,18
22146.75,0,103,26
9453.09,0,116,27
20025.43,0,88,14
17014.32,0,78,23
17983.26,0,92,9
14665.39,0,101,29
20127.53,0,77,20
8762.26,0,101,14
8756.1,0,131,20
6875.52,0,140,24
11868.2,0,73,18
9764.46,0,112,14
12419.05,1,129,18
9760.47,1,90,14
23045.92,0,93,18
21153.58,0,106,21
9461.82,1,109,23
15455.79,0,68,19
26193.94,0,134,33
19657.43,0,110,28
10207.71,1,98,17
20158.25,0,97,22
19721.52,0,83,9
14179.92,0,108,24
7215.42,0,103,17
13838.33,0,139,20
8967.1,1,99,27
11396.9,0,98,23
11979.91,0,109,23
12916.59,0,72,24
17779.14,0,156,19
16430.17,0,91,7
11931.84,0,89,25
20744.41,0,57,19
2500.27,0,93,23
17105.34,0,86,18
18450.62,0,96,17
3642.49,0,131,23
20018.78,0,59,26
13720.7,0,108,15
8817.71,0,108,24
19450.12,0,82,24
10656.5,0,90,29
15902.53,0,122,18
15803.17,0,89,25
11698.82,1,68,21
14840.07,0,86,17
10895.88,0,118,14
14620.43,0,67,18
8457.31,1,85,17
9915.28,1,112,25
12592.21,0,109,16
9191.36,1,126,31
12928.69,0,106,13
23100.8,0,89,18
13831.1,0,92,11
7095.62,0,81,19
13598.39,0,63,31
24436.78,0,96,33
10779.36,0,90,15
11519.25,0,85,25
16917.05,0,99,17
16342.77,0,99,20
18945.87,0,133,23
19755.4,0,128,23
19004.92,0,92,21
12603.76,0,101,25
9868.27,0,106,16
12146.83,0,100,22
9601.18,0,123,20
2540.94,0,97,20
20043,0,133,24
13506.8,0,96,21
16572.41,0,61,20
14012.54,0,85,24
20762.9,0,127,17
16635.01,0,89,17
17421.55,0,114,19
18530.44,0,74,16
20311.13,0,118,23
18021.95,0,73,13
9229.53,1,118,20
12154.78,0,137,18
17054.97,0,100,21
10853.03,0,119,25
12050.72,0,113,27
14611.55,0,84,21
6236.16,0,76,22
14822.11,0,139,22
7534.64,0,93,4
13209.89,0,85,19
9347.12,1,123,20
5637.11,0,105,22
12693.37,0,82,31
17415.74,0,80,22
22673.52,0,67,30
8246.94,0,120,29
20185.65,0,70,22
11727.76,0,73,9
9080.8,0,125,13
6293.56,0,101,19
14150.4,0,86,21
17145.94,0,106,22
6014.63,1,93,23
7877.96,1,82,22
19469.65,0,107,18
20088.34,0,129,24
11926.15,0,135,20
17603.95,0,88,17
12998.22,0,110,19
8515.06,1,88,20
18642.93,0,81,7
14155.69,0,68,20
12565.72,0,112,18
12318.61,0,88,15
19696.43,0,96,19
12567.9,0,76,17
7051.74,0,100,27
9847.58,0,133,23
17458.86,0,103,20
3677.94,0,92,21
12583.38,0,103,14
14577,0,116,21
10797.24,0,94,17
15968.82,0.5,99,18
17361.72,0,75,19
16970.39,0,150,23
9142.01,0,117,15
18237.45,0,117,13
8207.54,1,97,19
20306.48,0,89,13
14010.57,0,115,14
14157.84,0,80,22
8444.1,1,119,16
12588.31,0,124,18
9593.03,0,101,26
3587.38,0,115,20
14532.75,0,119,14
14643.7,0,104,19
17867.44,0,83,20
16978.98,0,91,27
11130.87,0,90,23
9131.15,1,75,15
20755.54,0,129,28
14174.94,0,127,9
10971.21,0,103,21
22660.36,0,68,19
11415.39,0,89,16
17898.23,0,98,22
13940.52,0,125,11
12488.25,0,56,16
14895.61,0,142,24
9784.03,0,106,20
4623.89,0,92,21
15243.37,0,122,30
8402.34,1,87,17
11174.4,0,107,19
20006.15,0,93,18
14674.62,0,101,23
16047.51,0,101,26
13546.59,0,62,17
18002.89,0,113,24
19643.8,0,124,17
17103.39,0,128,18
18524.05,0,124,22
11264.29,0,88,18
12965.21,0,98,20
14992.29,0,112,23
9878.89,0,116,20
23654.76,0,115,14
19231.06,0,93,24
13690.76,0,93,21
18577.18,0,121,16
19541.63,0,87,27
22610,0,109,18
5923.92,0,98,23
14640.45,0,116,19
17058.21,0,106,24
8028.02,0,71,19
14273.42,0,82,15
17153.99,0,79,21
15006.39,0,99,20
7922.66,1,100,24
18472.52,0,113,19
11947.03,0,96,24
17045.05,0,96,20
15645.22,0,74,18
10174.2,0,114,12
12578.69,0,134,23
27624.84,0,112,12
6754.48,1,124,29
18121.51,0,88,31
11831.75,0,81,20
11099.56,0,105,16
16458.4,0,115,14
18329.01,0,93,24
8944.82,0,116,20
21205.9,0,106,21
13426.24,0,125,13
10205.84,1,97,23
12007.35,0,123,14
10515.61,0,90,24
19076.36,0,80,16
21009.62,0,134,25
8763.55,0,86,22
19932.98,0,115,18
13162.99,0,92,22
20986.27,0,92,22
20256.03,0,81,21
2941.31,0,78,21
18440.81,0,80,29
15875.16,0,118,16
17119.98,0,117,16
11911.37,0,93,28
22396.23,0,141,26
22339.44,0,106,19
17360.09,0,103,5
12445.58,0,136,25
8502.67,1,105,26
15497.54,0,92,20
4110.37,0,82,22
7490.87,0,95,22
7775.22,1,111,28
8394.21,0,85,13
17564.92,0,101,17
20243.9,0,109,15
13446.27,0,135,17
15638.37,0,127,26
20045.16,0,78,13
18468.96,0,119,13
8220.77,0,126,13
28042.43,0,109,16
15464.45,0,75,17
13414.77,0,114,20
27570.09,0,95,31
14911.85,0,132,21
4227.4,0.5,79,16
9797.99,0,96,30
18659.6,0,68,25
9880.38,0,110,19
21546.73,0,71,18
16592.64,0,77,24
8907.19,0,105,22
14599.82,0,106,17
14944.13,0,116,20
13859.42,0,100,22
7211.46,1,94,27
21458.04,0,122,22
16511.04,0,72,23
8169.03,1,56,18
11932.36,0,105,20
9859.43,1,62,16
14663.38,0,98,28
11881.37,0,87,25
10946.86,0,103,19
22785.45,0,99,18
10212.27,0,98,23
11076.75,0,117,30
8126.14,1,67,25
9822.91,0,84,14
6904.47,0,90,16
18942.39,0,86,21
6058.51,1,115,25
16879.81,0,120,20
18981.19,0,82,14
9075.23,1,91,17
16014.45,0,69,19
21050.94,0,76,17
8159.73,0,114,20
7110.07,1,115,25
20132.73,0,115,21
18879.99,0,145,12
14466.85,0,125,19
10994.45,0,107,19
9745.3,0,78,22
11382.5,0,79,24
12628.27,0,103,16
12486.3,0,101,18
6305.88,1,95,23
11736.83,0,149,10
19010.44,0,90,22
12891.86,0,105,18
7479.92,1,80,19
9320.76,0,99,19
15913.84,0,95,24
17445.86,0,113,15
12452.9,0,111,21
20984.45,0,107,13
20081.57,0,102,18
4275.31,1,86,22
13340.19,0,107,17
8913.23,0,105,26
13499.14,0,108,18
17135.08,0,81,19
12421.68,0,102,26
19582.82,0,103,17
6716.72,1,102,23
11828.05,0,50,25
20426.1,0,128,18
8428.33,0,146,17
9957.94,1,115,19
14833.02,0,123,27
21927.98,0,125,25
20489.25,0,87,23
14593.31,0,110,21
13467.96,0,58,15
10891.6,0,114,24
20545.37,0,111,18
14963.01,0,127,18
20139.94,0,92,22
13431.96,0,108,21
11873.25,0,136,21
14560.42,0,121,15
17416.74,0,88,24
12903.81,0,107,26
6394.53,0,107,10
11389.94,0,89,18
11663.72,0,90,22
14211.54,0,145,16
15686.12,0,109,19
6273.89,1,80,17
18722.66,0,116,27
13731.13,0,94,8
20253.79,0,109,22
18738.04,0,98,11
16757.2,0,99,24
18781.63,0,88,13
10546.67,1,115,22
16367.89,0,89,16
25967.1,0,71,21
14286.65,0,115,23
11826.27,0,104,22
10389.83,0,69,14
14077.5,0,141,22
7364.09,1,79,19
13124.77,0,66,19
18561.01,0,87,14
13333.06,0,113,22
8263.59,0,59,21
15662.85,0,93,22
13390.98,0,92,17
23078.23,0,92,16
10745.24,0,105,20
14096.95,0,110,22
17978.45,0,111,29
17847.06,0,88,18
17926.19,0,96,15
11101.28,0,99,24
20209.72,0,84,20
10333.5,0,85,21
7756.13,0,104,19
16186.68,0,74,18
16974.12,0,82,20
12775.85,0,87,16
19432.36,0,109,14
13700.43,0,98,27
24342.06,0,109,25
10494.19,0,84,20
11280.97,1,129,24
16958.85,0,55,11
10822.1,1,84,19
8194.53,1,112,22
13771.82,0,81,14
7869.94,0,86,27
20418.35,0,121,11
16331.02,0,106,14
18464,0,99,18
21301.6,0,124,18
9799.73,1,109,19
20151.27,0,139,21
23227.73,0,75,18
18669.29,0,111,28
25218.95,0,101,17
8021.31,1,116,22
17727.51,0,101,20
18101.5,0,115,26
16985.08,0,110,27
17448.78,0,126,24
16701.34,0,80,19
19194.75,0,124,19
21060.77,0,61,19
18942.57,0,122,24
16860.55,0,79,11
23732.89,0,97,17
11483.47,0,68,24
15707.35,0,107,23
16161.01,0,131,15
8541.91,0,87,23
13343.5,0,111,18
9782.75,1,95,20
18986.62,0,114,20
11112.6,0,98,22
14178.04,0,108,16
14518.92,0,69,22
21231.48,0,143,19
8312.55,0,117,21
7579.98,0,118,19
18549.21,0,127,25
25826.77,0,101,14
14562.96,0,61,18
8341.1,1,101,22
19498.49,0,91,22
4621.69,0,81,16
10994.96,0,122,25
10444.64,0,113,18
6542.27,0,96,21
11099.46,0,93,11
6012.09,1,119,16
20597.28,0,92,16
16624.77,0,130,24
15842.73,0,104,14
21832.94,0,123,22
21685.06,0,135,12
17708.36,0,90,25
8061.42,0,91,19
19766.21,0,112,21
8095.36,0,120,18
8516.02,0,61,26
19237.23,0,75,18
13367.97,0,117,14
13870,0,86,17
15662.85,0,102,24
9457.53,1,124,22
13452.67,0,126,19
20442.08,0,95,29
20594.25,0,127,24
20235,0,127,9
3305.44,0,101,27
11661.9,0,110,22
16427.3,0,104,30
10307.57,1,97,25
11617.85,0,135,21
11753.39,0,85,25
17991.88,0,93,24
9075.3,1,106,15
13428.25,0,90,18
13984.26,0,88,18
9420.14,0,73,21
13575.67,0,89,13
13999.02,0,101,27
6865.35,0,116,32
11862.12,0,91,16
17963.75,0,90,19
20407.03,0,87,24
17725.38,0,75,20
13057.18,0,133,14
15024.85,0,108,22
13764.78,0,92,18
18659.13,0,112,22
13262.08,0,110,7
16727.58,0,95,22
26156.35,0,87,18
16090.36,0,111,18
5452.84,0,114,19
19511.61,0,73,20
6246.46,0,79,19
9600.08,0,97,19
6996.87,0,114,24
11844.89,0,54,18
18680.77,0,83,20
13938.55,0,103,22
18120.33,0,95,31
11537.76,0,113,24
15940.74,0,86,25
15086.28,0,101,32
22162.28,0,105,16
18375.18,0,119,23
13208.51,0,121,24
8150.85,0,96,24
23771.5,0,93,23
8255,1,70,25
7294,0,84,23
14642.32,0,91,17
18031.05,0,102,22
11569.02,0,62,25
17627.12,0,127,16
10629.92,0,103,26
15567.71,0,88,19
16000.52,0.5,103,16
15365.39,0,83,20
8621.11,0,111,23
12363.22,0,71,19
9224.04,0,121,30
19150.45,0,105,22
7992.25,0,128,16
20635.73,0,106,15
9216.07,0,106,27
10469.87,0,88,11
12751.59,0,123,21
8800.73,1,104,24
7027.45,0,128,29
7564.89,1,102,17
17254.46,0,112,16
15775.53,0,111,14
18439.46,0,117,22
20066.3,0,88,16
16375.22,0,112,27
5326.17,0,140,18
11367.95,0,114,28
3999.21,0,112,22
16262.02,0,108,13
18213.2,0,56,23
22516.47,0,118,23
10874.69,0,120,12
10066.65,0,123,29
15900.36,0,91,21
15417.48,1,122,28
7458.02,0,89,20
16688.35,0,100,20
15280.54,0,74,13
19183.88,0,135,20
18713.4,0,92,20
8573.05,0,114,17
13455.91,0,71,10
15220.93,0.5,104,19
12763.88,0,95,20
22974.21,0,87,31
8101.31,0,101,13
7925.47,1,109,19
12269.7,0,93,16
17409.57,0,123,28
18361.86,0,118,17
8772.59,1,103,15
10984.19,0,118,26
18859.7,0,112,25
23804.11,0,89,19
18050.4,0,116,26
17067.18,0,130,18
18139.7,0,99,27
13455.48,0,106,26
13106.06,0,92,17
4414.34,0,99,21
14523.28,0,109,17
10634.43,1,96,22
16475.77,0,122,17
9193.21,0,94,9
15711.43,0,88,20
13874.64,0,126,26
22690.43,0,103,31
13841.2,0,107,22
9821.45,0,120,24
9476.28,0,112,15
6214.32,0,95,20
12790.27,0,96,18
14051.09,0,122,13
8002.09,0,114,27
17666.62,0,105,25
19326.9,0,100,19
16834.07,0,95,20
13960.62,0,123,21
18394.6,0,111,16
7425.89,1,112,22
16218.16,0,79,22
21900.7,0,84,19
11212.83,1,103,20
7082.23,0,100,32
11949.71,0,102,16
15441.21,0,107,29
17127.33,0,122,31
10894.24,0,107,23
12193.28,0,126,19
11593.55,0,100,23
7077.62,1,97,19
17684.15,0,80,28
19698.46,0,103,15
17443.12,0,79,17
9772.86,0,135,22
27999.5,0,49,22
10377.24,0,53,20
13295.03,0,91,9
21625.32,0,97,23
15006.92,0,62,16
11049.48,0,99,23
10697.98,0,74,25
7773.29,0,94,19
10385.34,0,103,15
21121.03,0,133,23
12705.8,0,92,16
15293.69,0,71,26
13865.99,0,111,28
16563.05,0,110,14
17126.23,0,108,16
11929.26,0,100,18
16494.52,0,107,21
13466.31,0,84,17
9659.75,1,87,19
8318.41,0,94,18
14315.56,0,104,22
3009.76,0,99,18
16039.98,0,85,21
22799.87,0,122,7
9872.49,1,117,21
9293.59,1,137,23
14192.78,0,114,23
15487.56,0,123,24
11906.6,0,132,24
27194.17,0,63,15
20598.61,0,91,14
21304.49,0,77,21
11556.82,0,118,28
14059.86,0,66,29
15641.22,0,73,21
19883.08,0,96,19
13729.78,0,102,15
14698.67,0,115,18
10774.2,0,94,25
8955.28,0,124,20
15261.81,0,49,15
5654.1,0,119,24
11016.23,0,88,22
21187.18,0.5,80,21
10920.1,0,69,21
6832.75,1,131,20
12193.59,0,88,17
10619.01,0,106,15
10113.01,0,113,25
16422.33,0,100,24
22111.01,0,100,17
18975.17,0,118,22
12093.4,0,96,24
15797.15,0,121,24
10711.57,1,89,11
15401.61,0,83,19
22596.81,0,55,25
15712.21,0,103,11
9124.94,0,131,15
10201.93,1,116,19
8765.6,0,92,27
11477.14,0,148,13
15225.19,0,71,26
16628.38,0,104,17
7759.19,0,98,23
16592.64,0,123,19
17708.46,0,76,23
23643.29,0,87,21
15144.2,0,69,22
19370.28,0,117,28
20412.22,0,86,22
11401.01,0,97,19
9214.12,0,84,21
22144,0,89,19
17770.47,0,82,17
15869.72,0,110,21
14637.88,0,67,22
11050.84,0,69,26
9986.13,0,96,19
12746.83,0,117,13
14312.53,0,115,25
15291,0,89,18
12951.48,0,88,19
18517.49,0,84,18
20853.74,0,106,14
18402.66,0,142,25
7209.22,0,115,20
9684.66,0,106,16
17697.96,0,107,22
16453.98,0,119,26
24010.08,0,113,20
18335.96,0,117,14
18432.97,0,141,18
8956.06,0,112,18
18938.67,0,122,14
30000,0,113,24
12720.26,0,121,20
12580.72,0,114,22
16732.41,0,123,11
13976.34,0,90,25
22178.37,0,96,24
15393.44,0,97,22
14614,0,99,20
18707.51,0,95,21
9008.93,1,91,12
12532.5,0,90,20
13398.1,0,105,14
11452.18,1,85,22
14316.82,0,115,21
11374.08,0,119,27
18119.42,0,85,16
15132.09,0,153,23
11621.38,0,83,27
12456.7,0,126,20
13737.43,0,119,17
23628.6,0,83,13
21243.49,0,113,29
12040.81,1,98,18
14914.36,0,93,22
22760.9,0,119,15
11449.7,1,101,22
18498.9,0,126,20
12207.92,0,105,17
6589.92,0,98,30
12435.23,0,115,20
7218.97,0,120,23
10394.14,0,116,15
8803.97,0,97,17
17655.87,0,95,20
11345.63,0,113,18
6505.9,0,113,24
16835.16,0,113,26
17650.28,0,72,12
27648.79,0,63,14
21974.41,0,75,26
10424.99,0,91,16
9215.94,0,102,20
20561,0,73,12
10925.46,0,74,20
9777.4,0,87,22
13401.83,0,109,31
5492.29,0,102,24
11913.91,0,62,18
22690.69,0,87,10
19709.06,0,95,21
8474.91,0,129,28
2758.25,0,126,17
12745.66,0,99,21
7384.14,0,96,21
18562.63,0,77,16
10646.28,0,83,8
15204.28,0,74,25
14115.11,0,98,19
14834.96,0,91,17
7133.33,1,95,18
9197.04,0,98,24
15481.2,0,94,21
21530.52,0,88,21
3286.55,0,102,23
13365.74,0,135,26
14708.77,0,102,17
15732.94,0,93,22
18977.85,0,84,24
23354.95,0,147,14
10958.46,1,108,18
20951.57,0,75,21
9961.79,0,65,19
14340.77,0,114,16
19811.59,0,110,21
20326.56,0,111,15
12794.82,0,103,14
17283.47,0,109,20
552.18,0,88,23
12826.39,0,133,13
15715.19,0,88,24
2390.54,0,94,21
18612.19,0,106,21
18515.99,0,116,25
13709.53,0,111,14
18190.13,0,83,28
13161.78,0,118,14
16877.49,0,109,20
18705.66,0,87,16
14518.06,0,109,24
18006.09,0,95,21
12728.94,0,111,30
15620.87,0,64,27
21919.11,0,92,14
6506.15,0,71,24
22171.3,0,85,22
14026.68,0,133,27
9225.24,1,124,15
13012.4,0,135,20
18256.79,0,112,13
10325.63,0,119,23
15301.96,0.5,96,22
17052.75,0,117,19
18463.09,0,61,15
18413.99,0.5,137,25
13124.25,0,101,15
15537.81,0,89,23
11945.49,0,97,23
9810.14,1,81,14
7953.94,0,88,23
17720.97,0,69,24
9137.52,0,74,19
16654.79,0,123,9
19010.92,0,72,21
11640.72,0,100,20
10652.43,0,90,24
15984.18,0,117,21
21769.1,0,139,30
10964.2,1,90,26
15790.24,0,122,19
21895.47,0,90,19
13678.81,0,100,19
11336.81,0,111,24
10453.75,0,97,16
13591.57,0,127,17
25217.45,0,120,31
20137.27,0,120,19
21543.94,0,75,21
18178.99,0,120,22
15429.51,0,91,28
21295.31,0,95,16
9867.3,0,113,22
8253.64,1,121,23
18412.58,0,75,15
18752.02,0,114,16
13386.3,0,117,19
7470.3,0,94,20
22964.32,0,99,16
9003.33,1,78,22
12533.2,0,104,16
18115.76,0,49,17
18438.99,0,91,21
13071.7,1,88,15
5589.41,1,129,18
16456.32,0,97,17
8242.01,1,128,17
15144.01,0,80,15
8744.2,0,119,18
23363.82,0,101,22
7493.96,0,118,18
15239.29,0,103,16
7813.71,1,102,24
12979.53,0,95,22
6965.91,1,77,24
10275.91,0,109,28
21708.42,0,77,19
13086.18,0,113,20
26955.15,0,85,11
13396.69,0,125,18
20492.15,0,87,16
11770.63,0,120,19
26800.84,0,120,25
18211.58,0,69,24
22228.78,0,51,17
13834.3,0,93,18
24731.01,0,78,12
17113.68,0,107,31
7812.35,1,139,19
15013.24,0,96,29
17450.96,0,92,21
17768.37,0,136,18
13908.38,0,120,11
23068.25,0,115,19
15921.52,0,85,19
13705.2,0,85,19
9214.63,0,72,19
15024.56,0,137,16
22764.31,0,102,14
18661.99,0,105,23
24584.9,0,103,29
10764.74,1,97,21
11073.34,0,103,11
7879.33,1,103,18
9780.37,0,81,19
11719.89,0,120,16
14637.26,0,97,16
10233.43,0,105,23
21555.88,0,104,23
9717.82,0,138,23
17425.98,0,109,13
20129.3,0,101,16
8621.52,0,71,24
18536.84,0,129,13
14939.74,0,95,21
10416.04,0,92,21
8769.63,0,97,25
15059.07,0,76,22
21277.1,0,106,19
17036.57,0,86,17
10295.19,1,97,18
2604.65,0,100,17
15074.27,0,100,21
20095.99,0,62,16
22335.44,0,110,19
22510.01,0.5,91,23
18655.66,0,91,16
7636.7,0,118,22
14572.06,0,83,19
8068.64,0,155,18
17651.04,0,108,20
15939.9,0,136,17
7210.51,0,100,17
14414.73,0,131,23
20228.37,0,80,20
14247.35,0,116,18
10796.23,0,118,24
21099.88,0,133,22
18365.25,0,80,18
7564.28,0,138,15
12673.07,0,88,26
14733.92,0,85,20
13533.15,0,67,24
16576.91,0,94,22
23273.65,0,94,12
11092.39,0,101,22
15943.59,0,123,17
12671.47,1,86,14
12051.9,0,108,26
7324.18,1,127,23
8170.73,0,122,22
15348.88,0,109,33
21850,0,95,19
20689.17,0,99,9
10912.22,0,94,17
15014.95,0,65,25
17566.91,0,122,20
19804.47,0,83,4
20877.58,0,137,25
15581.7,0,101,21
15868.11,0,61,14
10696.84,0,81,22
9791.85,0,90,16
14381.83,0,73,17
16481.46,0,99,24
9009.18,0,98,21
3994.88,0,58,13
21811.76,0,118,17
17592.12,0,124,18
8979.59,0,85,21
12412.35,0,79,20
10942.75,0,106,15
6370.34,1,95,13
12359.83,0,108,15
20516.01,0,43,21
19170.93,0,109,31
18482.9,0,124,27
14076.57,0,96,26
14198.56,0,127,20
13462.12,0,124,15
8849.79,1,100,20
9823.66,0,112,17
13178.96,0,75,20
22997.78,0,105,16
13138.15,0,81,27
9079.01,0,112,16
18643.93,0,63,23
17900.19,0,80,18
21087.35,0,119,32
18969.44,0,92,21
16307.47,0,116,20
11221.16,1,90,18
24366.57,0,124,20
15238.55,0,128,21
15479.68,0,63,16
11578.73,0,131,25
11580.49,0,98,8
17796.59,0,96,20
9481.17,0,107,20
20644.78,0,70,21
17469.92,0,95,23
14727.71,0,65,28
15004.51,0,142,25
18851.31,0,119,24
18209.79,0,99,23
17707.1,0,83,18
19816.04,0,104,25
17794.11,0,122,24
9944.9,0,118,10
23905.98,0,111,16
14834.02,0,96,18
9633.86,1,84,20
19195.54,0,69,15
10989.48,0,102,18
18739.58,0,123,24
8362.59,1,88,20
6543.64,1,110,19
4280.63,0,79,18
7108.62,1,145,26
13410,0,126,25
12164.04,0,114,25
3812.68,0,132,23
30000,0,113,20
13101.7,0,94,23
5830.77,0,96,20
15119.83,0,62,15
22347.22,0,97,17
6707.17,0,101,22
11048.51,1,124,18
19192.75,0,105,24
8476.56,0,102,28
12826.52,0,95,19
15615.06,0,122,21
16684.12,0,73,26
8612.14,0,82,15
8974.52,0,58,18
19379.66,0,85,24
17938.67,0,123,12
16869.35,0,106,26
20132.57,0,83,22
9197.31,0,65,28
22764.74,0,94,19
3668.51,0,88,14
18634.47,0,109,23
11442.51,0,123,19
22256.94,0,127,16
16585.7,0,80,22
10849.15,0,103,23
9452.42,0,130,15
25688.84,0,103,22
18145.38,0,91,19
16142.56,0,74,19
13308.02,0,106,22
10355.23,0,65,25
17642.08,0,135,22
12624.25,0,111,25
16576.78,0,117,21
13594.78,0,115,13
11189.89,0,112,22
13290.97,0,82,25
22204.09,0,124,26
18201.8,0,89,28
22953.56,0,94,17
14356.4,0,108,20
17742.17,0,115,23
16121.44,0,94,16
20717.11,0,90,13
10554.64,0,71,23
18314.27,0,109,23
11083.27,0,123,28
6302.21,1,103,19
12875.62,0,105,23
13992.73,0,95,15
16282.49,0,90,12
11414.9,0,138,27
9347.03,0,92,10
9838.85,1,61,20
12437.63,0,82,25
8179.19,0,88,10
17785.84,0,92,17
19147.38,0,111,21
14383.71,0,86,25
20241.34,0,93,16
17958.46,0,112,18
1759.56,0,101,23
13100,0,110,24
20370.18,0,105,16
18417.28,0,112,16
13846.7,0,79,23
19054.35,0,77,23
15920.63,0,83,30
10421,0,113,18
18661.71,0,35,25
6305.52,1,109,13
10993.04,0,117,11
12833.97,0,89,29
13377.2,0,127,20
15077.26,0,97,23
20486.5,0,102,17
14809.8,0,108,14
18983.22,0,79,20
15691.3,0,84,20
0,0,60,9
9518.82,0,52,23
7690.79,0,109,17
15918.78,0,84,24
9550.68,0,79,20
18111.26,0,92,17
7049.17,0,75,20
9565.81,0,96,22
18374.58,0,62,20
16667.78,0,81,27
13622.08,0,95,21
17263.48,0,101,19
15308.82,0,81,20
13527.94,0,120,17
18855.14,0,120,24
11695.24,0,123,16
4566.37,0,89,26
10899.28,0,98,21
12831.57,0,122,21
17565.18,0,83,22
18272.79,0,129,24
11700.24,0,95,24
16879.58,0,91,13
3054.33,0,89,24
19976.83,0,120,20
17654.68,0,84,22
24513.57,0,118,24
16597.83,0,105,15
15075.38,0,127,18
14806.87,0,105,21
10591.42,0,82,14
12198.41,0,107,18
11861.55,0.5,105,10
5926.06,1,90,15
17935.03,0,116,23
7046.07,0,78,13
16055.49,0,77,22
11386.83,0,101,29
19024.24,0,95,10
21431.61,0,116,13
13152.48,0,106,22
15242.16,0,90,15
7932.63,0,119,10
17487.62,0,98,37
23338.85,0,97,19
10469.11,1,112,16
16883.01,0,88,17
11203.64,1,94,23
9985.25,0,112,17
11815.15,0,81,29
16072.79,0,86,17
15541.85,0,86,19
18601.3,0,91,16
7438.04,0,111,29
20170.44,0,91,23
14204.73,0,110,20
5917.09,0,72,14
11070.9,0,118,22
10420.59,0,64,22
9330.31,0,86,22
10443.15,0,132,25
18663.63,0,92,18
10517.55,0,97,18
21756.97,0,117,19
15019.13,0,90,23
11855.66,0,104,22
8927.96,0,131,22
15619.88,0,61,17
14547.95,0,114,16
10516.29,1,120,21
14852.08,0,87,16
19354.31,0,104,32
9134.05,1,91,24
5411.49,0,92,15
18193.54,0,85,20
18712.88,0,91,24
15285.99,0,90,22
17735.85,0,81,25
21780.75,0,100,14
18803.59,0,107,20
11998.69,0,122,19
16733.74,0,101,10
7255.38,0,105,19
13718.87,0,92,21
18706.9,0,79,26
3120.86,0,76,24
19328.23,0,106,14
16877.79,0,55,22
17586.02,0,67,28
23689.87,0,133,30
16649.56,0,117,25
20679.98,0,65,22
22838.26,0,108,20
23616.58,0,92,14
17231.63,0,93,14
14084.95,0,74,18
21722.02,0,116,26
16624.5,0,119,21
15160.04,0,108,23
16823.42,0,107,22
17139.22,0,109,25
17296.44,0,114,26
17948.04,0,125,15
21329.24,0,87,24
14991.67,0,128,21
16143.06,0,95,15
16742.62,0,97,23
18779.59,0,95,25
13983.24,0,117,15
14064.77,0,96,17
13608.35,0,68,20
11941.64,0,79,22
1779.38,0,101,25
14508.15,0,97,22
14459.46,0,125,14
7961.69,1,82,28
11615.08,0,124,19
13713.55,0,89,20
11302.6,0,148,29
19959.49,0,88,22
17537.67,0,66,27
22097.19,0,157,15
15638.37,0,97,21
12224.75,0,110,16
30000,0,84,22
6614.21,0,118,21
19446.64,0,116,28
18986.49,0,121,13
10925.35,0,73,21
9792.26,0,95,17
8640.5,1,68,27
14651.29,0,115,14
14682.67,0,72,26
12768.63,0,72,14
19062.35,0,136,13
13332.11,0,78,26
17531.11,0,137,17
16539.96,0,72,18
18385.62,0,70,21
11781.35,0,122,20
16630.44,0,106,14
11728.54,0,97,26
20839.6,0,113,21
16753.38,0,113,17
19663.56,0,79,6
5922.54,0,110,22
18324.63,0,70,13
15872.11,0,128,26
11833.88,0,65,17
14168.61,0,119,25
11561.34,0,118,20
9216.1,0,77,21
13855.93,0,111,12
19275.86,0,120,13
16027.25,0,122,15
20415.06,0,85,12
19736.16,0,89,24
13932.3,0,89,15
7164.5,0,93,19
21067.57,0,102,18
11305.68,0,95,21
13379.93,0,70,16
13200,0,85,18
6614.65,0,120,17
12133.98,0,94,21
16147.78,0,94,25
22123.87,0,89,33
15510.12,0,118,19
12263.27,0,112,15
14657.25,0,112,15
16292.57,0,43,27
15607.96,0,112,23
11965.41,0,110,28
16997.44,0,79,25
16064.03,0,104,12
18428.76,0,85,26
14950.57,0,151,15
20698.03,0,106,11
19442.34,0,89,19
21346.73,0,125,16
13420.65,0,99,23
18704.05,0,94,25
13809.08,0,92,18
16755.05,0,88,23
24665.78,0,90,16
14706.73,0,92,13
15714.26,0,141,17
17836.95,0,89,17
18009.27,0,97,23
14799.22,0,47,17
14846.2,0,95,18
8356.59,1,118,19
16637.94,0,147,21
9542.32,0,84,18
19818.26,0,106,22
14072.59,0,105,17
12559.72,0,88,16
19210.56,0,126,20
14333.94,0,78,17
9122.49,0,67,15
6359.6,0,93,25
20396.26,0,67,21
20780.69,0,99,19
15548.3,0,107,10
12266.08,0,92,20
20558.22,0,128,21
10642.72,0,111,21
10037.98,1,102,18
11827.12,0,137,23
16996.75,0,137,25
15296.62,0,145,22
21949.75,0,63,14
10853.99,0,97,22
12793.96,0,118,23
19741.73,0,100,28
10303.51,0,97,23
15199.07,0,128,18
10811.83,0,111,25
22617.97,0,93,26
10492.55,0,108,18
11522.21,0,111,23
8858.75,0,78,16
13696.18,0,61,25
15401.96,0,96,11
15398.51,0,110,28
19388.23,0,126,18
8153.03,0,94,26
12511.09,0,91,19
6541.51,0,66,22
16330.07,0,87,29
14381.72,0,115,19
13707.27,0,82,16
14949.21,0,91,21
6500.71,0,101,19
10199.19,0,56,20
10212.61,0,82,23
17930.14,0,110,24
12567.11,0,100,20
15107.98,0,89,19
16063.74,0,100,20
12934.89,0,140,22
20594.35,0,110,19
21754.45,0,135,21
7831.99,1,86,19
24063.55,0,105,21
19448.62,0,81,18
10257.75,0,127,21
26121.08,0,90,15
12491.63,0,94,19
18411.74,0,87,25
11338.73,0,105,26
9586.38,0,103,11
14202.66,0,93,14
21548.17,0,118,11
19375.74,0,98,17
18285.65,0,78,20
14283.53,0,88,19
12163.03,0,103,16
15210.1,0,89,22
14028.28,0,103,18
8847.25,1,97,19
18123.49,0,80,24
20911.13,0,81,17
19147.35,0,79,16
6963.94,0,110,26
17352.39,0,80,8
16050.23,0,115,19
18982.73,0,127,22
20756.67,0,113,14
16862.68,0,119,11
26652.01,0,132,20
6778.88,1,87,18
17712.33,0,91,16
10003.69,1,90,21
11568.57,0,101,21
17376.68,0,119,16
14543.43,0,101,24
22015.95,0,108,19
26346.56,0,99,22
15503.18,0,72,17
7915.66,1,85,22
16015.46,0,66,24
14495.99,0,121,18
13553.98,0,77,22
20864.2,0,84,28
17431.1,0,121,11
14424.36,0,93,17
13375.34,0,98,18
10341.09,0,91,9
6382.63,0,76,19
16276.22,0,90,21
18290.33,0,111,29
16388.31,0,112,18
9880.8,0,98,26
9077.47,1,120,20
15105.91,0,85,30
11906.54,0,87,20
19913.22,0,102,16
15517.01,0,100,18
18060.02,0,79,23
9270.87,0,114,19
14221,0,71,25
8172.63,1,91,13
8958.29,0,74,12
14242.15,0,78,28
15144.15,0,55,13
28267.18,0,107,19
11416.85,0,119,13
10775.51,1,107,22
17219.86,0,96,24
15870.51,0,119,20
10129.56,1,116,20
14579.49,0,84,19
12876.77,0,141,18
14362.75,0,116,26
11055.93,0,107,24
17295.19,0,98,27
8457.06,0,100,17
16221.06,0,127,28
19139.28,0,111,23
14154.82,0,91,20
13026.37,0,139,20
15965.5,0,93,11
16044.17,0,109,20
12672.45,0,87,19
13956.35,0,113,21
11213.24,1,107,9
9027.12,1,100,24
14527.51,0,103,17
14212.7,0.5,84,17
18032.95,0,100,26
10126.29,1,73,12
15340.99,0,89,11
21296.25,0,73,21
3579.58,0,95,27
8337.09,1,86,15
21029.51,0,107,27
12427.03,0,95,5
15555.22,0,101,19
16512.68,0,101,28
10209.79,0,127,16
11601.77,0,123,16
22820.44,0,109,23
19798.34,0,127,22
11631.6,0,89,26
14914.21,0,81,20
8770.79,0,125,24
12236.15,0,79,12
11437.32,1,102,19
20647.54,0,86,13
9806.63,1,80,25
19873.72,0,134,23
18698.82,0,71,18
19850.29,0,119,25
11852.52,0,66,21
18887.03,0,108,24
16562.07,0.5,135,20
18717.31,0,50,15
10581.76,0,125,18
13783.77,0,115,18
19075.85,0,117,28
11481.65,0,104,24
24924.78,0,121,17
13625.63,0,100,23
13004.82,0,109,22
13497.54,0,121,10
6079.81,0,78,26
11334.83,0,101,22
12019.46,0,90,21
17792.18,0,101,8
10206.01,0,113,26
16089.39,0,123,19
9810.28,0,128,20
15168.8,0,111,24
9046.9,0,76,16
15613.3,0,119,26
10243.87,0,129,24
9080.34,1,132,15
17119.29,0,111,19
2981.93,0,85,17
13070.66,0,80,19
7987.32,0,125,17
19504.84,0,110,22
19221.57,0,69,23
17962.66,0,94,26
15518.01,0,75,18
8516.18,1,120,20
15705.22,0,115,25
13886.03,1,120,13
10411.26,0,149,15
9575.25,0.5,126,18
18252.1,0,140,22
21091.68,0,91,20
11635.36,0,107,24
8721.35,0,71,11
13960.94,0,98,20
8254.46,1,99,15
14959.89,0,101,17
15902.61,0,116,21
6687.08,0,119,22
13246.03,0,118,22
21699.48,0,109,12
15718.11,0,102,11
27359.6,0,67,25
8153.61,0,83,22
18137.73,0,85,15
15112.96,0,109,20
14358.75,0,89,16
9241.31,0,112,17
19651.98,0,110,18
11646.09,0,76,19
13891.97,0,92,25
17938.38,0,116,15
15766.04,0,86,20
2402.4,0,91,17
17697.85,0,116,19
23053.72,0,89,30
22623.57,0,109,24
10919.69,0,74,20
19725.08,0,124,29
8825.56,0,95,20
8875.06,0,93,26
11722.88,0,125,19
18499.12,0,102,30
14896.76,0,94,22
14788.79,0,78,12
18721.73,0,117,11
9283.15,0,70,14
9970.72,0,107,22
6623.62,0,95,17
14814.6,0,101,19
17771.93,0,89,19
9007.12,1,48,20
7189.88,0,85,18
5509.76,0,91,19
12657.38,0,98,22
14246.22,0,119,12
12936.5,0,78,14
19614.1,0,113,21
20704.25,0,104,23
13268.98,0,106,22
16491.04,0,128,21
20085.96,0,75,19
18290.01,0,106,22
6613.41,1,80,16
15593.84,0,61,22
22591.14,0,79,19
14849.78,0,30,22
17394.26,0,125,19
9625.17,1,148,21
16906.42,0,110,25
18712.68,0,87,18
19431.93,0,109,23
9215.67,0,91,13
15458.92,0,79,18
17210.61,0,113,27
18500.65,0,111,23
23186.46,0,129,23
10947.45,0,114,20
12766.17,0,113,19
20154.77,0,138,19
9341.24,0,98,21
18364.15,0,107,13
14988.06,0,87,17
9717.24,0,74,10
18971.35,0,77,22
11247.02,0,91,25
11507,0,126,13
13283.22,0,116,12
18926.82,0,105,33
18836.52,0,96,16
2265.37,0,111,15
12465.07,0,119,24
26944.22,0,98,19
9279.7,1,128,12
21584.13,0,106,14
8913.08,0,75,18
16075.54,0,86,19
11284.47,0,124,18
19708.03,0,102,26
8423.05,0,74,23
18547.48,0,131,23
12785.69,0,138,22
17664.89,0,154,21
8520.18,0,87,14
12768.23,0,73,17
16097.03,0,120,14
7846.05,0,92,28
11727.05,0,109,15
18094.36,0,99,30
28864.5,0,115,21
15331.45,0.5,105,21
17560.27,0,135,27
3722.92,0,83,23
8651.21,1,84,14
7303.12,1,104,20
16659.62,0.5,103,25
21287.72,0,81,28
28364.27,0,74,25
15547.48,0,104,16
8927.79,0,80,31
12969.64,0,94,23
20428.51,0,78,22
14188.58,0,100,7
0,0,44,12
17457.1,0,63,15
5797.72,1,85,16
14076.74,0,75,24
16519.55,0,90,22
19306.19,0,78,16
12300.04,0,51,25
19490.6,0,93,32
16711,0,110,22
17911.88,0,107,19
16499.88,0,74,21
22033.77,0,57,25
17658.99,0,98,11
8019.11,1,112,15
5317.44,1,96,22
18958.57,0,115,15
17569.62,0,72,15
19435.73,0,107,20
15393.87,0,82,25
13947.52,0,126,16
11635.95,0,128,25
12829.83,0,77,24
19283.51,0,102,22
14514.44,0,108,30
8072.29,0,113,27
13560.53,0,101,13
9883.05,0,76,18
28049.13,0,98,16
14339.53,0,122,21
2731.17,0,76,12
9510.98,1,113,17
9010.62,0,102,21
19535.72,0,104,21
19711.58,0,83,23
11026.24,0,109,24
7519.13,0,130,17
23429.96,0,125,24
7124.34,0,60,24
25045.1,0,110,19
6464.95,0,124,22
18960.25,0,119,21
20668.85,0,91,20
9109.51,0,98,19
22040.59,0.5,96,18
6466.16,0,132,25
16781.72,0,69,17
8111.63,0,99,15
16397.84,0,88,13
8590.1,1,98,17
8312.56,1,116,20
8852.03,0,87,23
14471.4,0,120,23
16528.64,0,93,16
6322.44,0,108,13
7096.42,1,90,21
14746.96,0,124,24
9817.21,1,83,15
21071.22,0,74,20
15502.07,0,109,14
7757.78,1,98,18
12113.37,0,107,16
10336.73,0,98,13
5974.07,0,115,30
22765.13,0,90,15
18213.03,0,61,24
11041.2,0,88,8
17264.53,0,116,14
5238.43,1,135,15
17029.03,0,146,14
23669.05,0,105,31
3619.5,0,102,18
16006.5,0,73,25
6785.18,1,112,23
16991.68,0,66,22
19762.58,0,148,21
16532.83,0,89,20
13072.52,0,134,27
15562.38,0,113,22
8717.15,1,85,30
6129.12,0,101,18
11464.73,1,96,16
12723.31,0,115,17
15452.06,0,95,23
26353.79,0,89,15
16509.65,0,116,21
10402.65,0,83,19
15335.5,0,106,25
17963.89,0,84,25
12492.45,0,132,25
20726.89,0,100,19
19902.65,0,101,17
17496.96,0,84,18
9848.93,0,101,24
11364.41,0,147,14
16917.34,0,100,15
7124.07,0,64,27
17943.33,0,107,27
16785.82,0,94,20
6671.01,0,146,27
14654.58,0,75,20
22857.76,0,106,17
7196.44,0,122,13
6978.11,0,99,28
9045.84,0,97,19
54.54,0,98,24
8308.29,1,94,16
14461.93,0,94,26
11265.57,0,76,23
6668.83,0,70,9
11460.05,0,87,12
22411.77,0,85,27
17342.21,0,117,23
14016.12,0,119,21
16898.44,0,65,32
20894.1,0,123,23
11127.32,0,84,17
14152.96,0,80,26
30000,0,99,29
4759.15,0,138,20
8000.82,0,71,13
15636.35,0,101,9
16159.37,0,100,23
14188.16,0,145,24
16893.59,0,132,22
13861.47,0,69,22
7956.39,1,125,18
19415.13,0,115,16
12160.28,1,82,23
11606.84,0,77,12
12522.01,0,83,21
12129.85,0,76,23
19381.58,0,115,24
22979.09,0,100,24
18736.94,0,82,25
13972.13,0,71,23
23821.02,0,124,16
11496.27,0,95,18
11588.79,0,97,23
9339.8,1,116,16
17552.4,0,104,16
8618.33,0,73,20
0,0,72,26
12070.86,0,100,14
13343.91,0,101,23
22179.18,0,90,19
15449.35,0,70,27
19234.96,0,52,15
19987.47,0,105,23
16169.71,0,89,16
17523.82,0,111,17
19513.5,0,58,18
8979.62,0,83,18
23319.71,0,91,19
10760.58,1,108,25
15391.89,0,103,27
8269.29,0,129,8
16698.01,0,88,12
10276.43,1,74,22
21507.69,0,112,17
16150.41,0,72,21
15415.3,0,100,16
2448.2,0,77,21
18564.84,0,72,23
16989.7,0,68,21
11350.86,0,99,20
17706.85,0,122,19
11955.81,0,106,21
12994.6,0,102,23
16632.76,0,115,20
10300.93,0,102,17
11815.54,0,85,25
14156.35,0,77,30
11210.11,0,84,17
9365.82,0,109,12
14341.5,0,107,16
6987.47,0,108,17
20668.01,0,112,13
16969.64,0,69,23
15096.06,0,95,14
14448.19,0,108,18
14196.43,0,126,17
22756.82,0,112,24
6831.16,0,83,18
19810.8,0,106,14
12080.47,1,90,27
19332.83,0,138,21
11130.83,1,113,20
3234.93,0,100,30
19437.57,0,106,17
13312.21,0,105,27
14077.19,0,113,19
11282.84,1,97,22
18798.7,0,76,16
16166.68,0,97,30
19843.97,0,89,25
11892.16,0,111,21
21121.69,0,66,22
18346.9,0,158,19
15827.6,0,86,12
15380.8,0,85,16
11761.29,0,99,18
16611.68,0,108,19
13866.64,0,87,21
5161.32,0,106,24
9547.63,1,111,22
9946.92,0,115,18
5942.28,0,124,25
16562.82,0,93,20
15947.66,0,98,19
9180.29,1,73,26
19989.65,0,165,19
20228.36,0,83,18
12033.7,0,92,23
15550.78,0,97,23
10663.55,1,127,10
12077.43,0,104,17
12124.03,0,100,19
13801.24,0,64,24
14521,0,124,18
5741.27,1,94,29
20324.35,0,98,30
18674.09,0,116,22
20427.3,0,122,28
12913.4,0,103,20
23150.76,0,122,22
11084.36,0,137,25
19615.3,0,74,27
12167.28,0,66,25
12039.23,0,104,22
4192.73,0,103,27
11886.86,1,96,28
13819.73,0,117,12
15377.23,0,93,15
12076.15,0,97,15
4709.12,0,82,25
13997.07,0,136,10
12225.09,0,115,13
6066.7,0,129,14
21234.69,0,106,20
11183.37,0,119,28
17947.09,0,80,16
15986.79,0,96,15
5457.72,0,78,19
16570.21,0,74,3
16093.75,0,82,24
13679.52,0,88,19
13478.8,1,93,6
19110.77,0,104,21
14609.67,0,121,20
22798.17,0,89,20
19482.86,0,93,20
15300.26,0,129,25
21634.93,0,112,17
21047.85,0,143,12
13373.51,0,92,31
12081.95,0,145,19
9943.32,1,73,23
13194.56,0,108,18
15944.77,0,121,20
5956.44,1,87,15
24990.86,0,83,17
15933.01,0,120,14
12353.98,0,101,26
7505.91,1,78,27
6543.19,0,67,17
10158.26,0,111,18
17921.37,0,96,20
8826.03,0,116,29
16576.81,0,132,21
7374.44,0,83,18
15115.92,0,95,16
13787.4,0,77,23
18024.96,0.5,117,13
7751.12,1,140,20
11881.89,0,93,20
19057.78,0,141,18
4947.84,0,110,27
10091.9,0,107,28
14425.18,0,96,21
10964.42,0,77,21
17243.56,0,100,12
13735.11,0,107,22
23100.45,0,141,15
13244.54,0,146,18
9462.43,0,54,26
17320.53,0,132,18
11956.81,0,94,27
18797.58,0,107,10
15875.49,0,70,21
9689.96,0,121,20
13966.89,0,113,15
17483.67,0,112,22
13784.72,0,103,19
8000.11,0,109,25
18622.96,0,97,21
13852.85,0,118,22
20652.45,0,90,18
8565.03,0,70,14
22708.68,0,95,22
7351.18,0,104,17
8250.85,0,91,28
16048.88,0,91,22
11695.61,0,46,21
11723.18,0,100,23
17511.62,0,101,19
13915.2,0,107,12
11161.64,0,87,23
19504.41,0,91,13
14098.17,0,105,26
18823.04,0,95,25
24594.61,0,91,9
18139.21,0,78,12
17121.49,0,113,23
5375.39,1,88,16
16671.54,0,89,31
9423.45,1,112,23
10799.33,0,86,23
12892.5,0,84,25
18393.02,0,110,23
14717.25,0,99,30
10229.79,0,97,20
12810.92,0,120,23
13441.3,1,119,11
17607.22,0,80,26
10785.9,0,87,19
8046.34,1,87,23
12638.48,0,107,14
15445.74,0,99,24
16208.14,0,85,24
6257.01,0,108,18
12774.8,0,85,17
10834.19,0,115,29
10461.13,0,74,22
12187.29,0,114,16
10050.47,0,123,23
9789.03,0,94,14
14917.48,0,139,20
10366.42,0,82,12
12189.38,0,75,18
15318.71,0,82,12
13865.86,0,107,15
20506.73,0,110,28
9883.92,0,126,30
9545.28,1,92,19
10616.6,0,127,23
16970.09,0,95,16
16926.75,0,93,21
5744.92,0,98,14
17777.67,0,70,27
17772.21,0,101,17
24133.98,0,91,21
14231,0,96,23
20998.08,0,100,14
17992.45,0,148,23
20047.29,0,104,25
25826.92,0,137,12
16427.54,0,110,31
6352.07,1,109,16
11816.48,0,88,22
12979.72,0,113,18
12640.56,0,72,18
21888.59,0,41,18
4705.85,0,87,27
7931.34,0,80,22
18640.25,0,73,25
21495.92,0,128,28
12302.81,0,109,27
14752.08,0,110,8
19789.27,0,81,22
19277.4,0,114,24
17670.19,0,82,11
19210.88,0,113,12
19226.85,0,108,21
21241.08,0,109,20
14374.98,0,112,10
16997.47,0,101,15
21773.09,0,101,18
17072.88,0,79,22
17725.04,0,101,17
16335.92,0,153,24
18850.06,0,75,24
10612.38,1,73,25
14053.81,0,99,16
13575.55,0,82,25
20905.81,0,77,24
9636.37,0,130,23
18256.02,0,97,31
22368.08,0,70,17
11154.98,0,59,9
13999.7,0,113,19
3221.11,0,101,20
15682.56,0,106,19
18044.75,0,98,15
22842.66,0,102,25
8612.13,0,90,31
14996.7,0,85,17
12287.12,1,94,25
18374.17,0,79,23
15830.03,0,113,20
16491.18,0,107,20
2830.45,0,105,16
14068.9,0,69,12
5854.79,0,87,21
16479.18,0,120,24
15611.49,0,92,21
11565.73,0,114,18
23439.8,0,82,22
23242.6,0,104,13
10830.2,0,106,25
13752,0,116,23
22586.05,0,105,20
6602.42,1,106,23
9280.79,0,108,11
15393.69,0,117,12
12393.01,0,76,24
20900.63,0,98,22
9695.82,0,91,19
10132.89,0,126,22
17336.59,0,110,18
24021.37,0,127,16
26083.93,0,95,15
19021.53,0,61,21
17732.38,0,90,21
7323.34,0,111,22
18442.19,0,118,19
13796.45,0,92,21
12155.87,0,76,22
18541.14,0,101,19
15277.07,0,82,29
7661.3,0,86,14
10260.69,1,121,27
23216.62,0,62,19
16524.4,0,106,25
8162.23,1,80,16
19126.49,0,87,16
8886.66,1,111,20
22571.96,0,116,23
21111.59,0,104,8
14600.81,0,133,17
4413.04,1,68,21
12219.2,0,95,21
15585.5,0,137,23
12097.8,0,100,18
22855.36,0,124,21
13334.48,0,121,21
16626.78,0.5,143,20
7417.93,0,87,21
4535.35,0,117,22
12377.33,0,106,22
12772.85,0,97,26
23001.35,0,82,20
12505.68,0,98,29
26327.97,0,88,27
17761.87,0,127,15
15702.96,0,90,21
9283.43,0,74,19
13911.97,0,104,25
14486.98,0,88,22
13705.55,1,80,18
8293.76,0,97,22
20124.74,0,88,29
12260.66,0,115,31
14835.47,0,82,28
14729.81,0,108,29
20091.93,0,77,18
18323.81,0,72,21
24096.55,0,81,25
14750.21,0,74,14
19641.95,0,98,18
17313.09,0,81,24
10607.68,0,97,23
10942.18,0,127,20
14176.36,0,80,27
10408.57,0,105,26
9611.23,0,100,28
10695.06,0,75,13
8221.95,1,89,15
6085.07,0,83,22
12190.81,0,89,26
8304.18,0,105,24
7022.12,0,111,20
11251.63,0,93,21
10397.85,0,97,18
18964.86,0,72,9
7632.53,1,124,22
23878.75,0,88,24
16581.78,0,126,21
5901.68,0,126,16
9308.29,0,108,19
7251.36,0,106,23
20905.03,0,110,22
18454.59,0,117,28
15185.83,0,85,22
15202.83,0,125,16
19878.71,0,112,16
7795.57,1,117,22
18630.65,0,87,28
16787.99,0,106,7
11962.95,0,97,23
15153.3,0,104,23
11833.53,0,123,25
20979.97,0,78,10
14998.81,0,117,26
14496.47,0,118,21
11614.07,0,63,14
18338.58,0,111,23
22024.66,0,127,21
10947.78,0,108,17
16758.56,0,104,24
14781.23,0,100,18
12766.85,0,93,17
17698.71,0,127,14
20781.97,0,84,12
14285.39,0,146,20
13238.04,0,104,21
20921.01,0,102,22
22247.29,0,90,19
19928.57,0,112,21
10538.57,0,75,22
12041.35,0,123,23
8528.56,0,86,21
3254.5,0,122,23
13843.58,0,76,25
17325.02,0,85,19
14366.15,0,66,14
16420.76,0,103,18
9928.81,0,127,36
26022.96,0,104,22
13348.15,0,121,26
21894.91,0,85,18
18641.36,0,73,15
8741.36,0,100,25
15404.92,0,116,18
11306.23,0,91,15
7298.13,1,90,28
16457.84,0,68,16
20700.26,0,103,9
17161,0,113,26
8853.07,0,91,14
19766.11,0,132,26
9313.5,0,105,19
16905.6,0,98,17
14746.21,0,117,23
6110.51,0,83,18
15246.65,0,94,13
11755.22,0,75,24
20345.56,0,105,20
14143.59,0,129,14
15967.48,0,95,13
16268.12,0,66,17
17993.2,0,129,18
8527.74,1,93,27
5608.59,1,122,17
11741.72,0,125,17
7015.74,0,110,26
11582.97,0,94,16
9975.27,0,103,15
17049.09,0,109,19
21449.7,0,72,17
11028.51,0,111,18
9535.47,1,74,23
11758.5,0,94,19
23635.8,0,88,17
11111.39,0,72,21
19933.51,0,140,20
13768.75,0,135,19
18950.29,0,108,23
11004.13,0,94,16
16277.75,0.5,129,25
23409.64,0,72,14
5962.11,0,98,27
20388.93,0,118,17
20399.21,0,87,23
14093.34,0,85,26
19339.04,0,103,19
20312.32,0.5,76,18
17245.13,0,75,19
15381.05,0,117,14
13991.48,0,92,22
23565.01,0,111,3
17304.95,0,54,27
23876.16,0,119,16
15864.16,0,162,21
21313.92,0,98,33
8462.79,0,91,14
19502.22,0,92,19
14710.55,0,104,19
18083.25,0,110,16
13025.93,0,85,16
13321.69,0,100,21
19825.1,0,99,19
14797.59,0,118,20
14336.71,0,115,17
11998.95,0,91,33
10537.48,1,89,19
14453.56,0,120,23
18138.79,0,112,24
7538.69,0,84,26
16214.73,0,123,22
15508.68,0,103,15
18621.28,0,90,10
19263.73,0,137,9
20963.94,0,97,28
16852.05,0,94,7
18153.13,0,80,23
12158.72,0.5,90,15
14032.65,0,90,35
5192.58,0,101,15
12747.41,0,86,13
7543.44,0,107,29
13365.84,0,110,24
18762.85,0,115,11
14937.54,0,80,21
11973.31,0,93,16
19078.57,0,60,20
13844.48,0,80,30
21238.57,0,97,21
6206.13,0,85,24
11491.22,0,114,15
12235.21,0,106,13
10007.85,0,142,30
12335.81,0,98,22
13492.11,0,129,14
19889.15,0,78,19
9430.12,0,92,16
8445.85,0,132,20
10362.01,1,140,13
12585.75,0,101,24
17642.09,0,92,14
20797.04,0,81,15
2859.22,0,108,29
17289.44,0,95,15
15187.14,0,75,19
17548.62,0,108,18
13215.23,0,114,16
17364.36,0,91,35
24112.77,0,100,18
12290.63,0,119,23
19996.84,0,97,16
11781.41,0,148,21
24808.91,0,111,16
9603.54,1,77,20
14140.13,0,100,23
6437.68,1,101,17
19798.36,0,84,15
12088.5,0,119,24
15639.27,0,131,22
16483.82,0,104,15
7719.12,0.5,94,24
20929.2,0,73,18
13350.41,0,95,21
8568.85,0,89,25
19105.75,0.5,122,18
10577.13,0,103,18
12566.82,0,114,23
18763.23,0,105,24
16577.05,0,106,24
12301.65,0,92,21
30000,0,109,19
24051.42,0,127,20
14569.57,0,74,15
16211.48,0,103,12
20076.58,0,125,22
10291.23,0,126,19
15907.49,0,85,22
17857.82,0,98,13
9808.2,0,88,18
27203.91,0,91,13
12660.89,0,124,19
13138.97,0,69,22
8435.64,0,150,19
16420.4,0,104,16
17025.49,0,93,16
14359.8,0,123,9
18163.87,0,117,25
13604.46,0,107,25
15127.18,0,94,27
9692.51,0,114,28
11006.31,0,95,27
12628.48,0,82,13
21895.84,0,93,24
16402.77,0,119,31
21399.11,0,85,23
7830.22,0,102,32
16372.18,0,109,11
8247.12,1,80,15
14812.9,0,120,19
14985.72,0,77,28
11869.15,0,110,17
5917.12,0,99,24
11135.02,0,87,22
13518.83,0,80,22
14677.22,0,68,17
11847.86,0,80,14
20871.64,0,80,20
20617.53,0,84,14
9500.23,1,112,24
16382.76,0,147,24
13152.32,0,114,22
16798.89,0,87,25
14070.83,0,104,25
20326.4,0,99,25
8719.58,1,108,15
7852.59,0,93,23
20379.97,0,113,24
21569,0,111,19
0,0,96,8
9948.6,0,129,28
5077.92,0,96,32
13391.26,0,93,19
12679.06,0,91,21
9521.54,1,98,34
12316.9,0,102,12
11521.75,0,62,20
16731.26,0,137,28
4905.2,0.5,90,20
15812.97,0,132,6
27418.15,0,96,18
14383.53,0,104,23
12921.91,0,112,20
12191.02,0,114,20
16269.46,0,100,27
14152.7,0,88,19
22979.82,0,129,30
18052.96,0,115,25
13990.89,0,109,13
11563.16,0,98,25
5253.38,1,101,20
16255.2,0,86,24
12706.24,0,115,19
14211.29,0,132,15
12291.08,0,127,15
15652.11,0,106,16
12352.55,0,114,27
8280.5,1,85,22
16919.62,0,88,26
14642.57,0,116,22
8385.05,0,108,13
24655.31,0,85,9
11886.65,0,106,27
11707.46,0,93,24
20950.6,0,97,21
16877.39,0,115,16
15122.09,0,124,17
19449.46,0,110,25
12871.66,0,88,29
12888.54,0,106,25
19388.32,0,113,22
11588.29,0,87,17
16749.26,0,112,22
20914.95,0,151,13
17655.37,0,93,24
26110.96,0,61,11
7452.71,1,127,18
8353.93,0,90,30
5440.72,1,75,18
16453.1,0,95,12
9169.88,0,95,15
15206.04,0,100,19
16144.6,0,93,12
11253.01,0,96,15
8257.92,1,104,18
7772.84,0,89,19
17223.15,0,93,28
24327.87,0,68,16
15213.49,0,124,8
18547.25,0,114,21
9438.3,1,127,14
13347.85,0,112,16
17691.36,0,133,19
10733.24,0,115,31
16316.88,0,125,30
22589.65,0,131,28
21016.53,0,76,22
14662.3,0,98,18
19656.94,0,134,21
11542.91,0,114,17
17608.69,0,122,16
13809.58,0,81,21
10015.85,0,100,22
23276.16,0,108,16
24459.82,0,97,26
12199.13,0,84,21
16925.05,0,102,27
8206.6,0,86,23
13100.56,0,99,18
14403.47,0,56,23
14786.87,0,140,20
14114.72,0,121,20
8333.99,1,67,21
18188.96,0,70,22
15060.36,0,82,20
11164.14,0,89,5
16076.27,0,137,13
16033.75,0,111,27
16096.95,0,66,27
14606.92,0,102,15
15166.23,0,104,18
7365.21,0,60,19
19070.86,0,109,16
10380.13,1,118,23
9084.45,0,128,27
12424.76,1,125,25
5919.46,0,76,20
20697.51,0,104,17
11092.03,0,78,14
19464.2,0,92,24
12189.33,0,107,16
12674.18,0,100,12
14544.64,0,134,17
20607.38,0,137,15
15099.19,0,88,25
22293.75,0,89,13
14380.31,0,92,21
7994.07,1,123,18
7312.56,1,72,25
11698.34,0,73,14
13994.21,0,82,19
11112.87,0,56,22
16005.42,0,121,21
14632.3,0,111,22
20368.37,0,102,26
15431.97,0,67,22
5271.52,0,104,24
4041.55,0,92,19
11792.13,0,108,21
11811.96,0,101,18
14079.53,0,94,19
18733.35,0,104,26
6345.96,1,113,19
20917.15,0,86,20
23321.1,0,112,17
7650.85,0,103,17
20775.82,0,102,21
6354.6,0,79,25
17186.44,0,117,22
21631.41,0,85,21
10588.39,0,130,20
9389.75,0,60,21
10188.86,0,109,25
14060.48,0,107,19
10208.13,0,98,20
18311.23,0,86,17
25610.57,0,94,20
15936.28,0,85,15
17195.11,0,87,21
10230.22,0.5,70,28
11323.88,0,130,10
19530.2,0,96,21
16965.71,0,108,15
14194.91,0,143,19
23354.06,0,102,22
17707.52,0,117,25
17938.59,0,135,17
12080.37,0,87,17
13676.76,0,93,21
5141.69,0,102,31
14738.69,0,119,15
14638.26,0,103,24
14902.56,0,144,12
15357.35,0,76,14
18894.64,0,105,31
11462.32,0,122,27
7541.61,0,117,32
10767.54,0,101,26
15996.89,0,88,22
18505.25,0,82,23
17431.1,0,94,24
15804.19,0,78,6
13746.6,0,111,27
17469.22,0,98,23
15123.21,0,65,14
21796.09,0,123,22
9926.23,0,141,23
18866.18,0,118,21
14387.67,0,114,16
10927.46,0,127,21
8429.73,0,123,19
15122.22,0,131,23
14392.29,0,123,22
10549.84,1,135,25
18685.95,0,73,18
17800.9,0,96,23
6810.9,1,96,20
15314.33,0,106,28
18697.19,0,105,25
19658.28,0,114,15
14533.1,0,93,11
17683.1,0,109,28
9146.29,1,119,16
14887.08,0,99,23
6992.6,0,82,18
12326.55,1,129,22
13536.24,0,106,22
22110.08,0,137,29
21776.6,0,91,26
11991.8,0,70,17
16980.43,0,90,20
14533.98,0,93,16
7624.34,0,94,14
10628.77,0,90,19
16481.23,0,92,22
21447.01,0,131,32
18382.87,0,139,18
17946.94,0,68,20
15160.36,0,96,17
15853.41,0,101,26
20404.13,0,94,17
19549.95,0,94,15
9315.29,0,59,26
9684.74,1,95,21
21820.29,0,137,15
21882.62,0,135,14
14529.96,0,105,23
10568.8,0,100,19
8173.1,0,84,22
14595.76,0,100,21
16313.14,0,117,16
17961.42,0,97,19
18081.83,0,132,23
17446.95,0,77,16
13993.48,0,126,26
9891.97,0,107,14
5342.92,0,104,9
6651.94,0,104,24
11078.77,0,133,17
13475.81,0,128,18
15044.71,0,118,26
9073.83,0,123,19
19725.85,0,125,20
6727.49,1,94,23
15874.8,0,110,34
14743.16,0,94,15
13786.34,0,113,22
17337.55,0,85,25
2791.06,0,114,23
5174.33,0,100,27
17648.61,0,124,19
2551.89,0,82,28
20833.27,0,107,29
20442.81,0,71,11
3608.2,0,118,16
18939.2,0,90,20
18586.9,0,88,22
13294.95,0,62,15
21472.58,0,77,22
14006.74,0,108,24
22014.7,0,74,22
10882.49,0,115,21
20536.87,0,77,23
6172.31,0,82,12
24805.18,0,89,13
13896.84,0,86,25
9979.72,0,119,23
12866.82,0,81,20
15035.17,0,114,19
15840.94,0,128,18
16339.15,0,96,21
12463.02,0,97,20
15617.86,0,98,28
